PROBE20BAD gc_no=0 slot=10 val=0x0cbfff30 bd_gen=0 bd_flags=0x0
PROBE20BAD gc_no=0 slot=40 val=0x0cb15ed1 bd_gen=0 bd_flags=0x0
PROBE20 gc_no=0 N=0 major=0 tso=0xccfe570 stk=0xccfeafc sp=0xccfedd4 end=0xccfeeb0 words=55 heap_ptr=23 evacd=21 g0=23 g1=0 other=0 rCurNurs=0xcb01fe0 rCurAlloc=0xcb002e0 rCurTSO=0x0
PROBE21FRAME gc=0 f=0 type=30 slot=0 info=0x92a2830 bitmap_raw=0x00000001 size=1 bits=0x00000000
PROBE21FRAME gc=0 f=1 type=30 slot=2 info=0x9286074 bitmap_raw=0x00000003 size=3 bits=0x00000000
PROBE21FRAME gc=0 f=3 type=30 slot=8 info=0x9286084 bitmap_raw=0x00000042 size=2 bits=0x00000002
PROBE21BAD gc=0 f=3 type=30 slot=10 pay=1 val=0x0cbfff30 is_ptr=0 bd_gen=0 bd_flags=0x0 deref_ok=1 info=0x0cde9169
PROBE21FRAME gc=0 f=4 type=30 slot=11 info=0x9286044 bitmap_raw=0x00000001 size=1 bits=0x00000000
PROBE21FRAME gc=0 f=5 type=30 slot=13 info=0x9285fa0 bitmap_raw=0x00000001 size=1 bits=0x00000000
PROBE21FRAME gc=0 f=6 type=30 slot=15 info=0x91419cc bitmap_raw=0x00000000 size=0 bits=0x00000000
PROBE21FRAME gc=0 f=7 type=30 slot=16 info=0x8f54e2c bitmap_raw=0x00000004 size=4 bits=0x00000000
PROBE21FRAME gc=0 f=9 type=30 slot=23 info=0x92a34d8 bitmap_raw=0x00000000 size=0 bits=0x00000000
PROBE21FRAME gc=0 f=10 type=30 slot=24 info=0x92463f0 bitmap_raw=0x00000001 size=1 bits=0x00000000
PROBE21FRAME gc=0 f=11 type=30 slot=26 info=0x92463f0 bitmap_raw=0x00000001 size=1 bits=0x00000000
PROBE21FRAME gc=0 f=12 type=30 slot=28 info=0x92463f0 bitmap_raw=0x00000001 size=1 bits=0x00000000
PROBE21FRAME gc=0 f=13 type=30 slot=30 info=0x92463f0 bitmap_raw=0x00000001 size=1 bits=0x00000000
PROBE21FRAME gc=0 f=14 type=30 slot=32 info=0x92463f0 bitmap_raw=0x00000001 size=1 bits=0x00000000
PROBE21FRAME gc=0 f=15 type=30 slot=34 info=0x92a27d0 bitmap_raw=0x00000000 size=0 bits=0x00000000
PROBE21FRAME gc=0 f=16 type=34 slot=35 info=0x92a27e8 bitmap_raw=0x00000022 size=2 bits=0x00000001
PROBE21FRAME gc=0 f=17 type=30 slot=38 info=0x9143d50 bitmap_raw=0x00000043 size=3 bits=0x00000002
PROBE21BAD gc=0 f=17 type=30 slot=40 pay=1 val=0x0cb15ed1 is_ptr=0 bd_gen=0 bd_flags=0x0 deref_ok=1 info=0x09141e68
PROBE21FRAME gc=0 f=18 type=30 slot=42 info=0x92a27c4 bitmap_raw=0x00000000 size=0 bits=0x00000000
PROBE21FRAME gc=0 f=19 type=30 slot=43 info=0x92463f0 bitmap_raw=0x00000001 size=1 bits=0x00000000
PROBE21FRAME gc=0 f=20 type=34 slot=45 info=0x92a27e8 bitmap_raw=0x00000022 size=2 bits=0x00000001
PROBE21FRAME gc=0 f=21 type=34 slot=48 info=0x92a27e8 bitmap_raw=0x00000022 size=2 bits=0x00000001
PROBE21FRAME gc=0 f=22 type=34 slot=51 info=0x92a27e8 bitmap_raw=0x00000022 size=2 bits=0x00000001
PROBE21FRAME gc=0 f=23 type=36 slot=54 info=0x92a3148 bitmap_raw=0x00000000 size=0 bits=0x00000000
PROBE20BAD gc_no=1 slot=12 val=0x0cbeb155 bd_gen=0 bd_flags=0x0
PROBE20BAD gc_no=1 slot=19 val=0x0cbeacd2 bd_gen=0 bd_flags=0x0
PROBE20BAD gc_no=1 slot=45 val=0x0cbe9570 bd_gen=0 bd_flags=0x0
PROBE20BAD gc_no=1 slot=64 val=0x0cb51339 bd_gen=0 bd_flags=0x0
PROBE20BAD gc_no=1 slot=75 val=0x0cb15ed1 bd_gen=0 bd_flags=0x0
PROBE20 gc_no=1 N=0 major=0 tso=0xccfd570 stk=0xcde1000 sp=0xcde8e98 end=0xcde9000 words=90 heap_ptr=33 evacd=28 g0=28 g1=5 other=0 rCurNurs=0xcb01fe0 rCurAlloc=0xcb01c80 rCurTSO=0x0
PROBE21SKIP gc=1 f=0 type=32 reason=BCO/FUN_skip slot=0
PROBE20BAD gc_no=2 slot=19 val=0x0cbff22c bd_gen=0 bd_flags=0x0
PROBE20BAD gc_no=2 slot=25 val=0x0cbff28d bd_gen=0 bd_flags=0x0
PROBE20BAD gc_no=2 slot=237 val=0x0cb51339 bd_gen=0 bd_flags=0x0
PROBE20BAD gc_no=2 slot=248 val=0x0cb15ed1 bd_gen=0 bd_flags=0x0
PROBE20 gc_no=2 N=1 major=1 tso=0xcd8a19c stk=0xcde1000 sp=0xcde8be4 end=0xcde9000 words=263 heap_ptr=159 evacd=155 g0=145 g1=14 other=0 rCurNurs=0xcb01fe0 rCurAlloc=0xcb01d80 rCurTSO=0x0
PROBE21FRAME gc=2 f=0 type=30 slot=0 info=0x92a28cc bitmap_raw=0x00000062 size=2 bits=0x00000003
PROBE21FRAME gc=2 f=1 type=30 slot=3 info=0x8cfca14 bitmap_raw=0x000000c3 size=3 bits=0x00000006
PROBE21FRAME gc=2 f=2 type=30 slot=7 info=0x90ca798 bitmap_raw=0x00000000 size=0 bits=0x00000000
PROBE21FRAME gc=2 f=7 type=30 slot=16 info=0x9186438 bitmap_raw=0x00000085 size=5 bits=0x00000004
PROBE21BAD gc=2 f=7 type=30 slot=19 pay=2 val=0x0cbff22c is_ptr=0 bd_gen=0 bd_flags=0x0 deref_ok=1 info=0x0cd86165
PROBE21FRAME gc=2 f=8 type=30 slot=22 info=0x92719c4 bitmap_raw=0x00000083 size=3 bits=0x00000004
PROBE21BAD gc=2 f=8 type=30 slot=25 pay=2 val=0x0cbff28d is_ptr=0 bd_gen=0 bd_flags=0x0 deref_ok=1 info=0x092a204c
PROBE21FRAME gc=2 f=10 type=30 slot=28 info=0x92719b8 bitmap_raw=0x00000003 size=3 bits=0x00000000
PROBE21FRAME gc=2 f=12 type=30 slot=34 info=0x92719b8 bitmap_raw=0x00000003 size=3 bits=0x00000000
PROBE21FRAME gc=2 f=14 type=30 slot=40 info=0x92719b8 bitmap_raw=0x00000003 size=3 bits=0x00000000
PROBE21FRAME gc=2 f=16 type=30 slot=46 info=0x92719b8 bitmap_raw=0x00000003 size=3 bits=0x00000000
PROBE21FRAME gc=2 f=18 type=30 slot=52 info=0x92719b8 bitmap_raw=0x00000003 size=3 bits=0x00000000
PROBE21FRAME gc=2 f=20 type=30 slot=58 info=0x92719b8 bitmap_raw=0x00000003 size=3 bits=0x00000000
PROBE21FRAME gc=2 f=22 type=30 slot=64 info=0x92719b8 bitmap_raw=0x00000003 size=3 bits=0x00000000
PROBE21FRAME gc=2 f=24 type=30 slot=70 info=0x92719b8 bitmap_raw=0x00000003 size=3 bits=0x00000000
PROBE21FRAME gc=2 f=26 type=30 slot=76 info=0x92719b8 bitmap_raw=0x00000003 size=3 bits=0x00000000
PROBE21FRAME gc=2 f=28 type=30 slot=82 info=0x92719b8 bitmap_raw=0x00000003 size=3 bits=0x00000000
PROBE21FRAME gc=2 f=30 type=30 slot=88 info=0x92719b8 bitmap_raw=0x00000003 size=3 bits=0x00000000
PROBE21FRAME gc=2 f=32 type=30 slot=94 info=0x92719b8 bitmap_raw=0x00000003 size=3 bits=0x00000000
PROBE21FRAME gc=2 f=34 type=30 slot=100 info=0x92719b8 bitmap_raw=0x00000003 size=3 bits=0x00000000
PROBE21FRAME gc=2 f=36 type=30 slot=106 info=0x92719b8 bitmap_raw=0x00000003 size=3 bits=0x00000000
PROBE21FRAME gc=2 f=38 type=30 slot=112 info=0x92719b8 bitmap_raw=0x00000003 size=3 bits=0x00000000
PROBE21FRAME gc=2 f=40 type=30 slot=118 info=0x92719b8 bitmap_raw=0x00000003 size=3 bits=0x00000000
PROBE21FRAME gc=2 f=42 type=30 slot=124 info=0x92719b8 bitmap_raw=0x00000003 size=3 bits=0x00000000
PROBE21FRAME gc=2 f=44 type=30 slot=130 info=0x92719b8 bitmap_raw=0x00000003 size=3 bits=0x00000000
PROBE21FRAME gc=2 f=46 type=30 slot=136 info=0x92719b8 bitmap_raw=0x00000003 size=3 bits=0x00000000
PROBE21FRAME gc=2 f=48 type=30 slot=142 info=0x92719b8 bitmap_raw=0x00000003 size=3 bits=0x00000000
PROBE21FRAME gc=2 f=50 type=30 slot=148 info=0x92719b8 bitmap_raw=0x00000003 size=3 bits=0x00000000
PROBE21FRAME gc=2 f=52 type=30 slot=154 info=0x92719b8 bitmap_raw=0x00000003 size=3 bits=0x00000000
PROBE21FRAME gc=2 f=54 type=30 slot=160 info=0x92719b8 bitmap_raw=0x00000003 size=3 bits=0x00000000
PROBE21FRAME gc=2 f=57 type=30 slot=168 info=0x92719b8 bitmap_raw=0x00000003 size=3 bits=0x00000000
PROBE21FRAME gc=2 f=59 type=30 slot=174 info=0x92719b8 bitmap_raw=0x00000003 size=3 bits=0x00000000
PROBE21FRAME gc=2 f=61 type=30 slot=180 info=0x92719b8 bitmap_raw=0x00000003 size=3 bits=0x00000000
PROBE21FRAME gc=2 f=63 type=30 slot=186 info=0x92719b8 bitmap_raw=0x00000003 size=3 bits=0x00000000
PROBE21FRAME gc=2 f=65 type=30 slot=192 info=0x92719b8 bitmap_raw=0x00000003 size=3 bits=0x00000000
PROBE21FRAME gc=2 f=67 type=30 slot=198 info=0x92719b8 bitmap_raw=0x00000003 size=3 bits=0x00000000
PROBE21FRAME gc=2 f=69 type=30 slot=204 info=0x92719b8 bitmap_raw=0x00000003 size=3 bits=0x00000000
PROBE21FRAME gc=2 f=71 type=30 slot=210 info=0x90be4bc bitmap_raw=0x0000000a size=10 bits=0x00000000
PROBE21FRAME gc=2 f=72 type=30 slot=221 info=0x92a34d8 bitmap_raw=0x00000000 size=0 bits=0x00000000
PROBE21FRAME gc=2 f=73 type=30 slot=222 info=0x92463f0 bitmap_raw=0x00000001 size=1 bits=0x00000000
PROBE21FRAME gc=2 f=74 type=30 slot=224 info=0x92463f0 bitmap_raw=0x00000001 size=1 bits=0x00000000
PROBE21FRAME gc=2 f=75 type=30 slot=226 info=0x92463f0 bitmap_raw=0x00000001 size=1 bits=0x00000000
PROBE21FRAME gc=2 f=76 type=34 slot=228 info=0x92a27e8 bitmap_raw=0x00000022 size=2 bits=0x00000001
PROBE21FRAME gc=2 f=77 type=30 slot=231 info=0x92a27d0 bitmap_raw=0x00000000 size=0 bits=0x00000000
PROBE21FRAME gc=2 f=78 type=34 slot=232 info=0x92a27e8 bitmap_raw=0x00000022 size=2 bits=0x00000001
PROBE21FRAME gc=2 f=79 type=30 slot=235 info=0x9143d50 bitmap_raw=0x00000043 size=3 bits=0x00000002
PROBE21BAD gc=2 f=79 type=30 slot=237 pay=1 val=0x0cb51339 is_ptr=0 bd_gen=0 bd_flags=0x0 deref_ok=1 info=0x0cd2a171
PROBE21FRAME gc=2 f=80 type=30 slot=239 info=0x92a27c4 bitmap_raw=0x00000000 size=0 bits=0x00000000
PROBE21FRAME gc=2 f=81 type=30 slot=240 info=0x92463f0 bitmap_raw=0x00000001 size=1 bits=0x00000000
PROBE21FRAME gc=2 f=82 type=30 slot=242 info=0x92a27d0 bitmap_raw=0x00000000 size=0 bits=0x00000000
PROBE21FRAME gc=2 f=83 type=34 slot=243 info=0x92a27e8 bitmap_raw=0x00000022 size=2 bits=0x00000001
PROBE21FRAME gc=2 f=84 type=30 slot=246 info=0x9143d50 bitmap_raw=0x00000043 size=3 bits=0x00000002
PROBE21BAD gc=2 f=84 type=30 slot=248 pay=1 val=0x0cb15ed1 is_ptr=0 bd_gen=0 bd_flags=0x0 deref_ok=1 info=0x0cb15d91
PROBE21FRAME gc=2 f=85 type=30 slot=250 info=0x92a27c4 bitmap_raw=0x00000000 size=0 bits=0x00000000
PROBE21FRAME gc=2 f=86 type=30 slot=251 info=0x92463f0 bitmap_raw=0x00000001 size=1 bits=0x00000000
PROBE21FRAME gc=2 f=87 type=34 slot=253 info=0x92a27e8 bitmap_raw=0x00000022 size=2 bits=0x00000001
PROBE21FRAME gc=2 f=88 type=34 slot=256 info=0x92a27e8 bitmap_raw=0x00000022 size=2 bits=0x00000001
PROBE21FRAME gc=2 f=89 type=34 slot=259 info=0x92a27e8 bitmap_raw=0x00000022 size=2 bits=0x00000001
PROBE21FRAME gc=2 f=90 type=36 slot=262 info=0x92a3148 bitmap_raw=0x00000000 size=0 bits=0x00000000
PROBE20BAD gc_no=3 slot=6 val=0x0cd75800 bd_gen=0 bd_flags=0x0
PROBE20BAD gc_no=3 slot=13 val=0x0cbff2f8 bd_gen=0 bd_flags=0x0
PROBE20BAD gc_no=3 slot=19 val=0x0cbff359 bd_gen=0 bd_flags=0x0
PROBE20BAD gc_no=3 slot=111 val=0x0cb51339 bd_gen=0 bd_flags=0x0
PROBE20BAD gc_no=3 slot=122 val=0x0cb15ed1 bd_gen=0 bd_flags=0x0
PROBE20 gc_no=3 N=0 major=0 tso=0xcd8a19c stk=0xcde1000 sp=0xcde8ddc end=0xcde9000 words=137 heap_ptr=76 evacd=71 g0=10 g1=66 other=0 rCurNurs=0xcb01fe0 rCurAlloc=0xcb019e0 rCurTSO=0x0
PROBE21FRAME gc=3 f=0 type=30 slot=0 info=0x92a28cc bitmap_raw=0x00000062 size=2 bits=0x00000003
PROBE21FRAME gc=3 f=1 type=30 slot=3 info=0x8cfca14 bitmap_raw=0x000000c3 size=3 bits=0x00000006
PROBE21BAD gc=3 f=1 type=30 slot=6 pay=2 val=0x0cd75800 is_ptr=0 bd_gen=0 bd_flags=0x0 deref_ok=0 info=0xdeadbeef
PROBE21FRAME gc=3 f=2 type=30 slot=7 info=0x90ca798 bitmap_raw=0x00000000 size=0 bits=0x00000000
PROBE21FRAME gc=3 f=4 type=30 slot=10 info=0x9186438 bitmap_raw=0x00000085 size=5 bits=0x00000004
PROBE21BAD gc=3 f=4 type=30 slot=13 pay=2 val=0x0cbff2f8 is_ptr=0 bd_gen=0 bd_flags=0x0 deref_ok=1 info=0x0cef7001
PROBE21FRAME gc=3 f=5 type=30 slot=16 info=0x92719c4 bitmap_raw=0x00000083 size=3 bits=0x00000004
PROBE21BAD gc=3 f=5 type=30 slot=19 pay=2 val=0x0cbff359 is_ptr=0 bd_gen=0 bd_flags=0x0 deref_ok=1 info=0x092a204c
PROBE21FRAME gc=3 f=7 type=30 slot=22 info=0x92719b8 bitmap_raw=0x00000003 size=3 bits=0x00000000
PROBE21FRAME gc=3 f=9 type=30 slot=28 info=0x92719b8 bitmap_raw=0x00000003 size=3 bits=0x00000000
PROBE21FRAME gc=3 f=11 type=30 slot=34 info=0x92719b8 bitmap_raw=0x00000003 size=3 bits=0x00000000
PROBE21FRAME gc=3 f=14 type=30 slot=42 info=0x92719b8 bitmap_raw=0x00000003 size=3 bits=0x00000000
PROBE21FRAME gc=3 f=16 type=30 slot=48 info=0x92719b8 bitmap_raw=0x00000003 size=3 bits=0x00000000
PROBE21FRAME gc=3 f=18 type=30 slot=54 info=0x92719b8 bitmap_raw=0x00000003 size=3 bits=0x00000000
PROBE21FRAME gc=3 f=20 type=30 slot=60 info=0x92719b8 bitmap_raw=0x00000003 size=3 bits=0x00000000
PROBE21FRAME gc=3 f=22 type=30 slot=66 info=0x92719b8 bitmap_raw=0x00000003 size=3 bits=0x00000000
PROBE21FRAME gc=3 f=24 type=30 slot=72 info=0x92719b8 bitmap_raw=0x00000003 size=3 bits=0x00000000
PROBE21FRAME gc=3 f=26 type=30 slot=78 info=0x92719b8 bitmap_raw=0x00000003 size=3 bits=0x00000000
PROBE21FRAME gc=3 f=28 type=30 slot=84 info=0x90be4bc bitmap_raw=0x0000000a size=10 bits=0x00000000
PROBE21FRAME gc=3 f=29 type=30 slot=95 info=0x92a34d8 bitmap_raw=0x00000000 size=0 bits=0x00000000
PROBE21FRAME gc=3 f=30 type=30 slot=96 info=0x92463f0 bitmap_raw=0x00000001 size=1 bits=0x00000000
PROBE21FRAME gc=3 f=31 type=30 slot=98 info=0x92463f0 bitmap_raw=0x00000001 size=1 bits=0x00000000
PROBE21FRAME gc=3 f=32 type=30 slot=100 info=0x92463f0 bitmap_raw=0x00000001 size=1 bits=0x00000000
PROBE21FRAME gc=3 f=33 type=34 slot=102 info=0x92a27e8 bitmap_raw=0x00000022 size=2 bits=0x00000001
PROBE21FRAME gc=3 f=34 type=30 slot=105 info=0x92a27d0 bitmap_raw=0x00000000 size=0 bits=0x00000000
PROBE21FRAME gc=3 f=35 type=34 slot=106 info=0x92a27e8 bitmap_raw=0x00000022 size=2 bits=0x00000001
PROBE21FRAME gc=3 f=36 type=30 slot=109 info=0x9143d50 bitmap_raw=0x00000043 size=3 bits=0x00000002
PROBE21BAD gc=3 f=36 type=30 slot=111 pay=1 val=0x0cb51339 is_ptr=0 bd_gen=0 bd_flags=0x0 deref_ok=1 info=0x0ce0438d
PROBE21FRAME gc=3 f=37 type=30 slot=113 info=0x92a27c4 bitmap_raw=0x00000000 size=0 bits=0x00000000
PROBE21FRAME gc=3 f=38 type=30 slot=114 info=0x92463f0 bitmap_raw=0x00000001 size=1 bits=0x00000000
PROBE21FRAME gc=3 f=39 type=30 slot=116 info=0x92a27d0 bitmap_raw=0x00000000 size=0 bits=0x00000000
PROBE21FRAME gc=3 f=40 type=34 slot=117 info=0x92a27e8 bitmap_raw=0x00000022 size=2 bits=0x00000001
PROBE21FRAME gc=3 f=41 type=30 slot=120 info=0x9143d50 bitmap_raw=0x00000043 size=3 bits=0x00000002
PROBE21BAD gc=3 f=41 type=30 slot=122 pay=1 val=0x0cb15ed1 is_ptr=0 bd_gen=0 bd_flags=0x0 deref_ok=1 info=0x092a2e04
PROBE21FRAME gc=3 f=42 type=30 slot=124 info=0x92a27c4 bitmap_raw=0x00000000 size=0 bits=0x00000000
PROBE21FRAME gc=3 f=43 type=30 slot=125 info=0x92463f0 bitmap_raw=0x00000001 size=1 bits=0x00000000
PROBE21FRAME gc=3 f=44 type=34 slot=127 info=0x92a27e8 bitmap_raw=0x00000022 size=2 bits=0x00000001
PROBE21FRAME gc=3 f=45 type=34 slot=130 info=0x92a27e8 bitmap_raw=0x00000022 size=2 bits=0x00000001
PROBE21FRAME gc=3 f=46 type=34 slot=133 info=0x92a27e8 bitmap_raw=0x00000022 size=2 bits=0x00000001
PROBE21FRAME gc=3 f=47 type=36 slot=136 info=0x92a3148 bitmap_raw=0x00000000 size=0 bits=0x00000000
PROBE20BAD gc_no=4 slot=10 val=0x0cbfffe8 bd_gen=0 bd_flags=0x0
PROBE20BAD gc_no=4 slot=12 val=0x0cbfff8c bd_gen=0 bd_flags=0x0
PROBE20BAD gc_no=4 slot=16 val=0x0cbffe11 bd_gen=0 bd_flags=0x0
PROBE20BAD gc_no=4 slot=20 val=0x0cbfffe8 bd_gen=0 bd_flags=0x0
PROBE20BAD gc_no=4 slot=22 val=0x0cbfff8c bd_gen=0 bd_flags=0x0
PROBE20BAD gc_no=4 slot=27 val=0x0cbffe29 bd_gen=0 bd_flags=0x0
PROBE20BAD gc_no=4 slot=30 val=0x0cbfffe8 bd_gen=0 bd_flags=0x0
PROBE20BAD gc_no=4 slot=32 val=0x0cbfff8c bd_gen=0 bd_flags=0x0
PROBE20BAD gc_no=4 slot=37 val=0x0cbffe71 bd_gen=0 bd_flags=0x0
PROBE20BAD gc_no=4 slot=40 val=0x0cbfffe8 bd_gen=0 bd_flags=0x0
PROBE20BAD gc_no=4 slot=42 val=0x0cbfff8c bd_gen=0 bd_flags=0x0
PROBE20BAD gc_no=4 slot=47 val=0x0cbffe89 bd_gen=0 bd_flags=0x0
PROBE20BAD gc_no=4 slot=50 val=0x0cbfffe8 bd_gen=0 bd_flags=0x0
PROBE20BAD gc_no=4 slot=52 val=0x0cbfff8c bd_gen=0 bd_flags=0x0
PROBE20BAD gc_no=4 slot=56 val=0x0cbffea1 bd_gen=0 bd_flags=0x0
PROBE20BAD gc_no=4 slot=60 val=0x0cbfffe8 bd_gen=0 bd_flags=0x0
PROBE20BAD gc_no=4 slot=62 val=0x0cbfff8c bd_gen=0 bd_flags=0x0
PROBE20BAD gc_no=4 slot=67 val=0x0cbffeb9 bd_gen=0 bd_flags=0x0
PROBE20BAD gc_no=4 slot=70 val=0x0cbfffe8 bd_gen=0 bd_flags=0x0
PROBE20BAD gc_no=4 slot=72 val=0x0cbfff8c bd_gen=0 bd_flags=0x0
PROBE20BAD gc_no=4 slot=77 val=0x0cbffed1 bd_gen=0 bd_flags=0x0
PROBE20BAD gc_no=4 slot=80 val=0x0cbfffe8 bd_gen=0 bd_flags=0x0
PROBE20BAD gc_no=4 slot=82 val=0x0cbfff8c bd_gen=0 bd_flags=0x0
PROBE20BAD gc_no=4 slot=87 val=0x0cbffee9 bd_gen=0 bd_flags=0x0
PROBE20BAD gc_no=4 slot=90 val=0x0cbfffe8 bd_gen=0 bd_flags=0x0
PROBE20BAD gc_no=4 slot=92 val=0x0cbfff8c bd_gen=0 bd_flags=0x0
PROBE20BAD gc_no=4 slot=97 val=0x0cbfff01 bd_gen=0 bd_flags=0x0
PROBE20BAD gc_no=4 slot=100 val=0x0cbfffe8 bd_gen=0 bd_flags=0x0
PROBE20BAD gc_no=4 slot=102 val=0x0cbfff8c bd_gen=0 bd_flags=0x0
PROBE20BAD gc_no=4 slot=106 val=0x0cbfff19 bd_gen=0 bd_flags=0x0
PROBE20BAD gc_no=4 slot=110 val=0x0cbfffe8 bd_gen=0 bd_flags=0x0
PROBE20BAD gc_no=4 slot=112 val=0x0cbfff8c bd_gen=0 bd_flags=0x0
PROBE20BAD gc_no=4 slot=117 val=0x0cbfff31 bd_gen=0 bd_flags=0x0
PROBE20BAD gc_no=4 slot=120 val=0x0cbfffe8 bd_gen=0 bd_flags=0x0
PROBE20BAD gc_no=4 slot=122 val=0x0cbfff8c bd_gen=0 bd_flags=0x0
PROBE20BAD gc_no=4 slot=127 val=0x0cbfff99 bd_gen=0 bd_flags=0x0
PROBE20BAD gc_no=4 slot=258 val=0x0cb51339 bd_gen=0 bd_flags=0x0
PROBE20BAD gc_no=4 slot=269 val=0x0cb15ed1 bd_gen=0 bd_flags=0x0
PROBE20 gc_no=4 N=0 major=0 tso=0xcd8a19c stk=0xcde1000 sp=0xcde8b90 end=0xcde9000 words=284 heap_ptr=178 evacd=140 g0=133 g1=45 other=0 rCurNurs=0xcb01fe0 rCurAlloc=0xcb003e0 rCurTSO=0x0
PROBE21FRAME gc=4 f=0 type=30 slot=0 info=0x92a280c bitmap_raw=0x00000001 size=1 bits=0x00000000
PROBE21FRAME gc=4 f=1 type=30 slot=2 info=0x9186458 bitmap_raw=0x00000001 size=1 bits=0x00000000
PROBE21FRAME gc=4 f=2 type=30 slot=4 info=0x9186474 bitmap_raw=0x00003e89 size=9 bits=0x000001f4
PROBE21BAD gc=4 f=2 type=30 slot=10 pay=5 val=0x0cbfffe8 is_ptr=0 bd_gen=0 bd_flags=0x0 deref_ok=1 info=0x090b9a1c
PROBE21BAD gc=4 f=2 type=30 slot=12 pay=7 val=0x0cbfff8c is_ptr=0 bd_gen=0 bd_flags=0x0 deref_ok=1 info=0x0cda8001
PROBE21FRAME gc=4 f=3 type=30 slot=14 info=0x9186490 bitmap_raw=0x00003e49 size=9 bits=0x000001f2
PROBE21BAD gc=4 f=3 type=30 slot=16 pay=1 val=0x0cbffe11 is_ptr=0 bd_gen=0 bd_flags=0x0 deref_ok=1 info=0x09189064
PROBE21BAD gc=4 f=3 type=30 slot=20 pay=5 val=0x0cbfffe8 is_ptr=0 bd_gen=0 bd_flags=0x0 deref_ok=1 info=0x090b9a1c
PROBE21BAD gc=4 f=3 type=30 slot=22 pay=7 val=0x0cbfff8c is_ptr=0 bd_gen=0 bd_flags=0x0 deref_ok=1 info=0x0cda8001
PROBE21FRAME gc=4 f=4 type=30 slot=24 info=0x9186474 bitmap_raw=0x00003e89 size=9 bits=0x000001f4
PROBE21BAD gc=4 f=4 type=30 slot=27 pay=2 val=0x0cbffe29 is_ptr=0 bd_gen=0 bd_flags=0x0 deref_ok=1 info=0x09189064
PROBE21BAD gc=4 f=4 type=30 slot=30 pay=5 val=0x0cbfffe8 is_ptr=0 bd_gen=0 bd_flags=0x0 deref_ok=1 info=0x090b9a1c
PROBE21BAD gc=4 f=4 type=30 slot=32 pay=7 val=0x0cbfff8c is_ptr=0 bd_gen=0 bd_flags=0x0 deref_ok=1 info=0x0cda8001
PROBE21FRAME gc=4 f=5 type=30 slot=34 info=0x9186474 bitmap_raw=0x00003e89 size=9 bits=0x000001f4
PROBE21BAD gc=4 f=5 type=30 slot=37 pay=2 val=0x0cbffe71 is_ptr=0 bd_gen=0 bd_flags=0x0 deref_ok=1 info=0x09189064
PROBE21BAD gc=4 f=5 type=30 slot=40 pay=5 val=0x0cbfffe8 is_ptr=0 bd_gen=0 bd_flags=0x0 deref_ok=1 info=0x090b9a1c
PROBE21BAD gc=4 f=5 type=30 slot=42 pay=7 val=0x0cbfff8c is_ptr=0 bd_gen=0 bd_flags=0x0 deref_ok=1 info=0x0cda8001
PROBE21FRAME gc=4 f=6 type=30 slot=44 info=0x9186474 bitmap_raw=0x00003e89 size=9 bits=0x000001f4
PROBE21BAD gc=4 f=6 type=30 slot=47 pay=2 val=0x0cbffe89 is_ptr=0 bd_gen=0 bd_flags=0x0 deref_ok=1 info=0x09189064
PROBE21BAD gc=4 f=6 type=30 slot=50 pay=5 val=0x0cbfffe8 is_ptr=0 bd_gen=0 bd_flags=0x0 deref_ok=1 info=0x090b9a1c
PROBE21BAD gc=4 f=6 type=30 slot=52 pay=7 val=0x0cbfff8c is_ptr=0 bd_gen=0 bd_flags=0x0 deref_ok=1 info=0x0cda8001
PROBE21FRAME gc=4 f=7 type=30 slot=54 info=0x9186490 bitmap_raw=0x00003e49 size=9 bits=0x000001f2
PROBE21BAD gc=4 f=7 type=30 slot=56 pay=1 val=0x0cbffea1 is_ptr=0 bd_gen=0 bd_flags=0x0 deref_ok=1 info=0x09189064
PROBE21BAD gc=4 f=7 type=30 slot=60 pay=5 val=0x0cbfffe8 is_ptr=0 bd_gen=0 bd_flags=0x0 deref_ok=1 info=0x090b9a1c
PROBE21BAD gc=4 f=7 type=30 slot=62 pay=7 val=0x0cbfff8c is_ptr=0 bd_gen=0 bd_flags=0x0 deref_ok=1 info=0x0cda8001
PROBE21FRAME gc=4 f=8 type=30 slot=64 info=0x9186474 bitmap_raw=0x00003e89 size=9 bits=0x000001f4
PROBE21BAD gc=4 f=8 type=30 slot=67 pay=2 val=0x0cbffeb9 is_ptr=0 bd_gen=0 bd_flags=0x0 deref_ok=1 info=0x09189064
PROBE21BAD gc=4 f=8 type=30 slot=70 pay=5 val=0x0cbfffe8 is_ptr=0 bd_gen=0 bd_flags=0x0 deref_ok=1 info=0x090b9a1c
PROBE21BAD gc=4 f=8 type=30 slot=72 pay=7 val=0x0cbfff8c is_ptr=0 bd_gen=0 bd_flags=0x0 deref_ok=1 info=0x0cda8001
PROBE21FRAME gc=4 f=9 type=30 slot=74 info=0x9186474 bitmap_raw=0x00003e89 size=9 bits=0x000001f4
PROBE21BAD gc=4 f=9 type=30 slot=77 pay=2 val=0x0cbffed1 is_ptr=0 bd_gen=0 bd_flags=0x0 deref_ok=1 info=0x09189064
PROBE21BAD gc=4 f=9 type=30 slot=80 pay=5 val=0x0cbfffe8 is_ptr=0 bd_gen=0 bd_flags=0x0 deref_ok=1 info=0x090b9a1c
PROBE21BAD gc=4 f=9 type=30 slot=82 pay=7 val=0x0cbfff8c is_ptr=0 bd_gen=0 bd_flags=0x0 deref_ok=1 info=0x0cda8001
PROBE21FRAME gc=4 f=10 type=30 slot=84 info=0x9186474 bitmap_raw=0x00003e89 size=9 bits=0x000001f4
PROBE21BAD gc=4 f=10 type=30 slot=87 pay=2 val=0x0cbffee9 is_ptr=0 bd_gen=0 bd_flags=0x0 deref_ok=1 info=0x09189064
PROBE21BAD gc=4 f=10 type=30 slot=90 pay=5 val=0x0cbfffe8 is_ptr=0 bd_gen=0 bd_flags=0x0 deref_ok=1 info=0x090b9a1c
PROBE21BAD gc=4 f=10 type=30 slot=92 pay=7 val=0x0cbfff8c is_ptr=0 bd_gen=0 bd_flags=0x0 deref_ok=1 info=0x0cda8001
PROBE21FRAME gc=4 f=11 type=30 slot=94 info=0x9186474 bitmap_raw=0x00003e89 size=9 bits=0x000001f4
PROBE21BAD gc=4 f=11 type=30 slot=97 pay=2 val=0x0cbfff01 is_ptr=0 bd_gen=0 bd_flags=0x0 deref_ok=1 info=0x09189064
PROBE21BAD gc=4 f=11 type=30 slot=100 pay=5 val=0x0cbfffe8 is_ptr=0 bd_gen=0 bd_flags=0x0 deref_ok=1 info=0x090b9a1c
PROBE21BAD gc=4 f=11 type=30 slot=102 pay=7 val=0x0cbfff8c is_ptr=0 bd_gen=0 bd_flags=0x0 deref_ok=1 info=0x0cda8001
PROBE21FRAME gc=4 f=12 type=30 slot=104 info=0x9186490 bitmap_raw=0x00003e49 size=9 bits=0x000001f2
PROBE21BAD gc=4 f=12 type=30 slot=106 pay=1 val=0x0cbfff19 is_ptr=0 bd_gen=0 bd_flags=0x0 deref_ok=1 info=0x09189064
PROBE21BAD gc=4 f=12 type=30 slot=110 pay=5 val=0x0cbfffe8 is_ptr=0 bd_gen=0 bd_flags=0x0 deref_ok=1 info=0x090b9a1c
PROBE21BAD gc=4 f=12 type=30 slot=112 pay=7 val=0x0cbfff8c is_ptr=0 bd_gen=0 bd_flags=0x0 deref_ok=1 info=0x0cda8001
PROBE21FRAME gc=4 f=13 type=30 slot=114 info=0x9186474 bitmap_raw=0x00003e89 size=9 bits=0x000001f4
PROBE21BAD gc=4 f=13 type=30 slot=117 pay=2 val=0x0cbfff31 is_ptr=0 bd_gen=0 bd_flags=0x0 deref_ok=1 info=0x09189064
PROBE21BAD gc=4 f=13 type=30 slot=120 pay=5 val=0x0cbfffe8 is_ptr=0 bd_gen=0 bd_flags=0x0 deref_ok=1 info=0x090b9a1c
PROBE21BAD gc=4 f=13 type=30 slot=122 pay=7 val=0x0cbfff8c is_ptr=0 bd_gen=0 bd_flags=0x0 deref_ok=1 info=0x0cda8001
PROBE21FRAME gc=4 f=14 type=30 slot=124 info=0x92719c4 bitmap_raw=0x00000083 size=3 bits=0x00000004
PROBE21BAD gc=4 f=14 type=30 slot=127 pay=2 val=0x0cbfff99 is_ptr=0 bd_gen=0 bd_flags=0x0 deref_ok=1 info=0x092a204c
PROBE21FRAME gc=4 f=16 type=30 slot=130 info=0x92719b8 bitmap_raw=0x00000003 size=3 bits=0x00000000
PROBE21FRAME gc=4 f=18 type=30 slot=136 info=0x92719b8 bitmap_raw=0x00000003 size=3 bits=0x00000000
PROBE21FRAME gc=4 f=20 type=30 slot=142 info=0x92719b8 bitmap_raw=0x00000003 size=3 bits=0x00000000
PROBE21FRAME gc=4 f=22 type=30 slot=148 info=0x92719b8 bitmap_raw=0x00000003 size=3 bits=0x00000000
PROBE21FRAME gc=4 f=24 type=30 slot=154 info=0x92719b8 bitmap_raw=0x00000003 size=3 bits=0x00000000
PROBE21FRAME gc=4 f=26 type=30 slot=160 info=0x92719b8 bitmap_raw=0x00000003 size=3 bits=0x00000000
PROBE21FRAME gc=4 f=28 type=30 slot=166 info=0x92719b8 bitmap_raw=0x00000003 size=3 bits=0x00000000
PROBE21FRAME gc=4 f=30 type=30 slot=172 info=0x92719b8 bitmap_raw=0x00000003 size=3 bits=0x00000000
PROBE21FRAME gc=4 f=32 type=30 slot=178 info=0x92719b8 bitmap_raw=0x00000003 size=3 bits=0x00000000
PROBE21FRAME gc=4 f=34 type=30 slot=184 info=0x92719b8 bitmap_raw=0x00000003 size=3 bits=0x00000000
PROBE21FRAME gc=4 f=37 type=30 slot=192 info=0x92719b8 bitmap_raw=0x00000003 size=3 bits=0x00000000
PROBE21FRAME gc=4 f=39 type=30 slot=198 info=0x92719b8 bitmap_raw=0x00000003 size=3 bits=0x00000000
PROBE21FRAME gc=4 f=41 type=30 slot=204 info=0x92719b8 bitmap_raw=0x00000003 size=3 bits=0x00000000
PROBE21FRAME gc=4 f=43 type=30 slot=210 info=0x92719b8 bitmap_raw=0x00000003 size=3 bits=0x00000000
PROBE21FRAME gc=4 f=45 type=30 slot=216 info=0x92719b8 bitmap_raw=0x00000003 size=3 bits=0x00000000
PROBE21FRAME gc=4 f=47 type=30 slot=222 info=0x92719b8 bitmap_raw=0x00000003 size=3 bits=0x00000000
PROBE21FRAME gc=4 f=49 type=30 slot=228 info=0x92719b8 bitmap_raw=0x00000003 size=3 bits=0x00000000
PROBE21FRAME gc=4 f=50 type=30 slot=232 info=0x90be4cc bitmap_raw=0x00000009 size=9 bits=0x00000000
PROBE21FRAME gc=4 f=51 type=30 slot=242 info=0x92a34d8 bitmap_raw=0x00000000 size=0 bits=0x00000000
PROBE21FRAME gc=4 f=52 type=30 slot=243 info=0x92463f0 bitmap_raw=0x00000001 size=1 bits=0x00000000
PROBE21FRAME gc=4 f=53 type=30 slot=245 info=0x92463f0 bitmap_raw=0x00000001 size=1 bits=0x00000000
PROBE21FRAME gc=4 f=54 type=30 slot=247 info=0x92463f0 bitmap_raw=0x00000001 size=1 bits=0x00000000
PROBE21FRAME gc=4 f=55 type=34 slot=249 info=0x92a27e8 bitmap_raw=0x00000022 size=2 bits=0x00000001
PROBE21FRAME gc=4 f=56 type=30 slot=252 info=0x92a27d0 bitmap_raw=0x00000000 size=0 bits=0x00000000
PROBE21FRAME gc=4 f=57 type=34 slot=253 info=0x92a27e8 bitmap_raw=0x00000022 size=2 bits=0x00000001
PROBE21FRAME gc=4 f=58 type=30 slot=256 info=0x9143d50 bitmap_raw=0x00000043 size=3 bits=0x00000002
PROBE21BAD gc=4 f=58 type=30 slot=258 pay=1 val=0x0cb51339 is_ptr=0 bd_gen=0 bd_flags=0x0 deref_ok=1 info=0x0962b999
PROBE21FRAME gc=4 f=59 type=30 slot=260 info=0x92a27c4 bitmap_raw=0x00000000 size=0 bits=0x00000000
PROBE21FRAME gc=4 f=60 type=30 slot=261 info=0x92463f0 bitmap_raw=0x00000001 size=1 bits=0x00000000
PROBE21FRAME gc=4 f=61 type=30 slot=263 info=0x92a27d0 bitmap_raw=0x00000000 size=0 bits=0x00000000
PROBE21FRAME gc=4 f=62 type=34 slot=264 info=0x92a27e8 bitmap_raw=0x00000022 size=2 bits=0x00000001
PROBE21FRAME gc=4 f=63 type=30 slot=267 info=0x9143d50 bitmap_raw=0x00000043 size=3 bits=0x00000002
PROBE21BAD gc=4 f=63 type=30 slot=269 pay=1 val=0x0cb15ed1 is_ptr=0 bd_gen=0 bd_flags=0x0 deref_ok=1 info=0x0cd872ec
PROBE21FRAME gc=4 f=64 type=30 slot=271 info=0x92a27c4 bitmap_raw=0x00000000 size=0 bits=0x00000000
PROBE21FRAME gc=4 f=65 type=30 slot=272 info=0x92463f0 bitmap_raw=0x00000001 size=1 bits=0x00000000
PROBE21FRAME gc=4 f=66 type=34 slot=274 info=0x92a27e8 bitmap_raw=0x00000022 size=2 bits=0x00000001
PROBE21FRAME gc=4 f=67 type=34 slot=277 info=0x92a27e8 bitmap_raw=0x00000022 size=2 bits=0x00000001
PROBE21FRAME gc=4 f=68 type=34 slot=280 info=0x92a27e8 bitmap_raw=0x00000022 size=2 bits=0x00000001
PROBE21FRAME gc=4 f=69 type=36 slot=283 info=0x92a3148 bitmap_raw=0x00000000 size=0 bits=0x00000000
PROBE20BAD gc_no=5 slot=26 val=0x0cbff424 bd_gen=0 bd_flags=0x0
PROBE20BAD gc_no=5 slot=32 val=0x0cbff3ec bd_gen=0 bd_flags=0x0
PROBE20BAD gc_no=5 slot=38 val=0x0cbff060 bd_gen=0 bd_flags=0x0
PROBE20BAD gc_no=5 slot=48 val=0x0cbbc3fc bd_gen=0 bd_flags=0x0
PROBE20BAD gc_no=5 slot=80 val=0x0cb930fa bd_gen=0 bd_flags=0x0
PROBE20BAD gc_no=5 slot=82 val=0x0cb93104 bd_gen=0 bd_flags=0x0
PROBE20BAD gc_no=5 slot=117 val=0x0cb8d030 bd_gen=0 bd_flags=0x0
PROBE20BAD gc_no=5 slot=148 val=0x0cb543d4 bd_gen=0 bd_flags=0x0
PROBE20BAD gc_no=5 slot=169 val=0x0cb2ef7c bd_gen=0 bd_flags=0x0
PROBE20BAD gc_no=5 slot=187 val=0x0cb51339 bd_gen=0 bd_flags=0x0
PROBE20BAD gc_no=5 slot=198 val=0x0cb15ed1 bd_gen=0 bd_flags=0x0
PROBE20 gc_no=5 N=0 major=0 tso=0xcd8a19c stk=0xcde1000 sp=0xcde8cac end=0xcde9000 words=213 heap_ptr=97 evacd=86 g0=86 g1=11 other=0 rCurNurs=0xcb01fe0 rCurAlloc=0xcb01c40 rCurTSO=0x0
PROBE21FRAME gc=5 f=0 type=30 slot=0 info=0x92a28cc bitmap_raw=0x00000062 size=2 bits=0x00000003
PROBE21FRAME gc=5 f=1 type=30 slot=3 info=0x8cfcaf4 bitmap_raw=0x00000001 size=1 bits=0x00000000
PROBE21FRAME gc=5 f=2 type=30 slot=5 info=0x90ca798 bitmap_raw=0x00000000 size=0 bits=0x00000000
PROBE21FRAME gc=5 f=3 type=30 slot=6 info=0x908e9f0 bitmap_raw=0x00000001 size=1 bits=0x00000000
PROBE21FRAME gc=5 f=5 type=30 slot=10 info=0x908e7d0 bitmap_raw=0x00000000 size=0 bits=0x00000000
PROBE21FRAME gc=5 f=6 type=30 slot=11 info=0x8cd5ee4 bitmap_raw=0x00000001 size=1 bits=0x00000000
PROBE21FRAME gc=5 f=8 type=30 slot=15 info=0x908c0c8 bitmap_raw=0x00000003 size=3 bits=0x00000000
PROBE21FRAME gc=5 f=10 type=30 slot=21 info=0x908c194 bitmap_raw=0x00000000 size=0 bits=0x00000000
PROBE21FRAME gc=5 f=12 type=30 slot=24 info=0x92389c4 bitmap_raw=0x00000042 size=2 bits=0x00000002
PROBE21BAD gc=5 f=12 type=30 slot=26 pay=1 val=0x0cbff424 is_ptr=0 bd_gen=0 bd_flags=0x0 deref_ok=1 info=0x0cef005d
PROBE21FRAME gc=5 f=14 type=30 slot=29 info=0x918a7f8 bitmap_raw=0x00000085 size=5 bits=0x00000004
PROBE21BAD gc=5 f=14 type=30 slot=32 pay=2 val=0x0cbff3ec is_ptr=0 bd_gen=0 bd_flags=0x0 deref_ok=1 info=0x0cef0075
PROBE21FRAME gc=5 f=15 type=30 slot=35 info=0x92719c4 bitmap_raw=0x00000083 size=3 bits=0x00000004
PROBE21BAD gc=5 f=15 type=30 slot=38 pay=2 val=0x0cbff060 is_ptr=0 bd_gen=0 bd_flags=0x0 deref_ok=1 info=0x0cef0055
PROBE21FRAME gc=5 f=16 type=30 slot=39 info=0x908c6f0 bitmap_raw=0x00000001 size=1 bits=0x00000000
PROBE21FRAME gc=5 f=18 type=30 slot=43 info=0x908c768 bitmap_raw=0x00000000 size=0 bits=0x00000000
PROBE21FRAME gc=5 f=20 type=30 slot=46 info=0x9189c18 bitmap_raw=0x00000043 size=3 bits=0x00000002
PROBE21BAD gc=5 f=20 type=30 slot=48 pay=1 val=0x0cbbc3fc is_ptr=0 bd_gen=0 bd_flags=0x0 deref_ok=1 info=0x0cef00d1
PROBE21FRAME gc=5 f=21 type=30 slot=50 info=0x908c74c bitmap_raw=0x00000001 size=1 bits=0x00000000
PROBE21FRAME gc=5 f=22 type=30 slot=52 info=0x8e52298 bitmap_raw=0x00000c0a size=10 bits=0x00000060
PROBE21FRAME gc=5 f=23 type=30 slot=63 info=0x9267fa0 bitmap_raw=0x00000000 size=0 bits=0x00000000
PROBE21FRAME gc=5 f=25 type=30 slot=66 info=0x9267fd0 bitmap_raw=0x00000000 size=0 bits=0x00000000
PROBE21FRAME gc=5 f=26 type=30 slot=67 info=0x8e528e0 bitmap_raw=0x00000047 size=7 bits=0x00000002
PROBE21FRAME gc=5 f=27 type=30 slot=75 info=0x8e52acc bitmap_raw=0x00000f09 size=9 bits=0x00000078
PROBE21BAD gc=5 f=27 type=30 slot=80 pay=4 val=0x0cb930fa is_ptr=0 bd_gen=0 bd_flags=0x0 deref_ok=1 info=0x092a2658
PROBE21BAD gc=5 f=27 type=30 slot=82 pay=6 val=0x0cb93104 is_ptr=0 bd_gen=0 bd_flags=0x0 deref_ok=1 info=0x092a2e04
PROBE21FRAME gc=5 f=28 type=30 slot=85 info=0x921765c bitmap_raw=0x00000000 size=0 bits=0x00000000
PROBE21FRAME gc=5 f=29 type=34 slot=86 info=0x92a27e8 bitmap_raw=0x00000022 size=2 bits=0x00000001
PROBE21FRAME gc=5 f=30 type=30 slot=89 info=0x92463f0 bitmap_raw=0x00000001 size=1 bits=0x00000000
PROBE21FRAME gc=5 f=31 type=30 slot=91 info=0x92463f0 bitmap_raw=0x00000001 size=1 bits=0x00000000
PROBE21FRAME gc=5 f=32 type=30 slot=93 info=0x92463f0 bitmap_raw=0x00000001 size=1 bits=0x00000000
PROBE21FRAME gc=5 f=33 type=30 slot=95 info=0x92463f0 bitmap_raw=0x00000001 size=1 bits=0x00000000
PROBE21FRAME gc=5 f=34 type=30 slot=97 info=0x92463f0 bitmap_raw=0x00000001 size=1 bits=0x00000000
PROBE21FRAME gc=5 f=35 type=30 slot=99 info=0x92463f0 bitmap_raw=0x00000001 size=1 bits=0x00000000
PROBE21FRAME gc=5 f=36 type=30 slot=101 info=0x92463f0 bitmap_raw=0x00000001 size=1 bits=0x00000000
PROBE21FRAME gc=5 f=37 type=30 slot=103 info=0x921765c bitmap_raw=0x00000000 size=0 bits=0x00000000
PROBE21FRAME gc=5 f=38 type=34 slot=104 info=0x92a27e8 bitmap_raw=0x00000022 size=2 bits=0x00000001
PROBE21FRAME gc=5 f=39 type=30 slot=107 info=0x92463f0 bitmap_raw=0x00000001 size=1 bits=0x00000000
PROBE21FRAME gc=5 f=40 type=30 slot=109 info=0x92463f0 bitmap_raw=0x00000001 size=1 bits=0x00000000
PROBE21FRAME gc=5 f=41 type=30 slot=111 info=0x92463f0 bitmap_raw=0x00000001 size=1 bits=0x00000000
PROBE21FRAME gc=5 f=42 type=30 slot=113 info=0x92463f0 bitmap_raw=0x00000001 size=1 bits=0x00000000
PROBE21FRAME gc=5 f=43 type=30 slot=115 info=0x92462b8 bitmap_raw=0x00000042 size=2 bits=0x00000002
PROBE21BAD gc=5 f=43 type=30 slot=117 pay=1 val=0x0cb8d030 is_ptr=0 bd_gen=0 bd_flags=0x0 deref_ok=1 info=0x092a2e04
PROBE21FRAME gc=5 f=44 type=30 slot=118 info=0x9246294 bitmap_raw=0x00000001 size=1 bits=0x00000000
PROBE21FRAME gc=5 f=45 type=30 slot=120 info=0x92463f0 bitmap_raw=0x00000001 size=1 bits=0x00000000
PROBE21FRAME gc=5 f=46 type=30 slot=122 info=0x92463f0 bitmap_raw=0x00000001 size=1 bits=0x00000000
PROBE21FRAME gc=5 f=47 type=30 slot=124 info=0x92463f0 bitmap_raw=0x00000001 size=1 bits=0x00000000
PROBE21FRAME gc=5 f=48 type=30 slot=126 info=0x92463f0 bitmap_raw=0x00000001 size=1 bits=0x00000000
PROBE21FRAME gc=5 f=49 type=30 slot=128 info=0x921765c bitmap_raw=0x00000000 size=0 bits=0x00000000
PROBE21FRAME gc=5 f=50 type=34 slot=129 info=0x92a27e8 bitmap_raw=0x00000022 size=2 bits=0x00000001
PROBE21FRAME gc=5 f=51 type=30 slot=132 info=0x92463f0 bitmap_raw=0x00000001 size=1 bits=0x00000000
PROBE21FRAME gc=5 f=52 type=30 slot=134 info=0x92463f0 bitmap_raw=0x00000001 size=1 bits=0x00000000
PROBE21FRAME gc=5 f=53 type=30 slot=136 info=0x92463f0 bitmap_raw=0x00000001 size=1 bits=0x00000000
PROBE21FRAME gc=5 f=54 type=30 slot=138 info=0x92463f0 bitmap_raw=0x00000001 size=1 bits=0x00000000
PROBE21FRAME gc=5 f=55 type=30 slot=140 info=0x92463f0 bitmap_raw=0x00000001 size=1 bits=0x00000000
PROBE21FRAME gc=5 f=56 type=30 slot=142 info=0x92463f0 bitmap_raw=0x00000001 size=1 bits=0x00000000
PROBE21FRAME gc=5 f=57 type=30 slot=144 info=0x92463f0 bitmap_raw=0x00000001 size=1 bits=0x00000000
PROBE21FRAME gc=5 f=58 type=30 slot=146 info=0x92462b8 bitmap_raw=0x00000042 size=2 bits=0x00000002
PROBE21BAD gc=5 f=58 type=30 slot=148 pay=1 val=0x0cb543d4 is_ptr=0 bd_gen=0 bd_flags=0x0 deref_ok=1 info=0x092a2e04
PROBE21FRAME gc=5 f=59 type=30 slot=149 info=0x92463f0 bitmap_raw=0x00000001 size=1 bits=0x00000000
PROBE21FRAME gc=5 f=60 type=30 slot=151 info=0x92463f0 bitmap_raw=0x00000001 size=1 bits=0x00000000
PROBE21FRAME gc=5 f=61 type=30 slot=153 info=0x92463f0 bitmap_raw=0x00000001 size=1 bits=0x00000000
PROBE21FRAME gc=5 f=62 type=30 slot=155 info=0x92463f0 bitmap_raw=0x00000001 size=1 bits=0x00000000
PROBE21FRAME gc=5 f=63 type=30 slot=157 info=0x92463f0 bitmap_raw=0x00000001 size=1 bits=0x00000000
PROBE21FRAME gc=5 f=64 type=30 slot=159 info=0x92463f0 bitmap_raw=0x00000001 size=1 bits=0x00000000
PROBE21FRAME gc=5 f=65 type=30 slot=161 info=0x92463f0 bitmap_raw=0x00000001 size=1 bits=0x00000000
PROBE21FRAME gc=5 f=66 type=30 slot=163 info=0x92463f0 bitmap_raw=0x00000001 size=1 bits=0x00000000
PROBE21FRAME gc=5 f=67 type=30 slot=165 info=0x92463f0 bitmap_raw=0x00000001 size=1 bits=0x00000000
PROBE21FRAME gc=5 f=68 type=30 slot=167 info=0x924624c bitmap_raw=0x00000043 size=3 bits=0x00000002
PROBE21BAD gc=5 f=68 type=30 slot=169 pay=1 val=0x0cb2ef7c is_ptr=0 bd_gen=0 bd_flags=0x0 deref_ok=1 info=0x092a2e04
PROBE21FRAME gc=5 f=69 type=30 slot=171 info=0x92463f0 bitmap_raw=0x00000001 size=1 bits=0x00000000
PROBE21FRAME gc=5 f=70 type=34 slot=173 info=0x92a27e8 bitmap_raw=0x00000022 size=2 bits=0x00000001
PROBE21FRAME gc=5 f=71 type=30 slot=176 info=0x92463f0 bitmap_raw=0x00000001 size=1 bits=0x00000000
PROBE21FRAME gc=5 f=72 type=34 slot=178 info=0x92a27e8 bitmap_raw=0x00000022 size=2 bits=0x00000001
PROBE21FRAME gc=5 f=73 type=30 slot=181 info=0x92a27d0 bitmap_raw=0x00000000 size=0 bits=0x00000000
PROBE21FRAME gc=5 f=74 type=34 slot=182 info=0x92a27e8 bitmap_raw=0x00000022 size=2 bits=0x00000001
PROBE21FRAME gc=5 f=75 type=30 slot=185 info=0x9143d50 bitmap_raw=0x00000043 size=3 bits=0x00000002
PROBE21BAD gc=5 f=75 type=30 slot=187 pay=1 val=0x0cb51339 is_ptr=0 bd_gen=0 bd_flags=0x0 deref_ok=1 info=0x0cb2f415
PROBE21FRAME gc=5 f=76 type=30 slot=189 info=0x92a27c4 bitmap_raw=0x00000000 size=0 bits=0x00000000
PROBE21FRAME gc=5 f=77 type=30 slot=190 info=0x92463f0 bitmap_raw=0x00000001 size=1 bits=0x00000000
PROBE21FRAME gc=5 f=78 type=30 slot=192 info=0x92a27d0 bitmap_raw=0x00000000 size=0 bits=0x00000000
PROBE21FRAME gc=5 f=79 type=34 slot=193 info=0x92a27e8 bitmap_raw=0x00000022 size=2 bits=0x00000001
PROBE21FRAME gc=5 f=80 type=30 slot=196 info=0x9143d50 bitmap_raw=0x00000043 size=3 bits=0x00000002
PROBE21BAD gc=5 f=80 type=30 slot=198 pay=1 val=0x0cb15ed1 is_ptr=0 bd_gen=0 bd_flags=0x0 deref_ok=1 info=0x0cb15ec5
PROBE21FRAME gc=5 f=81 type=30 slot=200 info=0x92a27c4 bitmap_raw=0x00000000 size=0 bits=0x00000000
PROBE21FRAME gc=5 f=82 type=30 slot=201 info=0x92463f0 bitmap_raw=0x00000001 size=1 bits=0x00000000
PROBE21FRAME gc=5 f=83 type=34 slot=203 info=0x92a27e8 bitmap_raw=0x00000022 size=2 bits=0x00000001
PROBE21FRAME gc=5 f=84 type=34 slot=206 info=0x92a27e8 bitmap_raw=0x00000022 size=2 bits=0x00000001
PROBE21FRAME gc=5 f=85 type=34 slot=209 info=0x92a27e8 bitmap_raw=0x00000022 size=2 bits=0x00000001
PROBE21FRAME gc=5 f=86 type=36 slot=212 info=0x92a3148 bitmap_raw=0x00000000 size=0 bits=0x00000000
PROBE20BAD gc_no=6 slot=8 val=0x0cbfff94 bd_gen=0 bd_flags=0x0
PROBE20BAD gc_no=6 slot=18 val=0x0cbbc3fc bd_gen=0 bd_flags=0x0
PROBE20BAD gc_no=6 slot=50 val=0x0cb930fa bd_gen=0 bd_flags=0x0
PROBE20BAD gc_no=6 slot=52 val=0x0cb93104 bd_gen=0 bd_flags=0x0
PROBE20BAD gc_no=6 slot=87 val=0x0cb8d030 bd_gen=0 bd_flags=0x0
PROBE20BAD gc_no=6 slot=118 val=0x0cb543d4 bd_gen=0 bd_flags=0x0
PROBE20BAD gc_no=6 slot=139 val=0x0cb2ef7c bd_gen=0 bd_flags=0x0
PROBE20BAD gc_no=6 slot=157 val=0x0cb51339 bd_gen=0 bd_flags=0x0
PROBE20BAD gc_no=6 slot=168 val=0x0cb15ed1 bd_gen=0 bd_flags=0x0
PROBE20 gc_no=6 N=0 major=0 tso=0xcd8a19c stk=0xcde1000 sp=0xcde8d24 end=0xcde9000 words=183 heap_ptr=83 evacd=74 g0=12 g1=71 other=0 rCurNurs=0xcb01fe0 rCurAlloc=0xcb00420 rCurTSO=0x0
PROBE21FRAME gc=6 f=0 type=30 slot=0 info=0x92a2830 bitmap_raw=0x00000001 size=1 bits=0x00000000
PROBE21FRAME gc=6 f=1 type=30 slot=2 info=0x908c6d0 bitmap_raw=0x00000002 size=2 bits=0x00000000
PROBE21FRAME gc=6 f=2 type=30 slot=5 info=0x92719c4 bitmap_raw=0x00000083 size=3 bits=0x00000004
PROBE21BAD gc=6 f=2 type=30 slot=8 pay=2 val=0x0cbfff94 is_ptr=0 bd_gen=0 bd_flags=0x0 deref_ok=1 info=0x0ce91019
PROBE21FRAME gc=6 f=3 type=30 slot=9 info=0x908c6f0 bitmap_raw=0x00000001 size=1 bits=0x00000000
PROBE21FRAME gc=6 f=5 type=30 slot=13 info=0x908c768 bitmap_raw=0x00000000 size=0 bits=0x00000000
PROBE21FRAME gc=6 f=7 type=30 slot=16 info=0x9189c18 bitmap_raw=0x00000043 size=3 bits=0x00000002
PROBE21BAD gc=6 f=7 type=30 slot=18 pay=1 val=0x0cbbc3fc is_ptr=0 bd_gen=0 bd_flags=0x0 deref_ok=1 info=0x0cef6429
PROBE21FRAME gc=6 f=8 type=30 slot=20 info=0x908c74c bitmap_raw=0x00000001 size=1 bits=0x00000000
PROBE21FRAME gc=6 f=9 type=30 slot=22 info=0x8e52298 bitmap_raw=0x00000c0a size=10 bits=0x00000060
PROBE21FRAME gc=6 f=10 type=30 slot=33 info=0x9267fa0 bitmap_raw=0x00000000 size=0 bits=0x00000000
PROBE21FRAME gc=6 f=12 type=30 slot=36 info=0x9267fd0 bitmap_raw=0x00000000 size=0 bits=0x00000000
PROBE21FRAME gc=6 f=13 type=30 slot=37 info=0x8e528e0 bitmap_raw=0x00000047 size=7 bits=0x00000002
PROBE21FRAME gc=6 f=14 type=30 slot=45 info=0x8e52acc bitmap_raw=0x00000f09 size=9 bits=0x00000078
PROBE21BAD gc=6 f=14 type=30 slot=50 pay=4 val=0x0cb930fa is_ptr=0 bd_gen=0 bd_flags=0x0 deref_ok=1 info=0x092a2e04
PROBE21BAD gc=6 f=14 type=30 slot=52 pay=6 val=0x0cb93104 is_ptr=0 bd_gen=0 bd_flags=0x0 deref_ok=1 info=0x0cefa84d
PROBE21FRAME gc=6 f=15 type=30 slot=55 info=0x921765c bitmap_raw=0x00000000 size=0 bits=0x00000000
PROBE21FRAME gc=6 f=16 type=34 slot=56 info=0x92a27e8 bitmap_raw=0x00000022 size=2 bits=0x00000001
PROBE21FRAME gc=6 f=17 type=30 slot=59 info=0x92463f0 bitmap_raw=0x00000001 size=1 bits=0x00000000
PROBE21FRAME gc=6 f=18 type=30 slot=61 info=0x92463f0 bitmap_raw=0x00000001 size=1 bits=0x00000000
PROBE21FRAME gc=6 f=19 type=30 slot=63 info=0x92463f0 bitmap_raw=0x00000001 size=1 bits=0x00000000
PROBE21FRAME gc=6 f=20 type=30 slot=65 info=0x92463f0 bitmap_raw=0x00000001 size=1 bits=0x00000000
PROBE21FRAME gc=6 f=21 type=30 slot=67 info=0x92463f0 bitmap_raw=0x00000001 size=1 bits=0x00000000
PROBE21FRAME gc=6 f=22 type=30 slot=69 info=0x92463f0 bitmap_raw=0x00000001 size=1 bits=0x00000000
PROBE21FRAME gc=6 f=23 type=30 slot=71 info=0x92463f0 bitmap_raw=0x00000001 size=1 bits=0x00000000
PROBE21FRAME gc=6 f=24 type=30 slot=73 info=0x921765c bitmap_raw=0x00000000 size=0 bits=0x00000000
PROBE21FRAME gc=6 f=25 type=34 slot=74 info=0x92a27e8 bitmap_raw=0x00000022 size=2 bits=0x00000001
PROBE21FRAME gc=6 f=26 type=30 slot=77 info=0x92463f0 bitmap_raw=0x00000001 size=1 bits=0x00000000
PROBE21FRAME gc=6 f=27 type=30 slot=79 info=0x92463f0 bitmap_raw=0x00000001 size=1 bits=0x00000000
PROBE21FRAME gc=6 f=28 type=30 slot=81 info=0x92463f0 bitmap_raw=0x00000001 size=1 bits=0x00000000
PROBE21FRAME gc=6 f=29 type=30 slot=83 info=0x92463f0 bitmap_raw=0x00000001 size=1 bits=0x00000000
PROBE21FRAME gc=6 f=30 type=30 slot=85 info=0x92462b8 bitmap_raw=0x00000042 size=2 bits=0x00000002
PROBE21BAD gc=6 f=30 type=30 slot=87 pay=1 val=0x0cb8d030 is_ptr=0 bd_gen=0 bd_flags=0x0 deref_ok=1 info=0x0cb26a85
PROBE21FRAME gc=6 f=31 type=30 slot=88 info=0x9246294 bitmap_raw=0x00000001 size=1 bits=0x00000000
PROBE21FRAME gc=6 f=32 type=30 slot=90 info=0x92463f0 bitmap_raw=0x00000001 size=1 bits=0x00000000
PROBE21FRAME gc=6 f=33 type=30 slot=92 info=0x92463f0 bitmap_raw=0x00000001 size=1 bits=0x00000000
PROBE21FRAME gc=6 f=34 type=30 slot=94 info=0x92463f0 bitmap_raw=0x00000001 size=1 bits=0x00000000
PROBE21FRAME gc=6 f=35 type=30 slot=96 info=0x92463f0 bitmap_raw=0x00000001 size=1 bits=0x00000000
PROBE21FRAME gc=6 f=36 type=30 slot=98 info=0x921765c bitmap_raw=0x00000000 size=0 bits=0x00000000
PROBE21FRAME gc=6 f=37 type=34 slot=99 info=0x92a27e8 bitmap_raw=0x00000022 size=2 bits=0x00000001
PROBE21FRAME gc=6 f=38 type=30 slot=102 info=0x92463f0 bitmap_raw=0x00000001 size=1 bits=0x00000000
PROBE21FRAME gc=6 f=39 type=30 slot=104 info=0x92463f0 bitmap_raw=0x00000001 size=1 bits=0x00000000
PROBE21FRAME gc=6 f=40 type=30 slot=106 info=0x92463f0 bitmap_raw=0x00000001 size=1 bits=0x00000000
PROBE21FRAME gc=6 f=41 type=30 slot=108 info=0x92463f0 bitmap_raw=0x00000001 size=1 bits=0x00000000
PROBE21FRAME gc=6 f=42 type=30 slot=110 info=0x92463f0 bitmap_raw=0x00000001 size=1 bits=0x00000000
PROBE21FRAME gc=6 f=43 type=30 slot=112 info=0x92463f0 bitmap_raw=0x00000001 size=1 bits=0x00000000
PROBE21FRAME gc=6 f=44 type=30 slot=114 info=0x92463f0 bitmap_raw=0x00000001 size=1 bits=0x00000000
PROBE21FRAME gc=6 f=45 type=30 slot=116 info=0x92462b8 bitmap_raw=0x00000042 size=2 bits=0x00000002
PROBE21BAD gc=6 f=45 type=30 slot=118 pay=1 val=0x0cb543d4 is_ptr=0 bd_gen=0 bd_flags=0x0 deref_ok=1 info=0x39000000
PROBE21FRAME gc=6 f=46 type=30 slot=119 info=0x92463f0 bitmap_raw=0x00000001 size=1 bits=0x00000000
PROBE21FRAME gc=6 f=47 type=30 slot=121 info=0x92463f0 bitmap_raw=0x00000001 size=1 bits=0x00000000
PROBE21FRAME gc=6 f=48 type=30 slot=123 info=0x92463f0 bitmap_raw=0x00000001 size=1 bits=0x00000000
PROBE21FRAME gc=6 f=49 type=30 slot=125 info=0x92463f0 bitmap_raw=0x00000001 size=1 bits=0x00000000
PROBE21FRAME gc=6 f=50 type=30 slot=127 info=0x92463f0 bitmap_raw=0x00000001 size=1 bits=0x00000000
PROBE21FRAME gc=6 f=51 type=30 slot=129 info=0x92463f0 bitmap_raw=0x00000001 size=1 bits=0x00000000
PROBE21FRAME gc=6 f=52 type=30 slot=131 info=0x92463f0 bitmap_raw=0x00000001 size=1 bits=0x00000000
PROBE21FRAME gc=6 f=53 type=30 slot=133 info=0x92463f0 bitmap_raw=0x00000001 size=1 bits=0x00000000
PROBE21FRAME gc=6 f=54 type=30 slot=135 info=0x92463f0 bitmap_raw=0x00000001 size=1 bits=0x00000000
PROBE21FRAME gc=6 f=55 type=30 slot=137 info=0x924624c bitmap_raw=0x00000043 size=3 bits=0x00000002
PROBE21BAD gc=6 f=55 type=30 slot=139 pay=1 val=0x0cb2ef7c is_ptr=0 bd_gen=0 bd_flags=0x0 deref_ok=1 info=0x0cb2ce99
PROBE21FRAME gc=6 f=56 type=30 slot=141 info=0x92463f0 bitmap_raw=0x00000001 size=1 bits=0x00000000
PROBE21FRAME gc=6 f=57 type=34 slot=143 info=0x92a27e8 bitmap_raw=0x00000022 size=2 bits=0x00000001
PROBE21FRAME gc=6 f=58 type=30 slot=146 info=0x92463f0 bitmap_raw=0x00000001 size=1 bits=0x00000000
PROBE21FRAME gc=6 f=59 type=34 slot=148 info=0x92a27e8 bitmap_raw=0x00000022 size=2 bits=0x00000001
PROBE21FRAME gc=6 f=60 type=30 slot=151 info=0x92a27d0 bitmap_raw=0x00000000 size=0 bits=0x00000000
PROBE21FRAME gc=6 f=61 type=34 slot=152 info=0x92a27e8 bitmap_raw=0x00000022 size=2 bits=0x00000001
PROBE21FRAME gc=6 f=62 type=30 slot=155 info=0x9143d50 bitmap_raw=0x00000043 size=3 bits=0x00000002
PROBE21BAD gc=6 f=62 type=30 slot=157 pay=1 val=0x0cb51339 is_ptr=0 bd_gen=0 bd_flags=0x0 deref_ok=1 info=0x0cb51359
PROBE21FRAME gc=6 f=63 type=30 slot=159 info=0x92a27c4 bitmap_raw=0x00000000 size=0 bits=0x00000000
PROBE21FRAME gc=6 f=64 type=30 slot=160 info=0x92463f0 bitmap_raw=0x00000001 size=1 bits=0x00000000
PROBE21FRAME gc=6 f=65 type=30 slot=162 info=0x92a27d0 bitmap_raw=0x00000000 size=0 bits=0x00000000
PROBE21FRAME gc=6 f=66 type=34 slot=163 info=0x92a27e8 bitmap_raw=0x00000022 size=2 bits=0x00000001
PROBE21FRAME gc=6 f=67 type=30 slot=166 info=0x9143d50 bitmap_raw=0x00000043 size=3 bits=0x00000002
PROBE21BAD gc=6 f=67 type=30 slot=168 pay=1 val=0x0cb15ed1 is_ptr=0 bd_gen=0 bd_flags=0x0 deref_ok=1 info=0x092a2658
PROBE21FRAME gc=6 f=68 type=30 slot=170 info=0x92a27c4 bitmap_raw=0x00000000 size=0 bits=0x00000000
PROBE21FRAME gc=6 f=69 type=30 slot=171 info=0x92463f0 bitmap_raw=0x00000001 size=1 bits=0x00000000
PROBE21FRAME gc=6 f=70 type=34 slot=173 info=0x92a27e8 bitmap_raw=0x00000022 size=2 bits=0x00000001
PROBE21FRAME gc=6 f=71 type=34 slot=176 info=0x92a27e8 bitmap_raw=0x00000022 size=2 bits=0x00000001
PROBE21FRAME gc=6 f=72 type=34 slot=179 info=0x92a27e8 bitmap_raw=0x00000022 size=2 bits=0x00000001
PROBE21FRAME gc=6 f=73 type=36 slot=182 info=0x92a3148 bitmap_raw=0x00000000 size=0 bits=0x00000000
PROBE20BAD gc_no=7 slot=17 val=0x0cbffe5c bd_gen=0 bd_flags=0x0
PROBE20BAD gc_no=7 slot=23 val=0x0cbffe24 bd_gen=0 bd_flags=0x0
PROBE20BAD gc_no=7 slot=29 val=0x0cbffdc4 bd_gen=0 bd_flags=0x0
PROBE20BAD gc_no=7 slot=39 val=0x0cbbc3fc bd_gen=0 bd_flags=0x0
PROBE20BAD gc_no=7 slot=71 val=0x0cb930fa bd_gen=0 bd_flags=0x0
PROBE20BAD gc_no=7 slot=73 val=0x0cb93104 bd_gen=0 bd_flags=0x0
PROBE20BAD gc_no=7 slot=108 val=0x0cb8d030 bd_gen=0 bd_flags=0x0
PROBE20BAD gc_no=7 slot=139 val=0x0cb543d4 bd_gen=0 bd_flags=0x0
PROBE20BAD gc_no=7 slot=160 val=0x0cb2ef7c bd_gen=0 bd_flags=0x0
PROBE20BAD gc_no=7 slot=178 val=0x0cb51339 bd_gen=0 bd_flags=0x0
PROBE20BAD gc_no=7 slot=189 val=0x0cb15ed1 bd_gen=0 bd_flags=0x0
PROBE20 gc_no=7 N=1 major=1 tso=0xce5cd14 stk=0xcde1000 sp=0xcde8cd0 end=0xcde9000 words=204 heap_ptr=96 evacd=85 g0=24 g1=72 other=0 rCurNurs=0xcb01fe0 rCurAlloc=0x0 rCurTSO=0x0
PROBE21FRAME gc=7 f=0 type=30 slot=0 info=0x92a2830 bitmap_raw=0x00000001 size=1 bits=0x00000000
PROBE21FRAME gc=7 f=1 type=30 slot=2 info=0x90ad3f8 bitmap_raw=0x00000004 size=4 bits=0x00000000
PROBE21FRAME gc=7 f=3 type=30 slot=9 info=0x90ad958 bitmap_raw=0x00000000 size=0 bits=0x00000000
PROBE21FRAME gc=7 f=5 type=30 slot=12 info=0x908c194 bitmap_raw=0x00000000 size=0 bits=0x00000000
PROBE21FRAME gc=7 f=7 type=30 slot=15 info=0x92389c4 bitmap_raw=0x00000042 size=2 bits=0x00000002
PROBE21BAD gc=7 f=7 type=30 slot=17 pay=1 val=0x0cbffe5c is_ptr=0 bd_gen=0 bd_flags=0x0 deref_ok=1 info=0x0ce53059
PROBE21FRAME gc=7 f=9 type=30 slot=20 info=0x918a7f8 bitmap_raw=0x00000085 size=5 bits=0x00000004
PROBE21BAD gc=7 f=9 type=30 slot=23 pay=2 val=0x0cbffe24 is_ptr=0 bd_gen=0 bd_flags=0x0 deref_ok=1 info=0x0ce53071
PROBE21FRAME gc=7 f=10 type=30 slot=26 info=0x92719c4 bitmap_raw=0x00000083 size=3 bits=0x00000004
PROBE21BAD gc=7 f=10 type=30 slot=29 pay=2 val=0x0cbffdc4 is_ptr=0 bd_gen=0 bd_flags=0x0 deref_ok=1 info=0x0ce53051
PROBE21FRAME gc=7 f=11 type=30 slot=30 info=0x908c6f0 bitmap_raw=0x00000001 size=1 bits=0x00000000
PROBE21FRAME gc=7 f=13 type=30 slot=34 info=0x908c768 bitmap_raw=0x00000000 size=0 bits=0x00000000
PROBE21FRAME gc=7 f=15 type=30 slot=37 info=0x9189c18 bitmap_raw=0x00000043 size=3 bits=0x00000002
PROBE21BAD gc=7 f=15 type=30 slot=39 pay=1 val=0x0cbbc3fc is_ptr=0 bd_gen=0 bd_flags=0x0 deref_ok=1 info=0x0ce7ecd0
PROBE21FRAME gc=7 f=16 type=30 slot=41 info=0x908c74c bitmap_raw=0x00000001 size=1 bits=0x00000000
PROBE21FRAME gc=7 f=17 type=30 slot=43 info=0x8e52298 bitmap_raw=0x00000c0a size=10 bits=0x00000060
PROBE21FRAME gc=7 f=18 type=30 slot=54 info=0x9267fa0 bitmap_raw=0x00000000 size=0 bits=0x00000000
PROBE21FRAME gc=7 f=20 type=30 slot=57 info=0x9267fd0 bitmap_raw=0x00000000 size=0 bits=0x00000000
PROBE21FRAME gc=7 f=21 type=30 slot=58 info=0x8e528e0 bitmap_raw=0x00000047 size=7 bits=0x00000002
PROBE21FRAME gc=7 f=22 type=30 slot=66 info=0x8e52acc bitmap_raw=0x00000f09 size=9 bits=0x00000078
PROBE21BAD gc=7 f=22 type=30 slot=71 pay=4 val=0x0cb930fa is_ptr=0 bd_gen=0 bd_flags=0x0 deref_ok=1 info=0x0ce9663d
PROBE21BAD gc=7 f=22 type=30 slot=73 pay=6 val=0x0cb93104 is_ptr=0 bd_gen=0 bd_flags=0x0 deref_ok=1 info=0x0ce98ff1
PROBE21FRAME gc=7 f=23 type=30 slot=76 info=0x921765c bitmap_raw=0x00000000 size=0 bits=0x00000000
PROBE21FRAME gc=7 f=24 type=34 slot=77 info=0x92a27e8 bitmap_raw=0x00000022 size=2 bits=0x00000001
PROBE21FRAME gc=7 f=25 type=30 slot=80 info=0x92463f0 bitmap_raw=0x00000001 size=1 bits=0x00000000
PROBE21FRAME gc=7 f=26 type=30 slot=82 info=0x92463f0 bitmap_raw=0x00000001 size=1 bits=0x00000000
PROBE21FRAME gc=7 f=27 type=30 slot=84 info=0x92463f0 bitmap_raw=0x00000001 size=1 bits=0x00000000
PROBE21FRAME gc=7 f=28 type=30 slot=86 info=0x92463f0 bitmap_raw=0x00000001 size=1 bits=0x00000000
PROBE21FRAME gc=7 f=29 type=30 slot=88 info=0x92463f0 bitmap_raw=0x00000001 size=1 bits=0x00000000
PROBE21FRAME gc=7 f=30 type=30 slot=90 info=0x92463f0 bitmap_raw=0x00000001 size=1 bits=0x00000000
PROBE21FRAME gc=7 f=31 type=30 slot=92 info=0x92463f0 bitmap_raw=0x00000001 size=1 bits=0x00000000
PROBE21FRAME gc=7 f=32 type=30 slot=94 info=0x921765c bitmap_raw=0x00000000 size=0 bits=0x00000000
PROBE21FRAME gc=7 f=33 type=34 slot=95 info=0x92a27e8 bitmap_raw=0x00000022 size=2 bits=0x00000001
PROBE21FRAME gc=7 f=34 type=30 slot=98 info=0x92463f0 bitmap_raw=0x00000001 size=1 bits=0x00000000
PROBE21FRAME gc=7 f=35 type=30 slot=100 info=0x92463f0 bitmap_raw=0x00000001 size=1 bits=0x00000000
PROBE21FRAME gc=7 f=36 type=30 slot=102 info=0x92463f0 bitmap_raw=0x00000001 size=1 bits=0x00000000
PROBE21FRAME gc=7 f=37 type=30 slot=104 info=0x92463f0 bitmap_raw=0x00000001 size=1 bits=0x00000000
PROBE21FRAME gc=7 f=38 type=30 slot=106 info=0x92462b8 bitmap_raw=0x00000042 size=2 bits=0x00000002
PROBE21BAD gc=7 f=38 type=30 slot=108 pay=1 val=0x0cb8d030 is_ptr=0 bd_gen=0 bd_flags=0x0 deref_ok=1 info=0x0cb8d51e
PROBE21FRAME gc=7 f=39 type=30 slot=109 info=0x9246294 bitmap_raw=0x00000001 size=1 bits=0x00000000
PROBE21FRAME gc=7 f=40 type=30 slot=111 info=0x92463f0 bitmap_raw=0x00000001 size=1 bits=0x00000000
PROBE21FRAME gc=7 f=41 type=30 slot=113 info=0x92463f0 bitmap_raw=0x00000001 size=1 bits=0x00000000
PROBE21FRAME gc=7 f=42 type=30 slot=115 info=0x92463f0 bitmap_raw=0x00000001 size=1 bits=0x00000000
PROBE21FRAME gc=7 f=43 type=30 slot=117 info=0x92463f0 bitmap_raw=0x00000001 size=1 bits=0x00000000
PROBE21FRAME gc=7 f=44 type=30 slot=119 info=0x921765c bitmap_raw=0x00000000 size=0 bits=0x00000000
PROBE21FRAME gc=7 f=45 type=34 slot=120 info=0x92a27e8 bitmap_raw=0x00000022 size=2 bits=0x00000001
PROBE21FRAME gc=7 f=46 type=30 slot=123 info=0x92463f0 bitmap_raw=0x00000001 size=1 bits=0x00000000
PROBE21FRAME gc=7 f=47 type=30 slot=125 info=0x92463f0 bitmap_raw=0x00000001 size=1 bits=0x00000000
PROBE21FRAME gc=7 f=48 type=30 slot=127 info=0x92463f0 bitmap_raw=0x00000001 size=1 bits=0x00000000
PROBE21FRAME gc=7 f=49 type=30 slot=129 info=0x92463f0 bitmap_raw=0x00000001 size=1 bits=0x00000000
PROBE21FRAME gc=7 f=50 type=30 slot=131 info=0x92463f0 bitmap_raw=0x00000001 size=1 bits=0x00000000
PROBE21FRAME gc=7 f=51 type=30 slot=133 info=0x92463f0 bitmap_raw=0x00000001 size=1 bits=0x00000000
PROBE21FRAME gc=7 f=52 type=30 slot=135 info=0x92463f0 bitmap_raw=0x00000001 size=1 bits=0x00000000
PROBE21FRAME gc=7 f=53 type=30 slot=137 info=0x92462b8 bitmap_raw=0x00000042 size=2 bits=0x00000002
PROBE21BAD gc=7 f=53 type=30 slot=139 pay=1 val=0x0cb543d4 is_ptr=0 bd_gen=0 bd_flags=0x0 deref_ok=1 info=0x092a2e04
PROBE21FRAME gc=7 f=54 type=30 slot=140 info=0x92463f0 bitmap_raw=0x00000001 size=1 bits=0x00000000
PROBE21FRAME gc=7 f=55 type=30 slot=142 info=0x92463f0 bitmap_raw=0x00000001 size=1 bits=0x00000000
PROBE21FRAME gc=7 f=56 type=30 slot=144 info=0x92463f0 bitmap_raw=0x00000001 size=1 bits=0x00000000
PROBE21FRAME gc=7 f=57 type=30 slot=146 info=0x92463f0 bitmap_raw=0x00000001 size=1 bits=0x00000000
PROBE21FRAME gc=7 f=58 type=30 slot=148 info=0x92463f0 bitmap_raw=0x00000001 size=1 bits=0x00000000
PROBE21FRAME gc=7 f=59 type=30 slot=150 info=0x92463f0 bitmap_raw=0x00000001 size=1 bits=0x00000000
PROBE21FRAME gc=7 f=60 type=30 slot=152 info=0x92463f0 bitmap_raw=0x00000001 size=1 bits=0x00000000
PROBE21FRAME gc=7 f=61 type=30 slot=154 info=0x92463f0 bitmap_raw=0x00000001 size=1 bits=0x00000000
PROBE21FRAME gc=7 f=62 type=30 slot=156 info=0x92463f0 bitmap_raw=0x00000001 size=1 bits=0x00000000
PROBE21FRAME gc=7 f=63 type=30 slot=158 info=0x924624c bitmap_raw=0x00000043 size=3 bits=0x00000002
PROBE21BAD gc=7 f=63 type=30 slot=160 pay=1 val=0x0cb2ef7c is_ptr=0 bd_gen=0 bd_flags=0x0 deref_ok=1 info=0x092b1580
PROBE21FRAME gc=7 f=64 type=30 slot=162 info=0x92463f0 bitmap_raw=0x00000001 size=1 bits=0x00000000
PROBE21FRAME gc=7 f=65 type=34 slot=164 info=0x92a27e8 bitmap_raw=0x00000022 size=2 bits=0x00000001
PROBE21FRAME gc=7 f=66 type=30 slot=167 info=0x92463f0 bitmap_raw=0x00000001 size=1 bits=0x00000000
PROBE21FRAME gc=7 f=67 type=34 slot=169 info=0x92a27e8 bitmap_raw=0x00000022 size=2 bits=0x00000001
PROBE21FRAME gc=7 f=68 type=30 slot=172 info=0x92a27d0 bitmap_raw=0x00000000 size=0 bits=0x00000000
PROBE21FRAME gc=7 f=69 type=34 slot=173 info=0x92a27e8 bitmap_raw=0x00000022 size=2 bits=0x00000001
PROBE21FRAME gc=7 f=70 type=30 slot=176 info=0x9143d50 bitmap_raw=0x00000043 size=3 bits=0x00000002
PROBE21BAD gc=7 f=70 type=30 slot=178 pay=1 val=0x0cb51339 is_ptr=0 bd_gen=0 bd_flags=0x0 deref_ok=1 info=0x0ce98ff1
PROBE21FRAME gc=7 f=71 type=30 slot=180 info=0x92a27c4 bitmap_raw=0x00000000 size=0 bits=0x00000000
PROBE21FRAME gc=7 f=72 type=30 slot=181 info=0x92463f0 bitmap_raw=0x00000001 size=1 bits=0x00000000
PROBE21FRAME gc=7 f=73 type=30 slot=183 info=0x92a27d0 bitmap_raw=0x00000000 size=0 bits=0x00000000
PROBE21FRAME gc=7 f=74 type=34 slot=184 info=0x92a27e8 bitmap_raw=0x00000022 size=2 bits=0x00000001
PROBE21FRAME gc=7 f=75 type=30 slot=187 info=0x9143d50 bitmap_raw=0x00000043 size=3 bits=0x00000002
PROBE21BAD gc=7 f=75 type=30 slot=189 pay=1 val=0x0cb15ed1 is_ptr=0 bd_gen=0 bd_flags=0x0 deref_ok=1 info=0x0ce7ecd0
PROBE21FRAME gc=7 f=76 type=30 slot=191 info=0x92a27c4 bitmap_raw=0x00000000 size=0 bits=0x00000000
PROBE21FRAME gc=7 f=77 type=30 slot=192 info=0x92463f0 bitmap_raw=0x00000001 size=1 bits=0x00000000
PROBE21FRAME gc=7 f=78 type=34 slot=194 info=0x92a27e8 bitmap_raw=0x00000022 size=2 bits=0x00000001
PROBE21FRAME gc=7 f=79 type=34 slot=197 info=0x92a27e8 bitmap_raw=0x00000022 size=2 bits=0x00000001
PROBE21FRAME gc=7 f=80 type=34 slot=200 info=0x92a27e8 bitmap_raw=0x00000022 size=2 bits=0x00000001
PROBE21FRAME gc=7 f=81 type=36 slot=203 info=0x92a3148 bitmap_raw=0x00000000 size=0 bits=0x00000000
PROBE20BAD gc_no=8 slot=17 val=0x0cbffe0c bd_gen=0 bd_flags=0x0
PROBE20BAD gc_no=8 slot=27 val=0x0cbbc3fc bd_gen=0 bd_flags=0x0
PROBE20BAD gc_no=8 slot=59 val=0x0cb930fa bd_gen=0 bd_flags=0x0
PROBE20BAD gc_no=8 slot=61 val=0x0cb93104 bd_gen=0 bd_flags=0x0
PROBE20BAD gc_no=8 slot=96 val=0x0cb8d030 bd_gen=0 bd_flags=0x0
PROBE20BAD gc_no=8 slot=127 val=0x0cb543d4 bd_gen=0 bd_flags=0x0
PROBE20BAD gc_no=8 slot=148 val=0x0cb2ef7c bd_gen=0 bd_flags=0x0
PROBE20BAD gc_no=8 slot=166 val=0x0cb51339 bd_gen=0 bd_flags=0x0
PROBE20BAD gc_no=8 slot=177 val=0x0cb15ed1 bd_gen=0 bd_flags=0x0
PROBE20 gc_no=8 N=0 major=0 tso=0xce5cd14 stk=0xcde1000 sp=0xcde8d00 end=0xcde9000 words=192 heap_ptr=90 evacd=81 g0=16 g1=74 other=0 rCurNurs=0xcb01fe0 rCurAlloc=0xce01e40 rCurTSO=0x0
PROBE21FRAME gc=8 f=0 type=30 slot=0 info=0x92a280c bitmap_raw=0x00000001 size=1 bits=0x00000000
PROBE21FRAME gc=8 f=1 type=30 slot=2 info=0x90cfa48 bitmap_raw=0x00000001 size=1 bits=0x00000000
PROBE21FRAME gc=8 f=2 type=30 slot=4 info=0x918a818 bitmap_raw=0x00000809 size=9 bits=0x00000040
PROBE21FRAME gc=8 f=3 type=30 slot=14 info=0x92719c4 bitmap_raw=0x00000083 size=3 bits=0x00000004
PROBE21BAD gc=8 f=3 type=30 slot=17 pay=2 val=0x0cbffe0c is_ptr=0 bd_gen=0 bd_flags=0x0 deref_ok=1 info=0x092a2e04
PROBE21FRAME gc=8 f=4 type=30 slot=18 info=0x908c6f0 bitmap_raw=0x00000001 size=1 bits=0x00000000
PROBE21FRAME gc=8 f=6 type=30 slot=22 info=0x908c768 bitmap_raw=0x00000000 size=0 bits=0x00000000
PROBE21FRAME gc=8 f=8 type=30 slot=25 info=0x9189c18 bitmap_raw=0x00000043 size=3 bits=0x00000002
PROBE21BAD gc=8 f=8 type=30 slot=27 pay=1 val=0x0cbbc3fc is_ptr=0 bd_gen=0 bd_flags=0x0 deref_ok=1 info=0x0ce449c5
PROBE21FRAME gc=8 f=9 type=30 slot=29 info=0x908c74c bitmap_raw=0x00000001 size=1 bits=0x00000000
PROBE21FRAME gc=8 f=10 type=30 slot=31 info=0x8e52298 bitmap_raw=0x00000c0a size=10 bits=0x00000060
PROBE21FRAME gc=8 f=11 type=30 slot=42 info=0x9267fa0 bitmap_raw=0x00000000 size=0 bits=0x00000000
PROBE21FRAME gc=8 f=13 type=30 slot=45 info=0x9267fd0 bitmap_raw=0x00000000 size=0 bits=0x00000000
PROBE21FRAME gc=8 f=14 type=30 slot=46 info=0x8e528e0 bitmap_raw=0x00000047 size=7 bits=0x00000002
PROBE21FRAME gc=8 f=15 type=30 slot=54 info=0x8e52acc bitmap_raw=0x00000f09 size=9 bits=0x00000078
PROBE21BAD gc=8 f=15 type=30 slot=59 pay=4 val=0x0cb930fa is_ptr=0 bd_gen=0 bd_flags=0x0 deref_ok=1 info=0x092ba183
PROBE21BAD gc=8 f=15 type=30 slot=61 pay=6 val=0x0cb93104 is_ptr=0 bd_gen=0 bd_flags=0x0 deref_ok=1 info=0x092ba183
PROBE21FRAME gc=8 f=16 type=30 slot=64 info=0x921765c bitmap_raw=0x00000000 size=0 bits=0x00000000
PROBE21FRAME gc=8 f=17 type=34 slot=65 info=0x92a27e8 bitmap_raw=0x00000022 size=2 bits=0x00000001
PROBE21FRAME gc=8 f=18 type=30 slot=68 info=0x92463f0 bitmap_raw=0x00000001 size=1 bits=0x00000000
PROBE21FRAME gc=8 f=19 type=30 slot=70 info=0x92463f0 bitmap_raw=0x00000001 size=1 bits=0x00000000
PROBE21FRAME gc=8 f=20 type=30 slot=72 info=0x92463f0 bitmap_raw=0x00000001 size=1 bits=0x00000000
PROBE21FRAME gc=8 f=21 type=30 slot=74 info=0x92463f0 bitmap_raw=0x00000001 size=1 bits=0x00000000
PROBE21FRAME gc=8 f=22 type=30 slot=76 info=0x92463f0 bitmap_raw=0x00000001 size=1 bits=0x00000000
PROBE21FRAME gc=8 f=23 type=30 slot=78 info=0x92463f0 bitmap_raw=0x00000001 size=1 bits=0x00000000
PROBE21FRAME gc=8 f=24 type=30 slot=80 info=0x92463f0 bitmap_raw=0x00000001 size=1 bits=0x00000000
PROBE21FRAME gc=8 f=25 type=30 slot=82 info=0x921765c bitmap_raw=0x00000000 size=0 bits=0x00000000
PROBE21FRAME gc=8 f=26 type=34 slot=83 info=0x92a27e8 bitmap_raw=0x00000022 size=2 bits=0x00000001
PROBE21FRAME gc=8 f=27 type=30 slot=86 info=0x92463f0 bitmap_raw=0x00000001 size=1 bits=0x00000000
PROBE21FRAME gc=8 f=28 type=30 slot=88 info=0x92463f0 bitmap_raw=0x00000001 size=1 bits=0x00000000
PROBE21FRAME gc=8 f=29 type=30 slot=90 info=0x92463f0 bitmap_raw=0x00000001 size=1 bits=0x00000000
PROBE21FRAME gc=8 f=30 type=30 slot=92 info=0x92463f0 bitmap_raw=0x00000001 size=1 bits=0x00000000
PROBE21FRAME gc=8 f=31 type=30 slot=94 info=0x92462b8 bitmap_raw=0x00000042 size=2 bits=0x00000002
PROBE21BAD gc=8 f=31 type=30 slot=96 pay=1 val=0x0cb8d030 is_ptr=0 bd_gen=0 bd_flags=0x0 deref_ok=1 info=0x0ce449c5
PROBE21FRAME gc=8 f=32 type=30 slot=97 info=0x9246294 bitmap_raw=0x00000001 size=1 bits=0x00000000
PROBE21FRAME gc=8 f=33 type=30 slot=99 info=0x92463f0 bitmap_raw=0x00000001 size=1 bits=0x00000000
PROBE21FRAME gc=8 f=34 type=30 slot=101 info=0x92463f0 bitmap_raw=0x00000001 size=1 bits=0x00000000
PROBE21FRAME gc=8 f=35 type=30 slot=103 info=0x92463f0 bitmap_raw=0x00000001 size=1 bits=0x00000000
PROBE21FRAME gc=8 f=36 type=30 slot=105 info=0x92463f0 bitmap_raw=0x00000001 size=1 bits=0x00000000
PROBE21FRAME gc=8 f=37 type=30 slot=107 info=0x921765c bitmap_raw=0x00000000 size=0 bits=0x00000000
PROBE21FRAME gc=8 f=38 type=34 slot=108 info=0x92a27e8 bitmap_raw=0x00000022 size=2 bits=0x00000001
PROBE21FRAME gc=8 f=39 type=30 slot=111 info=0x92463f0 bitmap_raw=0x00000001 size=1 bits=0x00000000
PROBE21FRAME gc=8 f=40 type=30 slot=113 info=0x92463f0 bitmap_raw=0x00000001 size=1 bits=0x00000000
PROBE21FRAME gc=8 f=41 type=30 slot=115 info=0x92463f0 bitmap_raw=0x00000001 size=1 bits=0x00000000
PROBE21FRAME gc=8 f=42 type=30 slot=117 info=0x92463f0 bitmap_raw=0x00000001 size=1 bits=0x00000000
PROBE21FRAME gc=8 f=43 type=30 slot=119 info=0x92463f0 bitmap_raw=0x00000001 size=1 bits=0x00000000
PROBE21FRAME gc=8 f=44 type=30 slot=121 info=0x92463f0 bitmap_raw=0x00000001 size=1 bits=0x00000000
PROBE21FRAME gc=8 f=45 type=30 slot=123 info=0x92463f0 bitmap_raw=0x00000001 size=1 bits=0x00000000
PROBE21FRAME gc=8 f=46 type=30 slot=125 info=0x92462b8 bitmap_raw=0x00000042 size=2 bits=0x00000002
PROBE21BAD gc=8 f=46 type=30 slot=127 pay=1 val=0x0cb543d4 is_ptr=0 bd_gen=0 bd_flags=0x0 deref_ok=1 info=0x000002d5
PROBE21FRAME gc=8 f=47 type=30 slot=128 info=0x92463f0 bitmap_raw=0x00000001 size=1 bits=0x00000000
PROBE21FRAME gc=8 f=48 type=30 slot=130 info=0x92463f0 bitmap_raw=0x00000001 size=1 bits=0x00000000
PROBE21FRAME gc=8 f=49 type=30 slot=132 info=0x92463f0 bitmap_raw=0x00000001 size=1 bits=0x00000000
PROBE21FRAME gc=8 f=50 type=30 slot=134 info=0x92463f0 bitmap_raw=0x00000001 size=1 bits=0x00000000
PROBE21FRAME gc=8 f=51 type=30 slot=136 info=0x92463f0 bitmap_raw=0x00000001 size=1 bits=0x00000000
PROBE21FRAME gc=8 f=52 type=30 slot=138 info=0x92463f0 bitmap_raw=0x00000001 size=1 bits=0x00000000
PROBE21FRAME gc=8 f=53 type=30 slot=140 info=0x92463f0 bitmap_raw=0x00000001 size=1 bits=0x00000000
PROBE21FRAME gc=8 f=54 type=30 slot=142 info=0x92463f0 bitmap_raw=0x00000001 size=1 bits=0x00000000
PROBE21FRAME gc=8 f=55 type=30 slot=144 info=0x92463f0 bitmap_raw=0x00000001 size=1 bits=0x00000000
PROBE21FRAME gc=8 f=56 type=30 slot=146 info=0x924624c bitmap_raw=0x00000043 size=3 bits=0x00000002
PROBE21BAD gc=8 f=56 type=30 slot=148 pay=1 val=0x0cb2ef7c is_ptr=0 bd_gen=0 bd_flags=0x0 deref_ok=1 info=0x0cb2f4c2
PROBE21FRAME gc=8 f=57 type=30 slot=150 info=0x92463f0 bitmap_raw=0x00000001 size=1 bits=0x00000000
PROBE21FRAME gc=8 f=58 type=34 slot=152 info=0x92a27e8 bitmap_raw=0x00000022 size=2 bits=0x00000001
PROBE21FRAME gc=8 f=59 type=30 slot=155 info=0x92463f0 bitmap_raw=0x00000001 size=1 bits=0x00000000
PROBE21FRAME gc=8 f=60 type=34 slot=157 info=0x92a27e8 bitmap_raw=0x00000022 size=2 bits=0x00000001
PROBE21FRAME gc=8 f=61 type=30 slot=160 info=0x92a27d0 bitmap_raw=0x00000000 size=0 bits=0x00000000
PROBE21FRAME gc=8 f=62 type=34 slot=161 info=0x92a27e8 bitmap_raw=0x00000022 size=2 bits=0x00000001
PROBE21FRAME gc=8 f=63 type=30 slot=164 info=0x9143d50 bitmap_raw=0x00000043 size=3 bits=0x00000002
PROBE21BAD gc=8 f=63 type=30 slot=166 pay=1 val=0x0cb51339 is_ptr=0 bd_gen=0 bd_flags=0x0 deref_ok=1 info=0x00000001
PROBE21FRAME gc=8 f=64 type=30 slot=168 info=0x92a27c4 bitmap_raw=0x00000000 size=0 bits=0x00000000
PROBE21FRAME gc=8 f=65 type=30 slot=169 info=0x92463f0 bitmap_raw=0x00000001 size=1 bits=0x00000000
PROBE21FRAME gc=8 f=66 type=30 slot=171 info=0x92a27d0 bitmap_raw=0x00000000 size=0 bits=0x00000000
PROBE21FRAME gc=8 f=67 type=34 slot=172 info=0x92a27e8 bitmap_raw=0x00000022 size=2 bits=0x00000001
PROBE21FRAME gc=8 f=68 type=30 slot=175 info=0x9143d50 bitmap_raw=0x00000043 size=3 bits=0x00000002
PROBE21BAD gc=8 f=68 type=30 slot=177 pay=1 val=0x0cb15ed1 is_ptr=0 bd_gen=0 bd_flags=0x0 deref_ok=1 info=0x0cb0e251
PROBE21FRAME gc=8 f=69 type=30 slot=179 info=0x92a27c4 bitmap_raw=0x00000000 size=0 bits=0x00000000
PROBE21FRAME gc=8 f=70 type=30 slot=180 info=0x92463f0 bitmap_raw=0x00000001 size=1 bits=0x00000000
PROBE21FRAME gc=8 f=71 type=34 slot=182 info=0x92a27e8 bitmap_raw=0x00000022 size=2 bits=0x00000001
PROBE21FRAME gc=8 f=72 type=34 slot=185 info=0x92a27e8 bitmap_raw=0x00000022 size=2 bits=0x00000001
PROBE21FRAME gc=8 f=73 type=34 slot=188 info=0x92a27e8 bitmap_raw=0x00000022 size=2 bits=0x00000001
PROBE21FRAME gc=8 f=74 type=36 slot=191 info=0x92a3148 bitmap_raw=0x00000000 size=0 bits=0x00000000
PROBE20BAD gc_no=9 slot=18 val=0x0cbffcb9 bd_gen=0 bd_flags=0x0
PROBE20BAD gc_no=9 slot=21 val=0x0cbffd82 bd_gen=0 bd_flags=0x0
PROBE20BAD gc_no=9 slot=23 val=0x0cbffd64 bd_gen=0 bd_flags=0x0
PROBE20BAD gc_no=9 slot=24 val=0x0cbc74a9 bd_gen=0 bd_flags=0x0
PROBE20BAD gc_no=9 slot=28 val=0x0cbffcd1 bd_gen=0 bd_flags=0x0
PROBE20BAD gc_no=9 slot=31 val=0x0cbffd82 bd_gen=0 bd_flags=0x0
PROBE20BAD gc_no=9 slot=33 val=0x0cbffd64 bd_gen=0 bd_flags=0x0
PROBE20BAD gc_no=9 slot=34 val=0x0cbc74a9 bd_gen=0 bd_flags=0x0
PROBE20BAD gc_no=9 slot=38 val=0x0cbffce9 bd_gen=0 bd_flags=0x0
PROBE20BAD gc_no=9 slot=41 val=0x0cbffd82 bd_gen=0 bd_flags=0x0
PROBE20BAD gc_no=9 slot=43 val=0x0cbffd64 bd_gen=0 bd_flags=0x0
PROBE20BAD gc_no=9 slot=44 val=0x0cbc74a9 bd_gen=0 bd_flags=0x0
PROBE20BAD gc_no=9 slot=48 val=0x0cbffd01 bd_gen=0 bd_flags=0x0
PROBE20BAD gc_no=9 slot=51 val=0x0cbffd82 bd_gen=0 bd_flags=0x0
PROBE20BAD gc_no=9 slot=53 val=0x0cbffd64 bd_gen=0 bd_flags=0x0
PROBE20BAD gc_no=9 slot=54 val=0x0cbc74a9 bd_gen=0 bd_flags=0x0
PROBE20BAD gc_no=9 slot=68 val=0x0cbbc3fc bd_gen=0 bd_flags=0x0
PROBE20BAD gc_no=9 slot=100 val=0x0cb930fa bd_gen=0 bd_flags=0x0
PROBE20BAD gc_no=9 slot=102 val=0x0cb93104 bd_gen=0 bd_flags=0x0
PROBE20BAD gc_no=9 slot=137 val=0x0cb8d030 bd_gen=0 bd_flags=0x0
PROBE20BAD gc_no=9 slot=168 val=0x0cb543d4 bd_gen=0 bd_flags=0x0
PROBE20BAD gc_no=9 slot=189 val=0x0cb2ef7c bd_gen=0 bd_flags=0x0
PROBE20BAD gc_no=9 slot=207 val=0x0cb51339 bd_gen=0 bd_flags=0x0
PROBE20BAD gc_no=9 slot=218 val=0x0cb15ed1 bd_gen=0 bd_flags=0x0
PROBE20 gc_no=9 N=0 major=0 tso=0xce5cd14 stk=0xcde1000 sp=0xcde8c5c end=0xcde9000 words=233 heap_ptr=118 evacd=94 g0=43 g1=75 other=0 rCurNurs=0xcb01fe0 rCurAlloc=0xcb01f80 rCurTSO=0x0
PROBE21FRAME gc=9 f=0 type=30 slot=0 info=0x92a2830 bitmap_raw=0x00000001 size=1 bits=0x00000000
PROBE21FRAME gc=9 f=1 type=30 slot=2 info=0x90b3d78 bitmap_raw=0x00000002 size=2 bits=0x00000000
PROBE21FRAME gc=9 f=2 type=30 slot=5 info=0x918a818 bitmap_raw=0x00000809 size=9 bits=0x00000040
PROBE21FRAME gc=9 f=3 type=30 slot=15 info=0x918a828 bitmap_raw=0x00003e89 size=9 bits=0x000001f4
PROBE21BAD gc=9 f=3 type=30 slot=18 pay=2 val=0x0cbffcb9 is_ptr=0 bd_gen=0 bd_flags=0x0 deref_ok=1 info=0x09189064
PROBE21BAD gc=9 f=3 type=30 slot=21 pay=5 val=0x0cbffd82 is_ptr=0 bd_gen=0 bd_flags=0x0 deref_ok=1 info=0x0cdd0059
PROBE21BAD gc=9 f=3 type=30 slot=23 pay=7 val=0x0cbffd64 is_ptr=0 bd_gen=0 bd_flags=0x0 deref_ok=1 info=0x0cdd0065
PROBE21BAD gc=9 f=3 type=30 slot=24 pay=8 val=0x0cbc74a9 is_ptr=0 bd_gen=0 bd_flags=0x0 deref_ok=1 info=0x0cdd0001
PROBE21FRAME gc=9 f=4 type=30 slot=25 info=0x918a828 bitmap_raw=0x00003e89 size=9 bits=0x000001f4
PROBE21BAD gc=9 f=4 type=30 slot=28 pay=2 val=0x0cbffcd1 is_ptr=0 bd_gen=0 bd_flags=0x0 deref_ok=1 info=0x09189064
PROBE21BAD gc=9 f=4 type=30 slot=31 pay=5 val=0x0cbffd82 is_ptr=0 bd_gen=0 bd_flags=0x0 deref_ok=1 info=0x0cdd0059
PROBE21BAD gc=9 f=4 type=30 slot=33 pay=7 val=0x0cbffd64 is_ptr=0 bd_gen=0 bd_flags=0x0 deref_ok=1 info=0x0cdd0065
PROBE21BAD gc=9 f=4 type=30 slot=34 pay=8 val=0x0cbc74a9 is_ptr=0 bd_gen=0 bd_flags=0x0 deref_ok=1 info=0x0cdd0001
PROBE21FRAME gc=9 f=5 type=30 slot=35 info=0x918a828 bitmap_raw=0x00003e89 size=9 bits=0x000001f4
PROBE21BAD gc=9 f=5 type=30 slot=38 pay=2 val=0x0cbffce9 is_ptr=0 bd_gen=0 bd_flags=0x0 deref_ok=1 info=0x09189064
PROBE21BAD gc=9 f=5 type=30 slot=41 pay=5 val=0x0cbffd82 is_ptr=0 bd_gen=0 bd_flags=0x0 deref_ok=1 info=0x0cdd0059
PROBE21BAD gc=9 f=5 type=30 slot=43 pay=7 val=0x0cbffd64 is_ptr=0 bd_gen=0 bd_flags=0x0 deref_ok=1 info=0x0cdd0065
PROBE21BAD gc=9 f=5 type=30 slot=44 pay=8 val=0x0cbc74a9 is_ptr=0 bd_gen=0 bd_flags=0x0 deref_ok=1 info=0x0cdd0001
PROBE21FRAME gc=9 f=6 type=30 slot=45 info=0x918a828 bitmap_raw=0x00003e89 size=9 bits=0x000001f4
PROBE21BAD gc=9 f=6 type=30 slot=48 pay=2 val=0x0cbffd01 is_ptr=0 bd_gen=0 bd_flags=0x0 deref_ok=1 info=0x09189064
PROBE21BAD gc=9 f=6 type=30 slot=51 pay=5 val=0x0cbffd82 is_ptr=0 bd_gen=0 bd_flags=0x0 deref_ok=1 info=0x0cdd0059
PROBE21BAD gc=9 f=6 type=30 slot=53 pay=7 val=0x0cbffd64 is_ptr=0 bd_gen=0 bd_flags=0x0 deref_ok=1 info=0x0cdd0065
PROBE21BAD gc=9 f=6 type=30 slot=54 pay=8 val=0x0cbc74a9 is_ptr=0 bd_gen=0 bd_flags=0x0 deref_ok=1 info=0x0cdd0001
PROBE21FRAME gc=9 f=7 type=30 slot=55 info=0x92719c4 bitmap_raw=0x00000083 size=3 bits=0x00000004
PROBE21FRAME gc=9 f=8 type=30 slot=59 info=0x908c6f0 bitmap_raw=0x00000001 size=1 bits=0x00000000
PROBE21FRAME gc=9 f=10 type=30 slot=63 info=0x908c768 bitmap_raw=0x00000000 size=0 bits=0x00000000
PROBE21FRAME gc=9 f=12 type=30 slot=66 info=0x9189c18 bitmap_raw=0x00000043 size=3 bits=0x00000002
PROBE21BAD gc=9 f=12 type=30 slot=68 pay=1 val=0x0cbbc3fc is_ptr=0 bd_gen=0 bd_flags=0x0 deref_ok=1 info=0x092a2e04
PROBE21FRAME gc=9 f=13 type=30 slot=70 info=0x908c74c bitmap_raw=0x00000001 size=1 bits=0x00000000
PROBE21FRAME gc=9 f=14 type=30 slot=72 info=0x8e52298 bitmap_raw=0x00000c0a size=10 bits=0x00000060
PROBE21FRAME gc=9 f=15 type=30 slot=83 info=0x9267fa0 bitmap_raw=0x00000000 size=0 bits=0x00000000
PROBE21FRAME gc=9 f=17 type=30 slot=86 info=0x9267fd0 bitmap_raw=0x00000000 size=0 bits=0x00000000
PROBE21FRAME gc=9 f=18 type=30 slot=87 info=0x8e528e0 bitmap_raw=0x00000047 size=7 bits=0x00000002
PROBE21FRAME gc=9 f=19 type=30 slot=95 info=0x8e52acc bitmap_raw=0x00000f09 size=9 bits=0x00000078
PROBE21BAD gc=9 f=19 type=30 slot=100 pay=4 val=0x0cb930fa is_ptr=0 bd_gen=0 bd_flags=0x0 deref_ok=1 info=0x0cb9312d
PROBE21BAD gc=9 f=19 type=30 slot=102 pay=6 val=0x0cb93104 is_ptr=0 bd_gen=0 bd_flags=0x0 deref_ok=1 info=0x0cb93125
PROBE21FRAME gc=9 f=20 type=30 slot=105 info=0x921765c bitmap_raw=0x00000000 size=0 bits=0x00000000
PROBE21FRAME gc=9 f=21 type=34 slot=106 info=0x92a27e8 bitmap_raw=0x00000022 size=2 bits=0x00000001
PROBE21FRAME gc=9 f=22 type=30 slot=109 info=0x92463f0 bitmap_raw=0x00000001 size=1 bits=0x00000000
PROBE21FRAME gc=9 f=23 type=30 slot=111 info=0x92463f0 bitmap_raw=0x00000001 size=1 bits=0x00000000
PROBE21FRAME gc=9 f=24 type=30 slot=113 info=0x92463f0 bitmap_raw=0x00000001 size=1 bits=0x00000000
PROBE21FRAME gc=9 f=25 type=30 slot=115 info=0x92463f0 bitmap_raw=0x00000001 size=1 bits=0x00000000
PROBE21FRAME gc=9 f=26 type=30 slot=117 info=0x92463f0 bitmap_raw=0x00000001 size=1 bits=0x00000000
PROBE21FRAME gc=9 f=27 type=30 slot=119 info=0x92463f0 bitmap_raw=0x00000001 size=1 bits=0x00000000
PROBE21FRAME gc=9 f=28 type=30 slot=121 info=0x92463f0 bitmap_raw=0x00000001 size=1 bits=0x00000000
PROBE21FRAME gc=9 f=29 type=30 slot=123 info=0x921765c bitmap_raw=0x00000000 size=0 bits=0x00000000
PROBE21FRAME gc=9 f=30 type=34 slot=124 info=0x92a27e8 bitmap_raw=0x00000022 size=2 bits=0x00000001
PROBE21FRAME gc=9 f=31 type=30 slot=127 info=0x92463f0 bitmap_raw=0x00000001 size=1 bits=0x00000000
PROBE21FRAME gc=9 f=32 type=30 slot=129 info=0x92463f0 bitmap_raw=0x00000001 size=1 bits=0x00000000
PROBE21FRAME gc=9 f=33 type=30 slot=131 info=0x92463f0 bitmap_raw=0x00000001 size=1 bits=0x00000000
PROBE21FRAME gc=9 f=34 type=30 slot=133 info=0x92463f0 bitmap_raw=0x00000001 size=1 bits=0x00000000
PROBE21FRAME gc=9 f=35 type=30 slot=135 info=0x92462b8 bitmap_raw=0x00000042 size=2 bits=0x00000002
PROBE21BAD gc=9 f=35 type=30 slot=137 pay=1 val=0x0cb8d030 is_ptr=0 bd_gen=0 bd_flags=0x0 deref_ok=1 info=0x092acb10
PROBE21FRAME gc=9 f=36 type=30 slot=138 info=0x9246294 bitmap_raw=0x00000001 size=1 bits=0x00000000
PROBE21FRAME gc=9 f=37 type=30 slot=140 info=0x92463f0 bitmap_raw=0x00000001 size=1 bits=0x00000000
PROBE21FRAME gc=9 f=38 type=30 slot=142 info=0x92463f0 bitmap_raw=0x00000001 size=1 bits=0x00000000
PROBE21FRAME gc=9 f=39 type=30 slot=144 info=0x92463f0 bitmap_raw=0x00000001 size=1 bits=0x00000000
PROBE21FRAME gc=9 f=40 type=30 slot=146 info=0x92463f0 bitmap_raw=0x00000001 size=1 bits=0x00000000
PROBE21FRAME gc=9 f=41 type=30 slot=148 info=0x921765c bitmap_raw=0x00000000 size=0 bits=0x00000000
PROBE21FRAME gc=9 f=42 type=34 slot=149 info=0x92a27e8 bitmap_raw=0x00000022 size=2 bits=0x00000001
PROBE21FRAME gc=9 f=43 type=30 slot=152 info=0x92463f0 bitmap_raw=0x00000001 size=1 bits=0x00000000
PROBE21FRAME gc=9 f=44 type=30 slot=154 info=0x92463f0 bitmap_raw=0x00000001 size=1 bits=0x00000000
PROBE21FRAME gc=9 f=45 type=30 slot=156 info=0x92463f0 bitmap_raw=0x00000001 size=1 bits=0x00000000
PROBE21FRAME gc=9 f=46 type=30 slot=158 info=0x92463f0 bitmap_raw=0x00000001 size=1 bits=0x00000000
PROBE21FRAME gc=9 f=47 type=30 slot=160 info=0x92463f0 bitmap_raw=0x00000001 size=1 bits=0x00000000
PROBE21FRAME gc=9 f=48 type=30 slot=162 info=0x92463f0 bitmap_raw=0x00000001 size=1 bits=0x00000000
PROBE21FRAME gc=9 f=49 type=30 slot=164 info=0x92463f0 bitmap_raw=0x00000001 size=1 bits=0x00000000
PROBE21FRAME gc=9 f=50 type=30 slot=166 info=0x92462b8 bitmap_raw=0x00000042 size=2 bits=0x00000002
PROBE21BAD gc=9 f=50 type=30 slot=168 pay=1 val=0x0cb543d4 is_ptr=0 bd_gen=0 bd_flags=0x0 deref_ok=1 info=0x000002d5
PROBE21FRAME gc=9 f=51 type=30 slot=169 info=0x92463f0 bitmap_raw=0x00000001 size=1 bits=0x00000000
PROBE21FRAME gc=9 f=52 type=30 slot=171 info=0x92463f0 bitmap_raw=0x00000001 size=1 bits=0x00000000
PROBE21FRAME gc=9 f=53 type=30 slot=173 info=0x92463f0 bitmap_raw=0x00000001 size=1 bits=0x00000000
PROBE21FRAME gc=9 f=54 type=30 slot=175 info=0x92463f0 bitmap_raw=0x00000001 size=1 bits=0x00000000
PROBE21FRAME gc=9 f=55 type=30 slot=177 info=0x92463f0 bitmap_raw=0x00000001 size=1 bits=0x00000000
PROBE21FRAME gc=9 f=56 type=30 slot=179 info=0x92463f0 bitmap_raw=0x00000001 size=1 bits=0x00000000
PROBE21FRAME gc=9 f=57 type=30 slot=181 info=0x92463f0 bitmap_raw=0x00000001 size=1 bits=0x00000000
PROBE21FRAME gc=9 f=58 type=30 slot=183 info=0x92463f0 bitmap_raw=0x00000001 size=1 bits=0x00000000
PROBE21FRAME gc=9 f=59 type=30 slot=185 info=0x92463f0 bitmap_raw=0x00000001 size=1 bits=0x00000000
PROBE21FRAME gc=9 f=60 type=30 slot=187 info=0x924624c bitmap_raw=0x00000043 size=3 bits=0x00000002
PROBE21BAD gc=9 f=60 type=30 slot=189 pay=1 val=0x0cb2ef7c is_ptr=0 bd_gen=0 bd_flags=0x0 deref_ok=1 info=0x0cb2efe9
PROBE21FRAME gc=9 f=61 type=30 slot=191 info=0x92463f0 bitmap_raw=0x00000001 size=1 bits=0x00000000
PROBE21FRAME gc=9 f=62 type=34 slot=193 info=0x92a27e8 bitmap_raw=0x00000022 size=2 bits=0x00000001
PROBE21FRAME gc=9 f=63 type=30 slot=196 info=0x92463f0 bitmap_raw=0x00000001 size=1 bits=0x00000000
PROBE21FRAME gc=9 f=64 type=34 slot=198 info=0x92a27e8 bitmap_raw=0x00000022 size=2 bits=0x00000001
PROBE21FRAME gc=9 f=65 type=30 slot=201 info=0x92a27d0 bitmap_raw=0x00000000 size=0 bits=0x00000000
PROBE21FRAME gc=9 f=66 type=34 slot=202 info=0x92a27e8 bitmap_raw=0x00000022 size=2 bits=0x00000001
PROBE21FRAME gc=9 f=67 type=30 slot=205 info=0x9143d50 bitmap_raw=0x00000043 size=3 bits=0x00000002
PROBE21BAD gc=9 f=67 type=30 slot=207 pay=1 val=0x0cb51339 is_ptr=0 bd_gen=0 bd_flags=0x0 deref_ok=1 info=0x092d5332
PROBE21FRAME gc=9 f=68 type=30 slot=209 info=0x92a27c4 bitmap_raw=0x00000000 size=0 bits=0x00000000
PROBE21FRAME gc=9 f=69 type=30 slot=210 info=0x92463f0 bitmap_raw=0x00000001 size=1 bits=0x00000000
PROBE21FRAME gc=9 f=70 type=30 slot=212 info=0x92a27d0 bitmap_raw=0x00000000 size=0 bits=0x00000000
PROBE21FRAME gc=9 f=71 type=34 slot=213 info=0x92a27e8 bitmap_raw=0x00000022 size=2 bits=0x00000001
PROBE21FRAME gc=9 f=72 type=30 slot=216 info=0x9143d50 bitmap_raw=0x00000043 size=3 bits=0x00000002
PROBE21BAD gc=9 f=72 type=30 slot=218 pay=1 val=0x0cb15ed1 is_ptr=0 bd_gen=0 bd_flags=0x0 deref_ok=1 info=0x0ce5a2ed
PROBE21FRAME gc=9 f=73 type=30 slot=220 info=0x92a27c4 bitmap_raw=0x00000000 size=0 bits=0x00000000
PROBE21FRAME gc=9 f=74 type=30 slot=221 info=0x92463f0 bitmap_raw=0x00000001 size=1 bits=0x00000000
PROBE21FRAME gc=9 f=75 type=34 slot=223 info=0x92a27e8 bitmap_raw=0x00000022 size=2 bits=0x00000001
PROBE21FRAME gc=9 f=76 type=34 slot=226 info=0x92a27e8 bitmap_raw=0x00000022 size=2 bits=0x00000001
PROBE21FRAME gc=9 f=77 type=34 slot=229 info=0x92a27e8 bitmap_raw=0x00000022 size=2 bits=0x00000001
PROBE21FRAME gc=9 f=78 type=36 slot=232 info=0x92a3148 bitmap_raw=0x00000000 size=0 bits=0x00000000
PROBE20BAD gc_no=10 slot=93 val=0x0cb930fa bd_gen=0 bd_flags=0x0
PROBE20BAD gc_no=10 slot=95 val=0x0cb93104 bd_gen=0 bd_flags=0x0
PROBE20BAD gc_no=10 slot=130 val=0x0cb8d030 bd_gen=0 bd_flags=0x0
PROBE20BAD gc_no=10 slot=161 val=0x0cb543d4 bd_gen=0 bd_flags=0x0
PROBE20BAD gc_no=10 slot=182 val=0x0cb2ef7c bd_gen=0 bd_flags=0x0
PROBE20BAD gc_no=10 slot=200 val=0x0cb51339 bd_gen=0 bd_flags=0x0
PROBE20BAD gc_no=10 slot=211 val=0x0cb15ed1 bd_gen=0 bd_flags=0x0
PROBE20 gc_no=10 N=0 major=0 tso=0xce5cd14 stk=0xcde1000 sp=0xcde8c78 end=0xcde9000 words=226 heap_ptr=96 evacd=89 g0=40 g1=56 other=0 rCurNurs=0xcb01fe0 rCurAlloc=0xcb01340 rCurTSO=0x0
PROBE21FRAME gc=10 f=0 type=30 slot=0 info=0x92a2830 bitmap_raw=0x00000001 size=1 bits=0x00000000
PROBE21FRAME gc=10 f=1 type=30 slot=2 info=0x91805a0 bitmap_raw=0x000000c3 size=3 bits=0x00000006
PROBE21FRAME gc=10 f=2 type=30 slot=6 info=0x91805a0 bitmap_raw=0x000000c3 size=3 bits=0x00000006
PROBE21FRAME gc=10 f=3 type=30 slot=10 info=0x91805a0 bitmap_raw=0x000000c3 size=3 bits=0x00000006
PROBE21FRAME gc=10 f=4 type=30 slot=14 info=0x91805a0 bitmap_raw=0x000000c3 size=3 bits=0x00000006
PROBE21FRAME gc=10 f=5 type=30 slot=18 info=0x91805a0 bitmap_raw=0x000000c3 size=3 bits=0x00000006
PROBE21FRAME gc=10 f=6 type=30 slot=22 info=0x91805a0 bitmap_raw=0x000000c3 size=3 bits=0x00000006
PROBE21FRAME gc=10 f=7 type=30 slot=26 info=0x91805a0 bitmap_raw=0x000000c3 size=3 bits=0x00000006
PROBE21FRAME gc=10 f=8 type=30 slot=30 info=0x92719c4 bitmap_raw=0x00000083 size=3 bits=0x00000004
PROBE21FRAME gc=10 f=10 type=30 slot=36 info=0x9180f8c bitmap_raw=0x00000062 size=2 bits=0x00000003
PROBE21FRAME gc=10 f=12 type=30 slot=41 info=0x8e527ac bitmap_raw=0x00000042 size=2 bits=0x00000002
PROBE21FRAME gc=10 f=13 type=30 slot=44 info=0x92463f0 bitmap_raw=0x00000001 size=1 bits=0x00000000
PROBE21FRAME gc=10 f=14 type=30 slot=46 info=0x92463f0 bitmap_raw=0x00000001 size=1 bits=0x00000000
PROBE21FRAME gc=10 f=15 type=30 slot=48 info=0x90c699c bitmap_raw=0x00000083 size=3 bits=0x00000004
PROBE21FRAME gc=10 f=16 type=30 slot=52 info=0x90c69a8 bitmap_raw=0x00000001 size=1 bits=0x00000000
PROBE21FRAME gc=10 f=17 type=30 slot=54 info=0x90c69a8 bitmap_raw=0x00000001 size=1 bits=0x00000000
PROBE21FRAME gc=10 f=18 type=30 slot=56 info=0x90c69a8 bitmap_raw=0x00000001 size=1 bits=0x00000000
PROBE21FRAME gc=10 f=19 type=30 slot=58 info=0x90c69a8 bitmap_raw=0x00000001 size=1 bits=0x00000000
PROBE21FRAME gc=10 f=20 type=30 slot=60 info=0x90c69a8 bitmap_raw=0x00000001 size=1 bits=0x00000000
PROBE21FRAME gc=10 f=21 type=30 slot=62 info=0x90c69a8 bitmap_raw=0x00000001 size=1 bits=0x00000000
PROBE21FRAME gc=10 f=22 type=30 slot=64 info=0x90c69a8 bitmap_raw=0x00000001 size=1 bits=0x00000000
PROBE21FRAME gc=10 f=23 type=30 slot=66 info=0x90c69a8 bitmap_raw=0x00000001 size=1 bits=0x00000000
PROBE21FRAME gc=10 f=24 type=30 slot=68 info=0x90c69a8 bitmap_raw=0x00000001 size=1 bits=0x00000000
PROBE21FRAME gc=10 f=25 type=30 slot=70 info=0x90c69a8 bitmap_raw=0x00000001 size=1 bits=0x00000000
PROBE21FRAME gc=10 f=26 type=30 slot=72 info=0x90c69a8 bitmap_raw=0x00000001 size=1 bits=0x00000000
PROBE21FRAME gc=10 f=27 type=30 slot=74 info=0x90c69a8 bitmap_raw=0x00000001 size=1 bits=0x00000000
PROBE21FRAME gc=10 f=28 type=30 slot=76 info=0x90c69a8 bitmap_raw=0x00000001 size=1 bits=0x00000000
PROBE21FRAME gc=10 f=29 type=30 slot=78 info=0x90c69a8 bitmap_raw=0x00000001 size=1 bits=0x00000000
PROBE21FRAME gc=10 f=30 type=30 slot=80 info=0x90c69a8 bitmap_raw=0x00000001 size=1 bits=0x00000000
PROBE21FRAME gc=10 f=31 type=30 slot=82 info=0x90c69a8 bitmap_raw=0x00000001 size=1 bits=0x00000000
PROBE21FRAME gc=10 f=32 type=30 slot=84 info=0x90c69a8 bitmap_raw=0x00000001 size=1 bits=0x00000000
PROBE21FRAME gc=10 f=33 type=30 slot=86 info=0x92463f0 bitmap_raw=0x00000001 size=1 bits=0x00000000
PROBE21FRAME gc=10 f=34 type=30 slot=88 info=0x8e52acc bitmap_raw=0x00000f09 size=9 bits=0x00000078
PROBE21BAD gc=10 f=34 type=30 slot=93 pay=4 val=0x0cb930fa is_ptr=0 bd_gen=0 bd_flags=0x0 deref_ok=1 info=0x0cb930ec
PROBE21BAD gc=10 f=34 type=30 slot=95 pay=6 val=0x0cb93104 is_ptr=0 bd_gen=0 bd_flags=0x0 deref_ok=1 info=0x080bb85b
PROBE21FRAME gc=10 f=35 type=30 slot=98 info=0x921765c bitmap_raw=0x00000000 size=0 bits=0x00000000
PROBE21FRAME gc=10 f=36 type=34 slot=99 info=0x92a27e8 bitmap_raw=0x00000022 size=2 bits=0x00000001
PROBE21FRAME gc=10 f=37 type=30 slot=102 info=0x92463f0 bitmap_raw=0x00000001 size=1 bits=0x00000000
PROBE21FRAME gc=10 f=38 type=30 slot=104 info=0x92463f0 bitmap_raw=0x00000001 size=1 bits=0x00000000
PROBE21FRAME gc=10 f=39 type=30 slot=106 info=0x92463f0 bitmap_raw=0x00000001 size=1 bits=0x00000000
PROBE21FRAME gc=10 f=40 type=30 slot=108 info=0x92463f0 bitmap_raw=0x00000001 size=1 bits=0x00000000
PROBE21FRAME gc=10 f=41 type=30 slot=110 info=0x92463f0 bitmap_raw=0x00000001 size=1 bits=0x00000000
PROBE21FRAME gc=10 f=42 type=30 slot=112 info=0x92463f0 bitmap_raw=0x00000001 size=1 bits=0x00000000
PROBE21FRAME gc=10 f=43 type=30 slot=114 info=0x92463f0 bitmap_raw=0x00000001 size=1 bits=0x00000000
PROBE21FRAME gc=10 f=44 type=30 slot=116 info=0x921765c bitmap_raw=0x00000000 size=0 bits=0x00000000
PROBE21FRAME gc=10 f=45 type=34 slot=117 info=0x92a27e8 bitmap_raw=0x00000022 size=2 bits=0x00000001
PROBE21FRAME gc=10 f=46 type=30 slot=120 info=0x92463f0 bitmap_raw=0x00000001 size=1 bits=0x00000000
PROBE21FRAME gc=10 f=47 type=30 slot=122 info=0x92463f0 bitmap_raw=0x00000001 size=1 bits=0x00000000
PROBE21FRAME gc=10 f=48 type=30 slot=124 info=0x92463f0 bitmap_raw=0x00000001 size=1 bits=0x00000000
PROBE21FRAME gc=10 f=49 type=30 slot=126 info=0x92463f0 bitmap_raw=0x00000001 size=1 bits=0x00000000
PROBE21FRAME gc=10 f=50 type=30 slot=128 info=0x92462b8 bitmap_raw=0x00000042 size=2 bits=0x00000002
PROBE21BAD gc=10 f=50 type=30 slot=130 pay=1 val=0x0cb8d030 is_ptr=0 bd_gen=0 bd_flags=0x0 deref_ok=1 info=0x0cfcac64
PROBE21FRAME gc=10 f=51 type=30 slot=131 info=0x9246294 bitmap_raw=0x00000001 size=1 bits=0x00000000
PROBE21FRAME gc=10 f=52 type=30 slot=133 info=0x92463f0 bitmap_raw=0x00000001 size=1 bits=0x00000000
PROBE21FRAME gc=10 f=53 type=30 slot=135 info=0x92463f0 bitmap_raw=0x00000001 size=1 bits=0x00000000
PROBE21FRAME gc=10 f=54 type=30 slot=137 info=0x92463f0 bitmap_raw=0x00000001 size=1 bits=0x00000000
PROBE21FRAME gc=10 f=55 type=30 slot=139 info=0x92463f0 bitmap_raw=0x00000001 size=1 bits=0x00000000
PROBE21FRAME gc=10 f=56 type=30 slot=141 info=0x921765c bitmap_raw=0x00000000 size=0 bits=0x00000000
PROBE21FRAME gc=10 f=57 type=34 slot=142 info=0x92a27e8 bitmap_raw=0x00000022 size=2 bits=0x00000001
PROBE21FRAME gc=10 f=58 type=30 slot=145 info=0x92463f0 bitmap_raw=0x00000001 size=1 bits=0x00000000
PROBE21FRAME gc=10 f=59 type=30 slot=147 info=0x92463f0 bitmap_raw=0x00000001 size=1 bits=0x00000000
PROBE21FRAME gc=10 f=60 type=30 slot=149 info=0x92463f0 bitmap_raw=0x00000001 size=1 bits=0x00000000
PROBE21FRAME gc=10 f=61 type=30 slot=151 info=0x92463f0 bitmap_raw=0x00000001 size=1 bits=0x00000000
PROBE21FRAME gc=10 f=62 type=30 slot=153 info=0x92463f0 bitmap_raw=0x00000001 size=1 bits=0x00000000
PROBE21FRAME gc=10 f=63 type=30 slot=155 info=0x92463f0 bitmap_raw=0x00000001 size=1 bits=0x00000000
PROBE21FRAME gc=10 f=64 type=30 slot=157 info=0x92463f0 bitmap_raw=0x00000001 size=1 bits=0x00000000
PROBE21FRAME gc=10 f=65 type=30 slot=159 info=0x92462b8 bitmap_raw=0x00000042 size=2 bits=0x00000002
PROBE21BAD gc=10 f=65 type=30 slot=161 pay=1 val=0x0cb543d4 is_ptr=0 bd_gen=0 bd_flags=0x0 deref_ok=1 info=0x0962ebe5
PROBE21FRAME gc=10 f=66 type=30 slot=162 info=0x92463f0 bitmap_raw=0x00000001 size=1 bits=0x00000000
PROBE21FRAME gc=10 f=67 type=30 slot=164 info=0x92463f0 bitmap_raw=0x00000001 size=1 bits=0x00000000
PROBE21FRAME gc=10 f=68 type=30 slot=166 info=0x92463f0 bitmap_raw=0x00000001 size=1 bits=0x00000000
PROBE21FRAME gc=10 f=69 type=30 slot=168 info=0x92463f0 bitmap_raw=0x00000001 size=1 bits=0x00000000
PROBE21FRAME gc=10 f=70 type=30 slot=170 info=0x92463f0 bitmap_raw=0x00000001 size=1 bits=0x00000000
PROBE21FRAME gc=10 f=71 type=30 slot=172 info=0x92463f0 bitmap_raw=0x00000001 size=1 bits=0x00000000
PROBE21FRAME gc=10 f=72 type=30 slot=174 info=0x92463f0 bitmap_raw=0x00000001 size=1 bits=0x00000000
PROBE21FRAME gc=10 f=73 type=30 slot=176 info=0x92463f0 bitmap_raw=0x00000001 size=1 bits=0x00000000
PROBE21FRAME gc=10 f=74 type=30 slot=178 info=0x92463f0 bitmap_raw=0x00000001 size=1 bits=0x00000000
PROBE21FRAME gc=10 f=75 type=30 slot=180 info=0x924624c bitmap_raw=0x00000043 size=3 bits=0x00000002
PROBE21BAD gc=10 f=75 type=30 slot=182 pay=1 val=0x0cb2ef7c is_ptr=0 bd_gen=0 bd_flags=0x0 deref_ok=1 info=0x0cb2ef99
PROBE21FRAME gc=10 f=76 type=30 slot=184 info=0x92463f0 bitmap_raw=0x00000001 size=1 bits=0x00000000
PROBE21FRAME gc=10 f=77 type=34 slot=186 info=0x92a27e8 bitmap_raw=0x00000022 size=2 bits=0x00000001
PROBE21FRAME gc=10 f=78 type=30 slot=189 info=0x92463f0 bitmap_raw=0x00000001 size=1 bits=0x00000000
PROBE21FRAME gc=10 f=79 type=34 slot=191 info=0x92a27e8 bitmap_raw=0x00000022 size=2 bits=0x00000001
PROBE21FRAME gc=10 f=80 type=30 slot=194 info=0x92a27d0 bitmap_raw=0x00000000 size=0 bits=0x00000000
PROBE21FRAME gc=10 f=81 type=34 slot=195 info=0x92a27e8 bitmap_raw=0x00000022 size=2 bits=0x00000001
PROBE21FRAME gc=10 f=82 type=30 slot=198 info=0x9143d50 bitmap_raw=0x00000043 size=3 bits=0x00000002
PROBE21BAD gc=10 f=82 type=30 slot=200 pay=1 val=0x0cb51339 is_ptr=0 bd_gen=0 bd_flags=0x0 deref_ok=1 info=0x0cb51321
PROBE21FRAME gc=10 f=83 type=30 slot=202 info=0x92a27c4 bitmap_raw=0x00000000 size=0 bits=0x00000000
PROBE21FRAME gc=10 f=84 type=30 slot=203 info=0x92463f0 bitmap_raw=0x00000001 size=1 bits=0x00000000
PROBE21FRAME gc=10 f=85 type=30 slot=205 info=0x92a27d0 bitmap_raw=0x00000000 size=0 bits=0x00000000
PROBE21FRAME gc=10 f=86 type=34 slot=206 info=0x92a27e8 bitmap_raw=0x00000022 size=2 bits=0x00000001
PROBE21FRAME gc=10 f=87 type=30 slot=209 info=0x9143d50 bitmap_raw=0x00000043 size=3 bits=0x00000002
PROBE21BAD gc=10 f=87 type=30 slot=211 pay=1 val=0x0cb15ed1 is_ptr=0 bd_gen=0 bd_flags=0x0 deref_ok=1 info=0x00010001
PROBE21FRAME gc=10 f=88 type=30 slot=213 info=0x92a27c4 bitmap_raw=0x00000000 size=0 bits=0x00000000
PROBE21FRAME gc=10 f=89 type=30 slot=214 info=0x92463f0 bitmap_raw=0x00000001 size=1 bits=0x00000000
PROBE21FRAME gc=10 f=90 type=34 slot=216 info=0x92a27e8 bitmap_raw=0x00000022 size=2 bits=0x00000001
PROBE21FRAME gc=10 f=91 type=34 slot=219 info=0x92a27e8 bitmap_raw=0x00000022 size=2 bits=0x00000001
PROBE21FRAME gc=10 f=92 type=34 slot=222 info=0x92a27e8 bitmap_raw=0x00000022 size=2 bits=0x00000001
PROBE21FRAME gc=10 f=93 type=36 slot=225 info=0x92a3148 bitmap_raw=0x00000000 size=0 bits=0x00000000
PROBE20BAD gc_no=11 slot=9 val=0x0cbfffd0 bd_gen=0 bd_flags=0x0
PROBE20BAD gc_no=11 slot=264 val=0x0cbbc8ee bd_gen=0 bd_flags=0x0
PROBE20BAD gc_no=11 slot=266 val=0x0cbbc8f8 bd_gen=0 bd_flags=0x0
PROBE20BAD gc_no=11 slot=311 val=0x0cb543d4 bd_gen=0 bd_flags=0x0
PROBE20BAD gc_no=11 slot=332 val=0x0cb2ef7c bd_gen=0 bd_flags=0x0
PROBE20BAD gc_no=11 slot=350 val=0x0cb51339 bd_gen=0 bd_flags=0x0
PROBE20BAD gc_no=11 slot=361 val=0x0cb15ed1 bd_gen=0 bd_flags=0x0
PROBE20 gc_no=11 N=0 major=0 tso=0xce5cd14 stk=0xcde1000 sp=0xcde8a20 end=0xcde9000 words=376 heap_ptr=182 evacd=175 g0=150 g1=32 other=0 rCurNurs=0xcb01fe0 rCurAlloc=0xcb01de0 rCurTSO=0x0
PROBE21SKIP gc=11 f=0 type=32 reason=BCO/FUN_skip slot=0
PROBE20BAD gc_no=12 slot=44 val=0x0cbbc8ee bd_gen=0 bd_flags=0x0
PROBE20BAD gc_no=12 slot=46 val=0x0cbbc8f8 bd_gen=0 bd_flags=0x0
PROBE20BAD gc_no=12 slot=91 val=0x0cb543d4 bd_gen=0 bd_flags=0x0
PROBE20BAD gc_no=12 slot=112 val=0x0cb2ef7c bd_gen=0 bd_flags=0x0
PROBE20BAD gc_no=12 slot=130 val=0x0cb51339 bd_gen=0 bd_flags=0x0
PROBE20BAD gc_no=12 slot=141 val=0x0cb15ed1 bd_gen=0 bd_flags=0x0
PROBE20 gc_no=12 N=0 major=0 tso=0xce5cd14 stk=0xcde1000 sp=0xcde8d90 end=0xcde9000 words=156 heap_ptr=74 evacd=68 g0=22 g1=52 other=0 rCurNurs=0xcb01fe0 rCurAlloc=0xcb01ce0 rCurTSO=0x0
PROBE21SKIP gc=12 f=0 type=32 reason=BCO/FUN_skip slot=0
PROBE20BAD gc_no=13 slot=28 val=0x0cb77f61 bd_gen=0 bd_flags=0x0
PROBE20BAD gc_no=13 slot=78 val=0x0cb543d4 bd_gen=0 bd_flags=0x0
PROBE20BAD gc_no=13 slot=99 val=0x0cb2ef7c bd_gen=0 bd_flags=0x0
PROBE20BAD gc_no=13 slot=117 val=0x0cb51339 bd_gen=0 bd_flags=0x0
PROBE20BAD gc_no=13 slot=128 val=0x0cb15ed1 bd_gen=0 bd_flags=0x0
PROBE20 gc_no=13 N=0 major=0 tso=0xce5cd14 stk=0xcde1000 sp=0xcde8dc4 end=0xcde9000 words=143 heap_ptr=57 evacd=52 g0=19 g1=38 other=0 rCurNurs=0xcb01fe0 rCurAlloc=0xcb01c60 rCurTSO=0x0
PROBE21FRAME gc=13 f=0 type=30 slot=0 info=0x92a283c bitmap_raw=0x00000021 size=1 bits=0x00000001
PROBE21FRAME gc=13 f=1 type=30 slot=2 info=0x9180588 bitmap_raw=0x000001e6 size=6 bits=0x0000000f
PROBE21FRAME gc=13 f=2 type=30 slot=9 info=0x91805a0 bitmap_raw=0x000000c3 size=3 bits=0x00000006
PROBE21FRAME gc=13 f=3 type=30 slot=13 info=0x91805a0 bitmap_raw=0x000000c3 size=3 bits=0x00000006
PROBE21FRAME gc=13 f=4 type=30 slot=17 info=0x91805a0 bitmap_raw=0x000000c3 size=3 bits=0x00000006
PROBE21FRAME gc=13 f=5 type=30 slot=21 info=0x91805a0 bitmap_raw=0x000000c3 size=3 bits=0x00000006
PROBE21FRAME gc=13 f=6 type=30 slot=25 info=0x92719c4 bitmap_raw=0x00000083 size=3 bits=0x00000004
PROBE21BAD gc=13 f=6 type=30 slot=28 pay=2 val=0x0cb77f61 is_ptr=0 bd_gen=0 bd_flags=0x0 deref_ok=1 info=0x0cf4c201
PROBE21FRAME gc=13 f=7 type=30 slot=29 info=0x8e7208c bitmap_raw=0x0000000b size=11 bits=0x00000000
PROBE21FRAME gc=13 f=9 type=30 slot=43 info=0x9267fac bitmap_raw=0x00000001 size=1 bits=0x00000000
PROBE21FRAME gc=13 f=11 type=30 slot=47 info=0x9267fd0 bitmap_raw=0x00000000 size=0 bits=0x00000000
PROBE21FRAME gc=13 f=12 type=30 slot=48 info=0x92463f0 bitmap_raw=0x00000001 size=1 bits=0x00000000
PROBE21FRAME gc=13 f=13 type=30 slot=50 info=0x92463f0 bitmap_raw=0x00000001 size=1 bits=0x00000000
PROBE21FRAME gc=13 f=14 type=30 slot=52 info=0x92463f0 bitmap_raw=0x00000001 size=1 bits=0x00000000
PROBE21FRAME gc=13 f=15 type=30 slot=54 info=0x92463f0 bitmap_raw=0x00000001 size=1 bits=0x00000000
PROBE21FRAME gc=13 f=16 type=30 slot=56 info=0x92463f0 bitmap_raw=0x00000001 size=1 bits=0x00000000
PROBE21FRAME gc=13 f=17 type=30 slot=58 info=0x921765c bitmap_raw=0x00000000 size=0 bits=0x00000000
PROBE21FRAME gc=13 f=18 type=34 slot=59 info=0x92a27e8 bitmap_raw=0x00000022 size=2 bits=0x00000001
PROBE21FRAME gc=13 f=19 type=30 slot=62 info=0x92463f0 bitmap_raw=0x00000001 size=1 bits=0x00000000
PROBE21FRAME gc=13 f=20 type=30 slot=64 info=0x92463f0 bitmap_raw=0x00000001 size=1 bits=0x00000000
PROBE21FRAME gc=13 f=21 type=30 slot=66 info=0x92463f0 bitmap_raw=0x00000001 size=1 bits=0x00000000
PROBE21FRAME gc=13 f=22 type=30 slot=68 info=0x92463f0 bitmap_raw=0x00000001 size=1 bits=0x00000000
PROBE21FRAME gc=13 f=23 type=30 slot=70 info=0x92463f0 bitmap_raw=0x00000001 size=1 bits=0x00000000
PROBE21FRAME gc=13 f=24 type=30 slot=72 info=0x92463f0 bitmap_raw=0x00000001 size=1 bits=0x00000000
PROBE21FRAME gc=13 f=25 type=30 slot=74 info=0x92463f0 bitmap_raw=0x00000001 size=1 bits=0x00000000
PROBE21FRAME gc=13 f=26 type=30 slot=76 info=0x92462b8 bitmap_raw=0x00000042 size=2 bits=0x00000002
PROBE21BAD gc=13 f=26 type=30 slot=78 pay=1 val=0x0cb543d4 is_ptr=0 bd_gen=0 bd_flags=0x0 deref_ok=1 info=0x0929a4e4
PROBE21FRAME gc=13 f=27 type=30 slot=79 info=0x92463f0 bitmap_raw=0x00000001 size=1 bits=0x00000000
PROBE21FRAME gc=13 f=28 type=30 slot=81 info=0x92463f0 bitmap_raw=0x00000001 size=1 bits=0x00000000
PROBE21FRAME gc=13 f=29 type=30 slot=83 info=0x92463f0 bitmap_raw=0x00000001 size=1 bits=0x00000000
PROBE21FRAME gc=13 f=30 type=30 slot=85 info=0x92463f0 bitmap_raw=0x00000001 size=1 bits=0x00000000
PROBE21FRAME gc=13 f=31 type=30 slot=87 info=0x92463f0 bitmap_raw=0x00000001 size=1 bits=0x00000000
PROBE21FRAME gc=13 f=32 type=30 slot=89 info=0x92463f0 bitmap_raw=0x00000001 size=1 bits=0x00000000
PROBE21FRAME gc=13 f=33 type=30 slot=91 info=0x92463f0 bitmap_raw=0x00000001 size=1 bits=0x00000000
PROBE21FRAME gc=13 f=34 type=30 slot=93 info=0x92463f0 bitmap_raw=0x00000001 size=1 bits=0x00000000
PROBE21FRAME gc=13 f=35 type=30 slot=95 info=0x92463f0 bitmap_raw=0x00000001 size=1 bits=0x00000000
PROBE21FRAME gc=13 f=36 type=30 slot=97 info=0x924624c bitmap_raw=0x00000043 size=3 bits=0x00000002
PROBE21BAD gc=13 f=36 type=30 slot=99 pay=1 val=0x0cb2ef7c is_ptr=0 bd_gen=0 bd_flags=0x0 deref_ok=1 info=0x0cb2ef50
PROBE21FRAME gc=13 f=37 type=30 slot=101 info=0x92463f0 bitmap_raw=0x00000001 size=1 bits=0x00000000
PROBE21FRAME gc=13 f=38 type=34 slot=103 info=0x92a27e8 bitmap_raw=0x00000022 size=2 bits=0x00000001
PROBE21FRAME gc=13 f=39 type=30 slot=106 info=0x92463f0 bitmap_raw=0x00000001 size=1 bits=0x00000000
PROBE21FRAME gc=13 f=40 type=34 slot=108 info=0x92a27e8 bitmap_raw=0x00000022 size=2 bits=0x00000001
PROBE21FRAME gc=13 f=41 type=30 slot=111 info=0x92a27d0 bitmap_raw=0x00000000 size=0 bits=0x00000000
PROBE21FRAME gc=13 f=42 type=34 slot=112 info=0x92a27e8 bitmap_raw=0x00000022 size=2 bits=0x00000001
PROBE21FRAME gc=13 f=43 type=30 slot=115 info=0x9143d50 bitmap_raw=0x00000043 size=3 bits=0x00000002
PROBE21BAD gc=13 f=43 type=30 slot=117 pay=1 val=0x0cb51339 is_ptr=0 bd_gen=0 bd_flags=0x0 deref_ok=1 info=0x08ed5454
PROBE21FRAME gc=13 f=44 type=30 slot=119 info=0x92a27c4 bitmap_raw=0x00000000 size=0 bits=0x00000000
PROBE21FRAME gc=13 f=45 type=30 slot=120 info=0x92463f0 bitmap_raw=0x00000001 size=1 bits=0x00000000
PROBE21FRAME gc=13 f=46 type=30 slot=122 info=0x92a27d0 bitmap_raw=0x00000000 size=0 bits=0x00000000
PROBE21FRAME gc=13 f=47 type=34 slot=123 info=0x92a27e8 bitmap_raw=0x00000022 size=2 bits=0x00000001
PROBE21FRAME gc=13 f=48 type=30 slot=126 info=0x9143d50 bitmap_raw=0x00000043 size=3 bits=0x00000002
PROBE21BAD gc=13 f=48 type=30 slot=128 pay=1 val=0x0cb15ed1 is_ptr=0 bd_gen=0 bd_flags=0x0 deref_ok=1 info=0x00000030
PROBE21FRAME gc=13 f=49 type=30 slot=130 info=0x92a27c4 bitmap_raw=0x00000000 size=0 bits=0x00000000
PROBE21FRAME gc=13 f=50 type=30 slot=131 info=0x92463f0 bitmap_raw=0x00000001 size=1 bits=0x00000000
PROBE21FRAME gc=13 f=51 type=34 slot=133 info=0x92a27e8 bitmap_raw=0x00000022 size=2 bits=0x00000001
PROBE21FRAME gc=13 f=52 type=34 slot=136 info=0x92a27e8 bitmap_raw=0x00000022 size=2 bits=0x00000001
PROBE21FRAME gc=13 f=53 type=34 slot=139 info=0x92a27e8 bitmap_raw=0x00000022 size=2 bits=0x00000001
PROBE21FRAME gc=13 f=54 type=36 slot=142 info=0x92a3148 bitmap_raw=0x00000000 size=0 bits=0x00000000
PROBE20BAD gc_no=14 slot=39 val=0x0cbffd38 bd_gen=0 bd_flags=0x0
PROBE20BAD gc_no=14 slot=68 val=0x0cbe08c6 bd_gen=0 bd_flags=0x0
PROBE20BAD gc_no=14 slot=70 val=0x0cbe08d0 bd_gen=0 bd_flags=0x0
PROBE20BAD gc_no=14 slot=115 val=0x0cb543d4 bd_gen=0 bd_flags=0x0
PROBE20BAD gc_no=14 slot=136 val=0x0cb2ef7c bd_gen=0 bd_flags=0x0
PROBE20BAD gc_no=14 slot=154 val=0x0cb51339 bd_gen=0 bd_flags=0x0
PROBE20BAD gc_no=14 slot=165 val=0x0cb15ed1 bd_gen=0 bd_flags=0x0
PROBE20 gc_no=14 N=0 major=0 tso=0xce5cd14 stk=0xcde1000 sp=0xcde8d30 end=0xcde9000 words=180 heap_ptr=77 evacd=70 g0=44 g1=33 other=0 rCurNurs=0xcb01fe0 rCurAlloc=0xcb01020 rCurTSO=0x0
PROBE21FRAME gc=14 f=0 type=30 slot=0 info=0x92a283c bitmap_raw=0x00000021 size=1 bits=0x00000001
PROBE21FRAME gc=14 f=1 type=30 slot=2 info=0x9180588 bitmap_raw=0x000001e6 size=6 bits=0x0000000f
PROBE21FRAME gc=14 f=2 type=30 slot=9 info=0x91805a0 bitmap_raw=0x000000c3 size=3 bits=0x00000006
PROBE21FRAME gc=14 f=3 type=30 slot=13 info=0x91805a0 bitmap_raw=0x000000c3 size=3 bits=0x00000006
PROBE21FRAME gc=14 f=4 type=30 slot=17 info=0x91805a0 bitmap_raw=0x000000c3 size=3 bits=0x00000006
PROBE21FRAME gc=14 f=5 type=30 slot=21 info=0x91805a0 bitmap_raw=0x000000c3 size=3 bits=0x00000006
PROBE21FRAME gc=14 f=6 type=30 slot=25 info=0x91805a0 bitmap_raw=0x000000c3 size=3 bits=0x00000006
PROBE21FRAME gc=14 f=7 type=30 slot=29 info=0x91805a0 bitmap_raw=0x000000c3 size=3 bits=0x00000006
PROBE21FRAME gc=14 f=10 type=30 slot=37 info=0x9180f8c bitmap_raw=0x00000062 size=2 bits=0x00000003
PROBE21BAD gc=14 f=10 type=30 slot=39 pay=1 val=0x0cbffd38 is_ptr=0 bd_gen=0 bd_flags=0x0 deref_ok=1 info=0x0cded0a9
PROBE21FRAME gc=14 f=11 type=30 slot=40 info=0x8e52298 bitmap_raw=0x00000c0a size=10 bits=0x00000060
PROBE21FRAME gc=14 f=12 type=30 slot=51 info=0x9267fa0 bitmap_raw=0x00000000 size=0 bits=0x00000000
PROBE21FRAME gc=14 f=14 type=30 slot=54 info=0x9267fd0 bitmap_raw=0x00000000 size=0 bits=0x00000000
PROBE21FRAME gc=14 f=15 type=30 slot=55 info=0x8e528e0 bitmap_raw=0x00000047 size=7 bits=0x00000002
PROBE21FRAME gc=14 f=16 type=30 slot=63 info=0x8e52acc bitmap_raw=0x00000f09 size=9 bits=0x00000078
PROBE21BAD gc=14 f=16 type=30 slot=68 pay=4 val=0x0cbe08c6 is_ptr=0 bd_gen=0 bd_flags=0x0 deref_ok=1 info=0x092a2658
PROBE21BAD gc=14 f=16 type=30 slot=70 pay=6 val=0x0cbe08d0 is_ptr=0 bd_gen=0 bd_flags=0x0 deref_ok=1 info=0x092a2e04
PROBE21FRAME gc=14 f=17 type=30 slot=73 info=0x921765c bitmap_raw=0x00000000 size=0 bits=0x00000000
PROBE21FRAME gc=14 f=18 type=34 slot=74 info=0x92a27e8 bitmap_raw=0x00000022 size=2 bits=0x00000001
PROBE21FRAME gc=14 f=19 type=30 slot=77 info=0x92463f0 bitmap_raw=0x00000001 size=1 bits=0x00000000
PROBE21FRAME gc=14 f=20 type=30 slot=79 info=0x92463f0 bitmap_raw=0x00000001 size=1 bits=0x00000000
PROBE21FRAME gc=14 f=21 type=30 slot=81 info=0x92463f0 bitmap_raw=0x00000001 size=1 bits=0x00000000
PROBE21FRAME gc=14 f=22 type=30 slot=83 info=0x92463f0 bitmap_raw=0x00000001 size=1 bits=0x00000000
PROBE21FRAME gc=14 f=23 type=30 slot=85 info=0x92463f0 bitmap_raw=0x00000001 size=1 bits=0x00000000
PROBE21FRAME gc=14 f=24 type=30 slot=87 info=0x92463f0 bitmap_raw=0x00000001 size=1 bits=0x00000000
PROBE21FRAME gc=14 f=25 type=30 slot=89 info=0x92463f0 bitmap_raw=0x00000001 size=1 bits=0x00000000
PROBE21FRAME gc=14 f=26 type=30 slot=91 info=0x92463f0 bitmap_raw=0x00000001 size=1 bits=0x00000000
PROBE21FRAME gc=14 f=27 type=30 slot=93 info=0x92463f0 bitmap_raw=0x00000001 size=1 bits=0x00000000
PROBE21FRAME gc=14 f=28 type=30 slot=95 info=0x921765c bitmap_raw=0x00000000 size=0 bits=0x00000000
PROBE21FRAME gc=14 f=29 type=34 slot=96 info=0x92a27e8 bitmap_raw=0x00000022 size=2 bits=0x00000001
PROBE21FRAME gc=14 f=30 type=30 slot=99 info=0x92463f0 bitmap_raw=0x00000001 size=1 bits=0x00000000
PROBE21FRAME gc=14 f=31 type=30 slot=101 info=0x92463f0 bitmap_raw=0x00000001 size=1 bits=0x00000000
PROBE21FRAME gc=14 f=32 type=30 slot=103 info=0x92463f0 bitmap_raw=0x00000001 size=1 bits=0x00000000
PROBE21FRAME gc=14 f=33 type=30 slot=105 info=0x92463f0 bitmap_raw=0x00000001 size=1 bits=0x00000000
PROBE21FRAME gc=14 f=34 type=30 slot=107 info=0x92463f0 bitmap_raw=0x00000001 size=1 bits=0x00000000
PROBE21FRAME gc=14 f=35 type=30 slot=109 info=0x92463f0 bitmap_raw=0x00000001 size=1 bits=0x00000000
PROBE21FRAME gc=14 f=36 type=30 slot=111 info=0x92463f0 bitmap_raw=0x00000001 size=1 bits=0x00000000
PROBE21FRAME gc=14 f=37 type=30 slot=113 info=0x92462b8 bitmap_raw=0x00000042 size=2 bits=0x00000002
PROBE21BAD gc=14 f=37 type=30 slot=115 pay=1 val=0x0cb543d4 is_ptr=0 bd_gen=0 bd_flags=0x0 deref_ok=1 info=0x0917ef6c
PROBE21FRAME gc=14 f=38 type=30 slot=116 info=0x92463f0 bitmap_raw=0x00000001 size=1 bits=0x00000000
PROBE21FRAME gc=14 f=39 type=30 slot=118 info=0x92463f0 bitmap_raw=0x00000001 size=1 bits=0x00000000
PROBE21FRAME gc=14 f=40 type=30 slot=120 info=0x92463f0 bitmap_raw=0x00000001 size=1 bits=0x00000000
PROBE21FRAME gc=14 f=41 type=30 slot=122 info=0x92463f0 bitmap_raw=0x00000001 size=1 bits=0x00000000
PROBE21FRAME gc=14 f=42 type=30 slot=124 info=0x92463f0 bitmap_raw=0x00000001 size=1 bits=0x00000000
PROBE21FRAME gc=14 f=43 type=30 slot=126 info=0x92463f0 bitmap_raw=0x00000001 size=1 bits=0x00000000
PROBE21FRAME gc=14 f=44 type=30 slot=128 info=0x92463f0 bitmap_raw=0x00000001 size=1 bits=0x00000000
PROBE21FRAME gc=14 f=45 type=30 slot=130 info=0x92463f0 bitmap_raw=0x00000001 size=1 bits=0x00000000
PROBE21FRAME gc=14 f=46 type=30 slot=132 info=0x92463f0 bitmap_raw=0x00000001 size=1 bits=0x00000000
PROBE21FRAME gc=14 f=47 type=30 slot=134 info=0x924624c bitmap_raw=0x00000043 size=3 bits=0x00000002
PROBE21BAD gc=14 f=47 type=30 slot=136 pay=1 val=0x0cb2ef7c is_ptr=0 bd_gen=0 bd_flags=0x0 deref_ok=1 info=0x092a2704
PROBE21FRAME gc=14 f=48 type=30 slot=138 info=0x92463f0 bitmap_raw=0x00000001 size=1 bits=0x00000000
PROBE21FRAME gc=14 f=49 type=34 slot=140 info=0x92a27e8 bitmap_raw=0x00000022 size=2 bits=0x00000001
PROBE21FRAME gc=14 f=50 type=30 slot=143 info=0x92463f0 bitmap_raw=0x00000001 size=1 bits=0x00000000
PROBE21FRAME gc=14 f=51 type=34 slot=145 info=0x92a27e8 bitmap_raw=0x00000022 size=2 bits=0x00000001
PROBE21FRAME gc=14 f=52 type=30 slot=148 info=0x92a27d0 bitmap_raw=0x00000000 size=0 bits=0x00000000
PROBE21FRAME gc=14 f=53 type=34 slot=149 info=0x92a27e8 bitmap_raw=0x00000022 size=2 bits=0x00000001
PROBE21FRAME gc=14 f=54 type=30 slot=152 info=0x9143d50 bitmap_raw=0x00000043 size=3 bits=0x00000002
PROBE21BAD gc=14 f=54 type=30 slot=154 pay=1 val=0x0cb51339 is_ptr=0 bd_gen=0 bd_flags=0x0 deref_ok=1 info=0x092a2e04
PROBE21FRAME gc=14 f=55 type=30 slot=156 info=0x92a27c4 bitmap_raw=0x00000000 size=0 bits=0x00000000
PROBE21FRAME gc=14 f=56 type=30 slot=157 info=0x92463f0 bitmap_raw=0x00000001 size=1 bits=0x00000000
PROBE21FRAME gc=14 f=57 type=30 slot=159 info=0x92a27d0 bitmap_raw=0x00000000 size=0 bits=0x00000000
PROBE21FRAME gc=14 f=58 type=34 slot=160 info=0x92a27e8 bitmap_raw=0x00000022 size=2 bits=0x00000001
PROBE21FRAME gc=14 f=59 type=30 slot=163 info=0x9143d50 bitmap_raw=0x00000043 size=3 bits=0x00000002
PROBE21BAD gc=14 f=59 type=30 slot=165 pay=1 val=0x0cb15ed1 is_ptr=0 bd_gen=0 bd_flags=0x0 deref_ok=1 info=0x090c0408
PROBE21FRAME gc=14 f=60 type=30 slot=167 info=0x92a27c4 bitmap_raw=0x00000000 size=0 bits=0x00000000
PROBE21FRAME gc=14 f=61 type=30 slot=168 info=0x92463f0 bitmap_raw=0x00000001 size=1 bits=0x00000000
PROBE21FRAME gc=14 f=62 type=34 slot=170 info=0x92a27e8 bitmap_raw=0x00000022 size=2 bits=0x00000001
PROBE21FRAME gc=14 f=63 type=34 slot=173 info=0x92a27e8 bitmap_raw=0x00000022 size=2 bits=0x00000001
PROBE21FRAME gc=14 f=64 type=34 slot=176 info=0x92a27e8 bitmap_raw=0x00000022 size=2 bits=0x00000001
PROBE21FRAME gc=14 f=65 type=36 slot=179 info=0x92a3148 bitmap_raw=0x00000000 size=0 bits=0x00000000
PROBE20BAD gc_no=15 slot=2542 val=0x0cbe08c6 bd_gen=0 bd_flags=0x0
PROBE20BAD gc_no=15 slot=2544 val=0x0cbe08d0 bd_gen=0 bd_flags=0x0
PROBE20BAD gc_no=15 slot=2589 val=0x0cb543d4 bd_gen=0 bd_flags=0x0
PROBE20BAD gc_no=15 slot=2610 val=0x0cb2ef7c bd_gen=0 bd_flags=0x0
PROBE20BAD gc_no=15 slot=2628 val=0x0cb51339 bd_gen=0 bd_flags=0x0
PROBE20BAD gc_no=15 slot=2639 val=0x0cb15ed1 bd_gen=0 bd_flags=0x0
PROBE20 gc_no=15 N=0 major=0 tso=0xce5cd14 stk=0xcde1000 sp=0xcde6688 end=0xcde9000 words=2654 heap_ptr=1318 evacd=1312 g0=1272 g1=46 other=0 rCurNurs=0xcb01fe0 rCurAlloc=0xcb009e0 rCurTSO=0x0
PROBE21FRAME gc=15 f=0 type=30 slot=0 info=0x92a2830 bitmap_raw=0x00000001 size=1 bits=0x00000000
PROBE21FRAME gc=15 f=1 type=30 slot=2 info=0x906bf6c bitmap_raw=0x00000001 size=1 bits=0x00000000
PROBE21FRAME gc=15 f=2 type=30 slot=4 info=0x92a34d8 bitmap_raw=0x00000000 size=0 bits=0x00000000
PROBE21FRAME gc=15 f=3 type=30 slot=5 info=0x90c699c bitmap_raw=0x00000083 size=3 bits=0x00000004
PROBE21FRAME gc=15 f=4 type=30 slot=9 info=0x90c69a8 bitmap_raw=0x00000001 size=1 bits=0x00000000
PROBE21FRAME gc=15 f=5 type=30 slot=11 info=0x90c69a8 bitmap_raw=0x00000001 size=1 bits=0x00000000
PROBE21FRAME gc=15 f=6 type=30 slot=13 info=0x90c69a8 bitmap_raw=0x00000001 size=1 bits=0x00000000
PROBE21FRAME gc=15 f=7 type=30 slot=15 info=0x90c69a8 bitmap_raw=0x00000001 size=1 bits=0x00000000
PROBE21FRAME gc=15 f=8 type=30 slot=17 info=0x90c69a8 bitmap_raw=0x00000001 size=1 bits=0x00000000
PROBE21FRAME gc=15 f=9 type=30 slot=19 info=0x90c69a8 bitmap_raw=0x00000001 size=1 bits=0x00000000
PROBE21FRAME gc=15 f=10 type=30 slot=21 info=0x90c69a8 bitmap_raw=0x00000001 size=1 bits=0x00000000
PROBE21FRAME gc=15 f=11 type=30 slot=23 info=0x90c69a8 bitmap_raw=0x00000001 size=1 bits=0x00000000
PROBE21FRAME gc=15 f=12 type=30 slot=25 info=0x90c69a8 bitmap_raw=0x00000001 size=1 bits=0x00000000
PROBE21FRAME gc=15 f=13 type=30 slot=27 info=0x90c69a8 bitmap_raw=0x00000001 size=1 bits=0x00000000
PROBE21FRAME gc=15 f=14 type=30 slot=29 info=0x90c69a8 bitmap_raw=0x00000001 size=1 bits=0x00000000
PROBE21FRAME gc=15 f=15 type=30 slot=31 info=0x90c69a8 bitmap_raw=0x00000001 size=1 bits=0x00000000
PROBE21FRAME gc=15 f=16 type=30 slot=33 info=0x90c69a8 bitmap_raw=0x00000001 size=1 bits=0x00000000
PROBE21FRAME gc=15 f=17 type=30 slot=35 info=0x90c69a8 bitmap_raw=0x00000001 size=1 bits=0x00000000
PROBE21FRAME gc=15 f=18 type=30 slot=37 info=0x90c69a8 bitmap_raw=0x00000001 size=1 bits=0x00000000
PROBE21FRAME gc=15 f=19 type=30 slot=39 info=0x90c69a8 bitmap_raw=0x00000001 size=1 bits=0x00000000
PROBE21FRAME gc=15 f=20 type=30 slot=41 info=0x90c69a8 bitmap_raw=0x00000001 size=1 bits=0x00000000
PROBE21FRAME gc=15 f=21 type=30 slot=43 info=0x90c69a8 bitmap_raw=0x00000001 size=1 bits=0x00000000
PROBE21FRAME gc=15 f=22 type=30 slot=45 info=0x90c69a8 bitmap_raw=0x00000001 size=1 bits=0x00000000
PROBE21FRAME gc=15 f=23 type=30 slot=47 info=0x90c69a8 bitmap_raw=0x00000001 size=1 bits=0x00000000
PROBE21FRAME gc=15 f=24 type=30 slot=49 info=0x90c69a8 bitmap_raw=0x00000001 size=1 bits=0x00000000
PROBE21FRAME gc=15 f=25 type=30 slot=51 info=0x90c69a8 bitmap_raw=0x00000001 size=1 bits=0x00000000
PROBE21FRAME gc=15 f=26 type=30 slot=53 info=0x90c69a8 bitmap_raw=0x00000001 size=1 bits=0x00000000
PROBE21FRAME gc=15 f=27 type=30 slot=55 info=0x90c69a8 bitmap_raw=0x00000001 size=1 bits=0x00000000
PROBE21FRAME gc=15 f=28 type=30 slot=57 info=0x90c69a8 bitmap_raw=0x00000001 size=1 bits=0x00000000
PROBE21FRAME gc=15 f=29 type=30 slot=59 info=0x90c69a8 bitmap_raw=0x00000001 size=1 bits=0x00000000
PROBE21FRAME gc=15 f=30 type=30 slot=61 info=0x90c69a8 bitmap_raw=0x00000001 size=1 bits=0x00000000
PROBE21FRAME gc=15 f=31 type=30 slot=63 info=0x90c69a8 bitmap_raw=0x00000001 size=1 bits=0x00000000
PROBE21FRAME gc=15 f=32 type=30 slot=65 info=0x90c69a8 bitmap_raw=0x00000001 size=1 bits=0x00000000
PROBE21FRAME gc=15 f=33 type=30 slot=67 info=0x90c69a8 bitmap_raw=0x00000001 size=1 bits=0x00000000
PROBE21FRAME gc=15 f=34 type=30 slot=69 info=0x90c69a8 bitmap_raw=0x00000001 size=1 bits=0x00000000
PROBE21FRAME gc=15 f=35 type=30 slot=71 info=0x90c69a8 bitmap_raw=0x00000001 size=1 bits=0x00000000
PROBE21FRAME gc=15 f=36 type=30 slot=73 info=0x90c69a8 bitmap_raw=0x00000001 size=1 bits=0x00000000
PROBE21FRAME gc=15 f=37 type=30 slot=75 info=0x90c69a8 bitmap_raw=0x00000001 size=1 bits=0x00000000
PROBE21FRAME gc=15 f=38 type=30 slot=77 info=0x90c69a8 bitmap_raw=0x00000001 size=1 bits=0x00000000
PROBE21FRAME gc=15 f=39 type=30 slot=79 info=0x90c69a8 bitmap_raw=0x00000001 size=1 bits=0x00000000
PROBE21FRAME gc=15 f=40 type=30 slot=81 info=0x90c69a8 bitmap_raw=0x00000001 size=1 bits=0x00000000
PROBE21FRAME gc=15 f=41 type=30 slot=83 info=0x90c69a8 bitmap_raw=0x00000001 size=1 bits=0x00000000
PROBE21FRAME gc=15 f=42 type=30 slot=85 info=0x90c69a8 bitmap_raw=0x00000001 size=1 bits=0x00000000
PROBE21FRAME gc=15 f=43 type=30 slot=87 info=0x90c69a8 bitmap_raw=0x00000001 size=1 bits=0x00000000
PROBE21FRAME gc=15 f=44 type=30 slot=89 info=0x90c69a8 bitmap_raw=0x00000001 size=1 bits=0x00000000
PROBE21FRAME gc=15 f=45 type=30 slot=91 info=0x90c69a8 bitmap_raw=0x00000001 size=1 bits=0x00000000
PROBE21FRAME gc=15 f=46 type=30 slot=93 info=0x90c69a8 bitmap_raw=0x00000001 size=1 bits=0x00000000
PROBE21FRAME gc=15 f=47 type=30 slot=95 info=0x90c69a8 bitmap_raw=0x00000001 size=1 bits=0x00000000
PROBE21FRAME gc=15 f=48 type=30 slot=97 info=0x90c69a8 bitmap_raw=0x00000001 size=1 bits=0x00000000
PROBE21FRAME gc=15 f=49 type=30 slot=99 info=0x90c69a8 bitmap_raw=0x00000001 size=1 bits=0x00000000
PROBE21FRAME gc=15 f=50 type=30 slot=101 info=0x90c69a8 bitmap_raw=0x00000001 size=1 bits=0x00000000
PROBE21FRAME gc=15 f=51 type=30 slot=103 info=0x90c69a8 bitmap_raw=0x00000001 size=1 bits=0x00000000
PROBE21FRAME gc=15 f=52 type=30 slot=105 info=0x90c69a8 bitmap_raw=0x00000001 size=1 bits=0x00000000
PROBE21FRAME gc=15 f=53 type=30 slot=107 info=0x90c69a8 bitmap_raw=0x00000001 size=1 bits=0x00000000
PROBE21FRAME gc=15 f=54 type=30 slot=109 info=0x90c69a8 bitmap_raw=0x00000001 size=1 bits=0x00000000
PROBE21FRAME gc=15 f=55 type=30 slot=111 info=0x90c69a8 bitmap_raw=0x00000001 size=1 bits=0x00000000
PROBE21FRAME gc=15 f=56 type=30 slot=113 info=0x90c69a8 bitmap_raw=0x00000001 size=1 bits=0x00000000
PROBE21FRAME gc=15 f=57 type=30 slot=115 info=0x90c69a8 bitmap_raw=0x00000001 size=1 bits=0x00000000
PROBE21FRAME gc=15 f=58 type=30 slot=117 info=0x90c69a8 bitmap_raw=0x00000001 size=1 bits=0x00000000
PROBE21FRAME gc=15 f=59 type=30 slot=119 info=0x90c69a8 bitmap_raw=0x00000001 size=1 bits=0x00000000
PROBE21FRAME gc=15 f=60 type=30 slot=121 info=0x90c69a8 bitmap_raw=0x00000001 size=1 bits=0x00000000
PROBE21FRAME gc=15 f=61 type=30 slot=123 info=0x90c69a8 bitmap_raw=0x00000001 size=1 bits=0x00000000
PROBE21FRAME gc=15 f=62 type=30 slot=125 info=0x90c69a8 bitmap_raw=0x00000001 size=1 bits=0x00000000
PROBE21FRAME gc=15 f=63 type=30 slot=127 info=0x90c69a8 bitmap_raw=0x00000001 size=1 bits=0x00000000
PROBE21FRAME gc=15 f=64 type=30 slot=129 info=0x90c69a8 bitmap_raw=0x00000001 size=1 bits=0x00000000
PROBE21FRAME gc=15 f=65 type=30 slot=131 info=0x90c69a8 bitmap_raw=0x00000001 size=1 bits=0x00000000
PROBE21FRAME gc=15 f=66 type=30 slot=133 info=0x90c69a8 bitmap_raw=0x00000001 size=1 bits=0x00000000
PROBE21FRAME gc=15 f=67 type=30 slot=135 info=0x90c69a8 bitmap_raw=0x00000001 size=1 bits=0x00000000
PROBE21FRAME gc=15 f=68 type=30 slot=137 info=0x90c69a8 bitmap_raw=0x00000001 size=1 bits=0x00000000
PROBE21FRAME gc=15 f=69 type=30 slot=139 info=0x90c69a8 bitmap_raw=0x00000001 size=1 bits=0x00000000
PROBE21FRAME gc=15 f=70 type=30 slot=141 info=0x90c69a8 bitmap_raw=0x00000001 size=1 bits=0x00000000
PROBE21FRAME gc=15 f=71 type=30 slot=143 info=0x90c69a8 bitmap_raw=0x00000001 size=1 bits=0x00000000
PROBE21FRAME gc=15 f=72 type=30 slot=145 info=0x90c69a8 bitmap_raw=0x00000001 size=1 bits=0x00000000
PROBE21FRAME gc=15 f=73 type=30 slot=147 info=0x90c69a8 bitmap_raw=0x00000001 size=1 bits=0x00000000
PROBE21FRAME gc=15 f=74 type=30 slot=149 info=0x90c69a8 bitmap_raw=0x00000001 size=1 bits=0x00000000
PROBE21FRAME gc=15 f=75 type=30 slot=151 info=0x90c69a8 bitmap_raw=0x00000001 size=1 bits=0x00000000
PROBE21FRAME gc=15 f=76 type=30 slot=153 info=0x90c69a8 bitmap_raw=0x00000001 size=1 bits=0x00000000
PROBE21FRAME gc=15 f=77 type=30 slot=155 info=0x90c69a8 bitmap_raw=0x00000001 size=1 bits=0x00000000
PROBE21FRAME gc=15 f=78 type=30 slot=157 info=0x90c69a8 bitmap_raw=0x00000001 size=1 bits=0x00000000
PROBE21FRAME gc=15 f=79 type=30 slot=159 info=0x90c69a8 bitmap_raw=0x00000001 size=1 bits=0x00000000
PROBE21FRAME gc=15 f=80 type=30 slot=161 info=0x90c69a8 bitmap_raw=0x00000001 size=1 bits=0x00000000
PROBE21FRAME gc=15 f=81 type=30 slot=163 info=0x90c69a8 bitmap_raw=0x00000001 size=1 bits=0x00000000
PROBE21FRAME gc=15 f=82 type=30 slot=165 info=0x90c69a8 bitmap_raw=0x00000001 size=1 bits=0x00000000
PROBE21FRAME gc=15 f=83 type=30 slot=167 info=0x90c69a8 bitmap_raw=0x00000001 size=1 bits=0x00000000
PROBE21FRAME gc=15 f=84 type=30 slot=169 info=0x90c69a8 bitmap_raw=0x00000001 size=1 bits=0x00000000
PROBE21FRAME gc=15 f=85 type=30 slot=171 info=0x90c69a8 bitmap_raw=0x00000001 size=1 bits=0x00000000
PROBE21FRAME gc=15 f=86 type=30 slot=173 info=0x90c69a8 bitmap_raw=0x00000001 size=1 bits=0x00000000
PROBE21FRAME gc=15 f=87 type=30 slot=175 info=0x90c69a8 bitmap_raw=0x00000001 size=1 bits=0x00000000
PROBE21FRAME gc=15 f=88 type=30 slot=177 info=0x90c69a8 bitmap_raw=0x00000001 size=1 bits=0x00000000
PROBE21FRAME gc=15 f=89 type=30 slot=179 info=0x90c69a8 bitmap_raw=0x00000001 size=1 bits=0x00000000
PROBE21FRAME gc=15 f=90 type=30 slot=181 info=0x90c69a8 bitmap_raw=0x00000001 size=1 bits=0x00000000
PROBE21FRAME gc=15 f=91 type=30 slot=183 info=0x90c69a8 bitmap_raw=0x00000001 size=1 bits=0x00000000
PROBE21FRAME gc=15 f=92 type=30 slot=185 info=0x90c69a8 bitmap_raw=0x00000001 size=1 bits=0x00000000
PROBE21FRAME gc=15 f=93 type=30 slot=187 info=0x90c69a8 bitmap_raw=0x00000001 size=1 bits=0x00000000
PROBE21FRAME gc=15 f=94 type=30 slot=189 info=0x90c69a8 bitmap_raw=0x00000001 size=1 bits=0x00000000
PROBE21FRAME gc=15 f=95 type=30 slot=191 info=0x90c69a8 bitmap_raw=0x00000001 size=1 bits=0x00000000
PROBE21FRAME gc=15 f=96 type=30 slot=193 info=0x90c69a8 bitmap_raw=0x00000001 size=1 bits=0x00000000
PROBE21FRAME gc=15 f=97 type=30 slot=195 info=0x90c69a8 bitmap_raw=0x00000001 size=1 bits=0x00000000
PROBE21FRAME gc=15 f=98 type=30 slot=197 info=0x90c69a8 bitmap_raw=0x00000001 size=1 bits=0x00000000
PROBE21FRAME gc=15 f=99 type=30 slot=199 info=0x90c69a8 bitmap_raw=0x00000001 size=1 bits=0x00000000
PROBE21FRAME gc=15 f=100 type=30 slot=201 info=0x90c69a8 bitmap_raw=0x00000001 size=1 bits=0x00000000
PROBE21FRAME gc=15 f=101 type=30 slot=203 info=0x90c69a8 bitmap_raw=0x00000001 size=1 bits=0x00000000
PROBE21FRAME gc=15 f=102 type=30 slot=205 info=0x90c69a8 bitmap_raw=0x00000001 size=1 bits=0x00000000
PROBE21FRAME gc=15 f=103 type=30 slot=207 info=0x90c69a8 bitmap_raw=0x00000001 size=1 bits=0x00000000
PROBE21FRAME gc=15 f=104 type=30 slot=209 info=0x90c69a8 bitmap_raw=0x00000001 size=1 bits=0x00000000
PROBE21FRAME gc=15 f=105 type=30 slot=211 info=0x90c69a8 bitmap_raw=0x00000001 size=1 bits=0x00000000
PROBE21FRAME gc=15 f=106 type=30 slot=213 info=0x90c69a8 bitmap_raw=0x00000001 size=1 bits=0x00000000
PROBE21FRAME gc=15 f=107 type=30 slot=215 info=0x90c69a8 bitmap_raw=0x00000001 size=1 bits=0x00000000
PROBE21FRAME gc=15 f=108 type=30 slot=217 info=0x90c69a8 bitmap_raw=0x00000001 size=1 bits=0x00000000
PROBE21FRAME gc=15 f=109 type=30 slot=219 info=0x90c69a8 bitmap_raw=0x00000001 size=1 bits=0x00000000
PROBE21FRAME gc=15 f=110 type=30 slot=221 info=0x90c69a8 bitmap_raw=0x00000001 size=1 bits=0x00000000
PROBE21FRAME gc=15 f=111 type=30 slot=223 info=0x90c69a8 bitmap_raw=0x00000001 size=1 bits=0x00000000
PROBE21FRAME gc=15 f=112 type=30 slot=225 info=0x90c69a8 bitmap_raw=0x00000001 size=1 bits=0x00000000
PROBE21FRAME gc=15 f=113 type=30 slot=227 info=0x90c69a8 bitmap_raw=0x00000001 size=1 bits=0x00000000
PROBE21FRAME gc=15 f=114 type=30 slot=229 info=0x90c69a8 bitmap_raw=0x00000001 size=1 bits=0x00000000
PROBE21FRAME gc=15 f=115 type=30 slot=231 info=0x90c69a8 bitmap_raw=0x00000001 size=1 bits=0x00000000
PROBE21FRAME gc=15 f=116 type=30 slot=233 info=0x90c69a8 bitmap_raw=0x00000001 size=1 bits=0x00000000
PROBE21FRAME gc=15 f=117 type=30 slot=235 info=0x90c69a8 bitmap_raw=0x00000001 size=1 bits=0x00000000
PROBE21FRAME gc=15 f=118 type=30 slot=237 info=0x90c69a8 bitmap_raw=0x00000001 size=1 bits=0x00000000
PROBE21FRAME gc=15 f=119 type=30 slot=239 info=0x90c69a8 bitmap_raw=0x00000001 size=1 bits=0x00000000
PROBE21FRAME gc=15 f=120 type=30 slot=241 info=0x90c69a8 bitmap_raw=0x00000001 size=1 bits=0x00000000
PROBE21FRAME gc=15 f=121 type=30 slot=243 info=0x90c69a8 bitmap_raw=0x00000001 size=1 bits=0x00000000
PROBE21FRAME gc=15 f=122 type=30 slot=245 info=0x90c69a8 bitmap_raw=0x00000001 size=1 bits=0x00000000
PROBE21FRAME gc=15 f=123 type=30 slot=247 info=0x90c69a8 bitmap_raw=0x00000001 size=1 bits=0x00000000
PROBE21FRAME gc=15 f=124 type=30 slot=249 info=0x90c69a8 bitmap_raw=0x00000001 size=1 bits=0x00000000
PROBE21FRAME gc=15 f=125 type=30 slot=251 info=0x90c69a8 bitmap_raw=0x00000001 size=1 bits=0x00000000
PROBE21FRAME gc=15 f=126 type=30 slot=253 info=0x90c69a8 bitmap_raw=0x00000001 size=1 bits=0x00000000
PROBE21FRAME gc=15 f=127 type=30 slot=255 info=0x90c69a8 bitmap_raw=0x00000001 size=1 bits=0x00000000
PROBE21FRAME gc=15 f=128 type=30 slot=257 info=0x90c69a8 bitmap_raw=0x00000001 size=1 bits=0x00000000
PROBE21FRAME gc=15 f=129 type=30 slot=259 info=0x90c69a8 bitmap_raw=0x00000001 size=1 bits=0x00000000
PROBE21FRAME gc=15 f=130 type=30 slot=261 info=0x90c69a8 bitmap_raw=0x00000001 size=1 bits=0x00000000
PROBE21FRAME gc=15 f=131 type=30 slot=263 info=0x90c69a8 bitmap_raw=0x00000001 size=1 bits=0x00000000
PROBE21FRAME gc=15 f=132 type=30 slot=265 info=0x90c69a8 bitmap_raw=0x00000001 size=1 bits=0x00000000
PROBE21FRAME gc=15 f=133 type=30 slot=267 info=0x90c69a8 bitmap_raw=0x00000001 size=1 bits=0x00000000
PROBE21FRAME gc=15 f=134 type=30 slot=269 info=0x90c69a8 bitmap_raw=0x00000001 size=1 bits=0x00000000
PROBE21FRAME gc=15 f=135 type=30 slot=271 info=0x90c69a8 bitmap_raw=0x00000001 size=1 bits=0x00000000
PROBE21FRAME gc=15 f=136 type=30 slot=273 info=0x90c69a8 bitmap_raw=0x00000001 size=1 bits=0x00000000
PROBE21FRAME gc=15 f=137 type=30 slot=275 info=0x90c69a8 bitmap_raw=0x00000001 size=1 bits=0x00000000
PROBE21FRAME gc=15 f=138 type=30 slot=277 info=0x90c69a8 bitmap_raw=0x00000001 size=1 bits=0x00000000
PROBE21FRAME gc=15 f=139 type=30 slot=279 info=0x90c69a8 bitmap_raw=0x00000001 size=1 bits=0x00000000
PROBE21FRAME gc=15 f=140 type=30 slot=281 info=0x90c69a8 bitmap_raw=0x00000001 size=1 bits=0x00000000
PROBE21FRAME gc=15 f=141 type=30 slot=283 info=0x90c69a8 bitmap_raw=0x00000001 size=1 bits=0x00000000
PROBE21FRAME gc=15 f=142 type=30 slot=285 info=0x90c69a8 bitmap_raw=0x00000001 size=1 bits=0x00000000
PROBE21FRAME gc=15 f=143 type=30 slot=287 info=0x90c69a8 bitmap_raw=0x00000001 size=1 bits=0x00000000
PROBE21FRAME gc=15 f=144 type=30 slot=289 info=0x90c69a8 bitmap_raw=0x00000001 size=1 bits=0x00000000
PROBE21FRAME gc=15 f=145 type=30 slot=291 info=0x90c69a8 bitmap_raw=0x00000001 size=1 bits=0x00000000
PROBE21FRAME gc=15 f=146 type=30 slot=293 info=0x90c69a8 bitmap_raw=0x00000001 size=1 bits=0x00000000
PROBE21FRAME gc=15 f=147 type=30 slot=295 info=0x90c69a8 bitmap_raw=0x00000001 size=1 bits=0x00000000
PROBE21FRAME gc=15 f=148 type=30 slot=297 info=0x90c69a8 bitmap_raw=0x00000001 size=1 bits=0x00000000
PROBE21FRAME gc=15 f=149 type=30 slot=299 info=0x90c69a8 bitmap_raw=0x00000001 size=1 bits=0x00000000
PROBE21FRAME gc=15 f=150 type=30 slot=301 info=0x90c69a8 bitmap_raw=0x00000001 size=1 bits=0x00000000
PROBE21FRAME gc=15 f=151 type=30 slot=303 info=0x90c69a8 bitmap_raw=0x00000001 size=1 bits=0x00000000
PROBE21FRAME gc=15 f=152 type=30 slot=305 info=0x90c69a8 bitmap_raw=0x00000001 size=1 bits=0x00000000
PROBE21FRAME gc=15 f=153 type=30 slot=307 info=0x90c69a8 bitmap_raw=0x00000001 size=1 bits=0x00000000
PROBE21FRAME gc=15 f=154 type=30 slot=309 info=0x90c69a8 bitmap_raw=0x00000001 size=1 bits=0x00000000
PROBE21FRAME gc=15 f=155 type=30 slot=311 info=0x90c69a8 bitmap_raw=0x00000001 size=1 bits=0x00000000
PROBE21FRAME gc=15 f=156 type=30 slot=313 info=0x90c69a8 bitmap_raw=0x00000001 size=1 bits=0x00000000
PROBE21FRAME gc=15 f=157 type=30 slot=315 info=0x90c69a8 bitmap_raw=0x00000001 size=1 bits=0x00000000
PROBE21FRAME gc=15 f=158 type=30 slot=317 info=0x90c69a8 bitmap_raw=0x00000001 size=1 bits=0x00000000
PROBE21FRAME gc=15 f=159 type=30 slot=319 info=0x90c69a8 bitmap_raw=0x00000001 size=1 bits=0x00000000
PROBE21FRAME gc=15 f=160 type=30 slot=321 info=0x90c69a8 bitmap_raw=0x00000001 size=1 bits=0x00000000
PROBE21FRAME gc=15 f=161 type=30 slot=323 info=0x90c69a8 bitmap_raw=0x00000001 size=1 bits=0x00000000
PROBE21FRAME gc=15 f=162 type=30 slot=325 info=0x90c69a8 bitmap_raw=0x00000001 size=1 bits=0x00000000
PROBE21FRAME gc=15 f=163 type=30 slot=327 info=0x90c69a8 bitmap_raw=0x00000001 size=1 bits=0x00000000
PROBE21FRAME gc=15 f=164 type=30 slot=329 info=0x90c69a8 bitmap_raw=0x00000001 size=1 bits=0x00000000
PROBE21FRAME gc=15 f=165 type=30 slot=331 info=0x90c69a8 bitmap_raw=0x00000001 size=1 bits=0x00000000
PROBE21FRAME gc=15 f=166 type=30 slot=333 info=0x90c69a8 bitmap_raw=0x00000001 size=1 bits=0x00000000
PROBE21FRAME gc=15 f=167 type=30 slot=335 info=0x90c69a8 bitmap_raw=0x00000001 size=1 bits=0x00000000
PROBE21FRAME gc=15 f=168 type=30 slot=337 info=0x90c69a8 bitmap_raw=0x00000001 size=1 bits=0x00000000
PROBE21FRAME gc=15 f=169 type=30 slot=339 info=0x90c69a8 bitmap_raw=0x00000001 size=1 bits=0x00000000
PROBE21FRAME gc=15 f=170 type=30 slot=341 info=0x90c69a8 bitmap_raw=0x00000001 size=1 bits=0x00000000
PROBE21FRAME gc=15 f=171 type=30 slot=343 info=0x90c69a8 bitmap_raw=0x00000001 size=1 bits=0x00000000
PROBE21FRAME gc=15 f=172 type=30 slot=345 info=0x90c69a8 bitmap_raw=0x00000001 size=1 bits=0x00000000
PROBE21FRAME gc=15 f=173 type=30 slot=347 info=0x90c69a8 bitmap_raw=0x00000001 size=1 bits=0x00000000
PROBE21FRAME gc=15 f=174 type=30 slot=349 info=0x90c69a8 bitmap_raw=0x00000001 size=1 bits=0x00000000
PROBE21FRAME gc=15 f=175 type=30 slot=351 info=0x90c69a8 bitmap_raw=0x00000001 size=1 bits=0x00000000
PROBE21FRAME gc=15 f=176 type=30 slot=353 info=0x90c69a8 bitmap_raw=0x00000001 size=1 bits=0x00000000
PROBE21FRAME gc=15 f=177 type=30 slot=355 info=0x90c69a8 bitmap_raw=0x00000001 size=1 bits=0x00000000
PROBE21FRAME gc=15 f=178 type=30 slot=357 info=0x90c69a8 bitmap_raw=0x00000001 size=1 bits=0x00000000
PROBE21FRAME gc=15 f=179 type=30 slot=359 info=0x90c69a8 bitmap_raw=0x00000001 size=1 bits=0x00000000
PROBE21FRAME gc=15 f=180 type=30 slot=361 info=0x90c69a8 bitmap_raw=0x00000001 size=1 bits=0x00000000
PROBE21FRAME gc=15 f=181 type=30 slot=363 info=0x90c69a8 bitmap_raw=0x00000001 size=1 bits=0x00000000
PROBE21FRAME gc=15 f=182 type=30 slot=365 info=0x90c69a8 bitmap_raw=0x00000001 size=1 bits=0x00000000
PROBE21FRAME gc=15 f=183 type=30 slot=367 info=0x90c69a8 bitmap_raw=0x00000001 size=1 bits=0x00000000
PROBE21FRAME gc=15 f=184 type=30 slot=369 info=0x90c69a8 bitmap_raw=0x00000001 size=1 bits=0x00000000
PROBE21FRAME gc=15 f=185 type=30 slot=371 info=0x90c69a8 bitmap_raw=0x00000001 size=1 bits=0x00000000
PROBE21FRAME gc=15 f=186 type=30 slot=373 info=0x90c69a8 bitmap_raw=0x00000001 size=1 bits=0x00000000
PROBE21FRAME gc=15 f=187 type=30 slot=375 info=0x90c69a8 bitmap_raw=0x00000001 size=1 bits=0x00000000
PROBE21FRAME gc=15 f=188 type=30 slot=377 info=0x90c69a8 bitmap_raw=0x00000001 size=1 bits=0x00000000
PROBE21FRAME gc=15 f=189 type=30 slot=379 info=0x90c69a8 bitmap_raw=0x00000001 size=1 bits=0x00000000
PROBE21FRAME gc=15 f=190 type=30 slot=381 info=0x90c69a8 bitmap_raw=0x00000001 size=1 bits=0x00000000
PROBE21FRAME gc=15 f=191 type=30 slot=383 info=0x90c69a8 bitmap_raw=0x00000001 size=1 bits=0x00000000
PROBE21FRAME gc=15 f=192 type=30 slot=385 info=0x90c69a8 bitmap_raw=0x00000001 size=1 bits=0x00000000
PROBE21FRAME gc=15 f=193 type=30 slot=387 info=0x90c69a8 bitmap_raw=0x00000001 size=1 bits=0x00000000
PROBE21FRAME gc=15 f=194 type=30 slot=389 info=0x90c69a8 bitmap_raw=0x00000001 size=1 bits=0x00000000
PROBE21FRAME gc=15 f=195 type=30 slot=391 info=0x90c69a8 bitmap_raw=0x00000001 size=1 bits=0x00000000
PROBE21FRAME gc=15 f=196 type=30 slot=393 info=0x90c69a8 bitmap_raw=0x00000001 size=1 bits=0x00000000
PROBE21FRAME gc=15 f=197 type=30 slot=395 info=0x90c69a8 bitmap_raw=0x00000001 size=1 bits=0x00000000
PROBE21FRAME gc=15 f=198 type=30 slot=397 info=0x90c69a8 bitmap_raw=0x00000001 size=1 bits=0x00000000
PROBE21FRAME gc=15 f=199 type=30 slot=399 info=0x90c69a8 bitmap_raw=0x00000001 size=1 bits=0x00000000
PROBE21FRAME gc=15 f=200 type=30 slot=401 info=0x90c69a8 bitmap_raw=0x00000001 size=1 bits=0x00000000
PROBE21FRAME gc=15 f=201 type=30 slot=403 info=0x90c69a8 bitmap_raw=0x00000001 size=1 bits=0x00000000
PROBE21FRAME gc=15 f=202 type=30 slot=405 info=0x90c69a8 bitmap_raw=0x00000001 size=1 bits=0x00000000
PROBE21FRAME gc=15 f=203 type=30 slot=407 info=0x90c69a8 bitmap_raw=0x00000001 size=1 bits=0x00000000
PROBE21FRAME gc=15 f=204 type=30 slot=409 info=0x90c69a8 bitmap_raw=0x00000001 size=1 bits=0x00000000
PROBE21FRAME gc=15 f=205 type=30 slot=411 info=0x90c69a8 bitmap_raw=0x00000001 size=1 bits=0x00000000
PROBE21FRAME gc=15 f=206 type=30 slot=413 info=0x90c69a8 bitmap_raw=0x00000001 size=1 bits=0x00000000
PROBE21FRAME gc=15 f=207 type=30 slot=415 info=0x90c69a8 bitmap_raw=0x00000001 size=1 bits=0x00000000
PROBE21FRAME gc=15 f=208 type=30 slot=417 info=0x90c69a8 bitmap_raw=0x00000001 size=1 bits=0x00000000
PROBE21FRAME gc=15 f=209 type=30 slot=419 info=0x90c69a8 bitmap_raw=0x00000001 size=1 bits=0x00000000
PROBE21FRAME gc=15 f=210 type=30 slot=421 info=0x90c69a8 bitmap_raw=0x00000001 size=1 bits=0x00000000
PROBE21FRAME gc=15 f=211 type=30 slot=423 info=0x90c69a8 bitmap_raw=0x00000001 size=1 bits=0x00000000
PROBE21FRAME gc=15 f=212 type=30 slot=425 info=0x90c69a8 bitmap_raw=0x00000001 size=1 bits=0x00000000
PROBE21FRAME gc=15 f=213 type=30 slot=427 info=0x90c69a8 bitmap_raw=0x00000001 size=1 bits=0x00000000
PROBE21FRAME gc=15 f=214 type=30 slot=429 info=0x90c69a8 bitmap_raw=0x00000001 size=1 bits=0x00000000
PROBE21FRAME gc=15 f=215 type=30 slot=431 info=0x90c69a8 bitmap_raw=0x00000001 size=1 bits=0x00000000
PROBE21FRAME gc=15 f=216 type=30 slot=433 info=0x90c69a8 bitmap_raw=0x00000001 size=1 bits=0x00000000
PROBE21FRAME gc=15 f=217 type=30 slot=435 info=0x90c69a8 bitmap_raw=0x00000001 size=1 bits=0x00000000
PROBE21FRAME gc=15 f=218 type=30 slot=437 info=0x90c69a8 bitmap_raw=0x00000001 size=1 bits=0x00000000
PROBE21FRAME gc=15 f=219 type=30 slot=439 info=0x90c69a8 bitmap_raw=0x00000001 size=1 bits=0x00000000
PROBE21FRAME gc=15 f=220 type=30 slot=441 info=0x90c69a8 bitmap_raw=0x00000001 size=1 bits=0x00000000
PROBE21FRAME gc=15 f=221 type=30 slot=443 info=0x90c69a8 bitmap_raw=0x00000001 size=1 bits=0x00000000
PROBE21FRAME gc=15 f=222 type=30 slot=445 info=0x90c69a8 bitmap_raw=0x00000001 size=1 bits=0x00000000
PROBE21FRAME gc=15 f=223 type=30 slot=447 info=0x90c69a8 bitmap_raw=0x00000001 size=1 bits=0x00000000
PROBE21FRAME gc=15 f=224 type=30 slot=449 info=0x90c69a8 bitmap_raw=0x00000001 size=1 bits=0x00000000
PROBE21FRAME gc=15 f=225 type=30 slot=451 info=0x90c69a8 bitmap_raw=0x00000001 size=1 bits=0x00000000
PROBE21FRAME gc=15 f=226 type=30 slot=453 info=0x90c69a8 bitmap_raw=0x00000001 size=1 bits=0x00000000
PROBE21FRAME gc=15 f=227 type=30 slot=455 info=0x90c69a8 bitmap_raw=0x00000001 size=1 bits=0x00000000
PROBE21FRAME gc=15 f=228 type=30 slot=457 info=0x90c69a8 bitmap_raw=0x00000001 size=1 bits=0x00000000
PROBE21FRAME gc=15 f=229 type=30 slot=459 info=0x90c69a8 bitmap_raw=0x00000001 size=1 bits=0x00000000
PROBE21FRAME gc=15 f=230 type=30 slot=461 info=0x90c69a8 bitmap_raw=0x00000001 size=1 bits=0x00000000
PROBE21FRAME gc=15 f=231 type=30 slot=463 info=0x90c69a8 bitmap_raw=0x00000001 size=1 bits=0x00000000
PROBE21FRAME gc=15 f=232 type=30 slot=465 info=0x90c69a8 bitmap_raw=0x00000001 size=1 bits=0x00000000
PROBE21FRAME gc=15 f=233 type=30 slot=467 info=0x90c69a8 bitmap_raw=0x00000001 size=1 bits=0x00000000
PROBE21FRAME gc=15 f=234 type=30 slot=469 info=0x90c69a8 bitmap_raw=0x00000001 size=1 bits=0x00000000
PROBE21FRAME gc=15 f=235 type=30 slot=471 info=0x90c69a8 bitmap_raw=0x00000001 size=1 bits=0x00000000
PROBE21FRAME gc=15 f=236 type=30 slot=473 info=0x90c69a8 bitmap_raw=0x00000001 size=1 bits=0x00000000
PROBE21FRAME gc=15 f=237 type=30 slot=475 info=0x90c69a8 bitmap_raw=0x00000001 size=1 bits=0x00000000
PROBE21FRAME gc=15 f=238 type=30 slot=477 info=0x90c69a8 bitmap_raw=0x00000001 size=1 bits=0x00000000
PROBE21FRAME gc=15 f=239 type=30 slot=479 info=0x90c69a8 bitmap_raw=0x00000001 size=1 bits=0x00000000
PROBE21FRAME gc=15 f=240 type=30 slot=481 info=0x90c69a8 bitmap_raw=0x00000001 size=1 bits=0x00000000
PROBE21FRAME gc=15 f=241 type=30 slot=483 info=0x90c69a8 bitmap_raw=0x00000001 size=1 bits=0x00000000
PROBE21FRAME gc=15 f=242 type=30 slot=485 info=0x90c69a8 bitmap_raw=0x00000001 size=1 bits=0x00000000
PROBE21FRAME gc=15 f=243 type=30 slot=487 info=0x90c69a8 bitmap_raw=0x00000001 size=1 bits=0x00000000
PROBE21FRAME gc=15 f=244 type=30 slot=489 info=0x90c69a8 bitmap_raw=0x00000001 size=1 bits=0x00000000
PROBE21FRAME gc=15 f=245 type=30 slot=491 info=0x90c69a8 bitmap_raw=0x00000001 size=1 bits=0x00000000
PROBE21FRAME gc=15 f=246 type=30 slot=493 info=0x90c69a8 bitmap_raw=0x00000001 size=1 bits=0x00000000
PROBE21FRAME gc=15 f=247 type=30 slot=495 info=0x90c69a8 bitmap_raw=0x00000001 size=1 bits=0x00000000
PROBE21FRAME gc=15 f=248 type=30 slot=497 info=0x90c69a8 bitmap_raw=0x00000001 size=1 bits=0x00000000
PROBE21FRAME gc=15 f=249 type=30 slot=499 info=0x90c69a8 bitmap_raw=0x00000001 size=1 bits=0x00000000
PROBE21FRAME gc=15 f=250 type=30 slot=501 info=0x90c69a8 bitmap_raw=0x00000001 size=1 bits=0x00000000
PROBE21FRAME gc=15 f=251 type=30 slot=503 info=0x90c69a8 bitmap_raw=0x00000001 size=1 bits=0x00000000
PROBE21FRAME gc=15 f=252 type=30 slot=505 info=0x90c69a8 bitmap_raw=0x00000001 size=1 bits=0x00000000
PROBE21FRAME gc=15 f=253 type=30 slot=507 info=0x90c69a8 bitmap_raw=0x00000001 size=1 bits=0x00000000
PROBE21FRAME gc=15 f=254 type=30 slot=509 info=0x90c69a8 bitmap_raw=0x00000001 size=1 bits=0x00000000
PROBE21FRAME gc=15 f=255 type=30 slot=511 info=0x90c69a8 bitmap_raw=0x00000001 size=1 bits=0x00000000
PROBE21FRAME gc=15 f=256 type=30 slot=513 info=0x90c69a8 bitmap_raw=0x00000001 size=1 bits=0x00000000
PROBE21FRAME gc=15 f=257 type=30 slot=515 info=0x90c69a8 bitmap_raw=0x00000001 size=1 bits=0x00000000
PROBE21FRAME gc=15 f=258 type=30 slot=517 info=0x90c69a8 bitmap_raw=0x00000001 size=1 bits=0x00000000
PROBE21FRAME gc=15 f=259 type=30 slot=519 info=0x90c69a8 bitmap_raw=0x00000001 size=1 bits=0x00000000
PROBE21FRAME gc=15 f=260 type=30 slot=521 info=0x90c69a8 bitmap_raw=0x00000001 size=1 bits=0x00000000
PROBE21FRAME gc=15 f=261 type=30 slot=523 info=0x90c69a8 bitmap_raw=0x00000001 size=1 bits=0x00000000
PROBE21FRAME gc=15 f=262 type=30 slot=525 info=0x90c69a8 bitmap_raw=0x00000001 size=1 bits=0x00000000
PROBE21FRAME gc=15 f=263 type=30 slot=527 info=0x90c69a8 bitmap_raw=0x00000001 size=1 bits=0x00000000
PROBE21FRAME gc=15 f=264 type=30 slot=529 info=0x90c69a8 bitmap_raw=0x00000001 size=1 bits=0x00000000
PROBE21FRAME gc=15 f=265 type=30 slot=531 info=0x90c69a8 bitmap_raw=0x00000001 size=1 bits=0x00000000
PROBE21FRAME gc=15 f=266 type=30 slot=533 info=0x90c69a8 bitmap_raw=0x00000001 size=1 bits=0x00000000
PROBE21FRAME gc=15 f=267 type=30 slot=535 info=0x90c69a8 bitmap_raw=0x00000001 size=1 bits=0x00000000
PROBE21FRAME gc=15 f=268 type=30 slot=537 info=0x90c69a8 bitmap_raw=0x00000001 size=1 bits=0x00000000
PROBE21FRAME gc=15 f=269 type=30 slot=539 info=0x90c69a8 bitmap_raw=0x00000001 size=1 bits=0x00000000
PROBE21FRAME gc=15 f=270 type=30 slot=541 info=0x90c69a8 bitmap_raw=0x00000001 size=1 bits=0x00000000
PROBE21FRAME gc=15 f=271 type=30 slot=543 info=0x90c69a8 bitmap_raw=0x00000001 size=1 bits=0x00000000
PROBE21FRAME gc=15 f=272 type=30 slot=545 info=0x90c69a8 bitmap_raw=0x00000001 size=1 bits=0x00000000
PROBE21FRAME gc=15 f=273 type=30 slot=547 info=0x90c69a8 bitmap_raw=0x00000001 size=1 bits=0x00000000
PROBE21FRAME gc=15 f=274 type=30 slot=549 info=0x90c69a8 bitmap_raw=0x00000001 size=1 bits=0x00000000
PROBE21FRAME gc=15 f=275 type=30 slot=551 info=0x90c69a8 bitmap_raw=0x00000001 size=1 bits=0x00000000
PROBE21FRAME gc=15 f=276 type=30 slot=553 info=0x90c69a8 bitmap_raw=0x00000001 size=1 bits=0x00000000
PROBE21FRAME gc=15 f=277 type=30 slot=555 info=0x90c69a8 bitmap_raw=0x00000001 size=1 bits=0x00000000
PROBE21FRAME gc=15 f=278 type=30 slot=557 info=0x90c69a8 bitmap_raw=0x00000001 size=1 bits=0x00000000
PROBE21FRAME gc=15 f=279 type=30 slot=559 info=0x90c69a8 bitmap_raw=0x00000001 size=1 bits=0x00000000
PROBE21FRAME gc=15 f=280 type=30 slot=561 info=0x90c69a8 bitmap_raw=0x00000001 size=1 bits=0x00000000
PROBE21FRAME gc=15 f=281 type=30 slot=563 info=0x90c69a8 bitmap_raw=0x00000001 size=1 bits=0x00000000
PROBE21FRAME gc=15 f=282 type=30 slot=565 info=0x90c69a8 bitmap_raw=0x00000001 size=1 bits=0x00000000
PROBE21FRAME gc=15 f=283 type=30 slot=567 info=0x90c69a8 bitmap_raw=0x00000001 size=1 bits=0x00000000
PROBE21FRAME gc=15 f=284 type=30 slot=569 info=0x90c69a8 bitmap_raw=0x00000001 size=1 bits=0x00000000
PROBE21FRAME gc=15 f=285 type=30 slot=571 info=0x90c69a8 bitmap_raw=0x00000001 size=1 bits=0x00000000
PROBE21FRAME gc=15 f=286 type=30 slot=573 info=0x90c69a8 bitmap_raw=0x00000001 size=1 bits=0x00000000
PROBE21FRAME gc=15 f=287 type=30 slot=575 info=0x90c69a8 bitmap_raw=0x00000001 size=1 bits=0x00000000
PROBE21FRAME gc=15 f=288 type=30 slot=577 info=0x90c69a8 bitmap_raw=0x00000001 size=1 bits=0x00000000
PROBE21FRAME gc=15 f=289 type=30 slot=579 info=0x90c69a8 bitmap_raw=0x00000001 size=1 bits=0x00000000
PROBE21FRAME gc=15 f=290 type=30 slot=581 info=0x90c69a8 bitmap_raw=0x00000001 size=1 bits=0x00000000
PROBE21FRAME gc=15 f=291 type=30 slot=583 info=0x90c69a8 bitmap_raw=0x00000001 size=1 bits=0x00000000
PROBE21FRAME gc=15 f=292 type=30 slot=585 info=0x90c69a8 bitmap_raw=0x00000001 size=1 bits=0x00000000
PROBE21FRAME gc=15 f=293 type=30 slot=587 info=0x90c69a8 bitmap_raw=0x00000001 size=1 bits=0x00000000
PROBE21FRAME gc=15 f=294 type=30 slot=589 info=0x90c69a8 bitmap_raw=0x00000001 size=1 bits=0x00000000
PROBE21FRAME gc=15 f=295 type=30 slot=591 info=0x90c69a8 bitmap_raw=0x00000001 size=1 bits=0x00000000
PROBE21FRAME gc=15 f=296 type=30 slot=593 info=0x90c69a8 bitmap_raw=0x00000001 size=1 bits=0x00000000
PROBE21FRAME gc=15 f=297 type=30 slot=595 info=0x90c69a8 bitmap_raw=0x00000001 size=1 bits=0x00000000
PROBE21FRAME gc=15 f=298 type=30 slot=597 info=0x90c69a8 bitmap_raw=0x00000001 size=1 bits=0x00000000
PROBE21FRAME gc=15 f=299 type=30 slot=599 info=0x90c69a8 bitmap_raw=0x00000001 size=1 bits=0x00000000
PROBE21FRAME gc=15 f=300 type=30 slot=601 info=0x90c69a8 bitmap_raw=0x00000001 size=1 bits=0x00000000
PROBE21FRAME gc=15 f=301 type=30 slot=603 info=0x90c69a8 bitmap_raw=0x00000001 size=1 bits=0x00000000
PROBE21FRAME gc=15 f=302 type=30 slot=605 info=0x90c69a8 bitmap_raw=0x00000001 size=1 bits=0x00000000
PROBE21FRAME gc=15 f=303 type=30 slot=607 info=0x90c69a8 bitmap_raw=0x00000001 size=1 bits=0x00000000
PROBE21FRAME gc=15 f=304 type=30 slot=609 info=0x90c69a8 bitmap_raw=0x00000001 size=1 bits=0x00000000
PROBE21FRAME gc=15 f=305 type=30 slot=611 info=0x90c69a8 bitmap_raw=0x00000001 size=1 bits=0x00000000
PROBE21FRAME gc=15 f=306 type=30 slot=613 info=0x90c69a8 bitmap_raw=0x00000001 size=1 bits=0x00000000
PROBE21FRAME gc=15 f=307 type=30 slot=615 info=0x90c69a8 bitmap_raw=0x00000001 size=1 bits=0x00000000
PROBE21FRAME gc=15 f=308 type=30 slot=617 info=0x90c69a8 bitmap_raw=0x00000001 size=1 bits=0x00000000
PROBE21FRAME gc=15 f=309 type=30 slot=619 info=0x90c69a8 bitmap_raw=0x00000001 size=1 bits=0x00000000
PROBE21FRAME gc=15 f=310 type=30 slot=621 info=0x90c69a8 bitmap_raw=0x00000001 size=1 bits=0x00000000
PROBE21FRAME gc=15 f=311 type=30 slot=623 info=0x90c69a8 bitmap_raw=0x00000001 size=1 bits=0x00000000
PROBE21FRAME gc=15 f=312 type=30 slot=625 info=0x90c69a8 bitmap_raw=0x00000001 size=1 bits=0x00000000
PROBE21FRAME gc=15 f=313 type=30 slot=627 info=0x90c69a8 bitmap_raw=0x00000001 size=1 bits=0x00000000
PROBE21FRAME gc=15 f=314 type=30 slot=629 info=0x90c69a8 bitmap_raw=0x00000001 size=1 bits=0x00000000
PROBE21FRAME gc=15 f=315 type=30 slot=631 info=0x90c69a8 bitmap_raw=0x00000001 size=1 bits=0x00000000
PROBE21FRAME gc=15 f=316 type=30 slot=633 info=0x90c69a8 bitmap_raw=0x00000001 size=1 bits=0x00000000
PROBE21FRAME gc=15 f=317 type=30 slot=635 info=0x90c69a8 bitmap_raw=0x00000001 size=1 bits=0x00000000
PROBE21FRAME gc=15 f=318 type=30 slot=637 info=0x90c69a8 bitmap_raw=0x00000001 size=1 bits=0x00000000
PROBE21FRAME gc=15 f=319 type=30 slot=639 info=0x90c69a8 bitmap_raw=0x00000001 size=1 bits=0x00000000
PROBE21FRAME gc=15 f=320 type=30 slot=641 info=0x90c69a8 bitmap_raw=0x00000001 size=1 bits=0x00000000
PROBE21FRAME gc=15 f=321 type=30 slot=643 info=0x90c69a8 bitmap_raw=0x00000001 size=1 bits=0x00000000
PROBE21FRAME gc=15 f=322 type=30 slot=645 info=0x90c69a8 bitmap_raw=0x00000001 size=1 bits=0x00000000
PROBE21FRAME gc=15 f=323 type=30 slot=647 info=0x90c69a8 bitmap_raw=0x00000001 size=1 bits=0x00000000
PROBE21FRAME gc=15 f=324 type=30 slot=649 info=0x90c69a8 bitmap_raw=0x00000001 size=1 bits=0x00000000
PROBE21FRAME gc=15 f=325 type=30 slot=651 info=0x90c69a8 bitmap_raw=0x00000001 size=1 bits=0x00000000
PROBE21FRAME gc=15 f=326 type=30 slot=653 info=0x90c69a8 bitmap_raw=0x00000001 size=1 bits=0x00000000
PROBE21FRAME gc=15 f=327 type=30 slot=655 info=0x90c69a8 bitmap_raw=0x00000001 size=1 bits=0x00000000
PROBE21FRAME gc=15 f=328 type=30 slot=657 info=0x90c69a8 bitmap_raw=0x00000001 size=1 bits=0x00000000
PROBE21FRAME gc=15 f=329 type=30 slot=659 info=0x90c69a8 bitmap_raw=0x00000001 size=1 bits=0x00000000
PROBE21FRAME gc=15 f=330 type=30 slot=661 info=0x90c69a8 bitmap_raw=0x00000001 size=1 bits=0x00000000
PROBE21FRAME gc=15 f=331 type=30 slot=663 info=0x90c69a8 bitmap_raw=0x00000001 size=1 bits=0x00000000
PROBE21FRAME gc=15 f=332 type=30 slot=665 info=0x90c69a8 bitmap_raw=0x00000001 size=1 bits=0x00000000
PROBE21FRAME gc=15 f=333 type=30 slot=667 info=0x90c69a8 bitmap_raw=0x00000001 size=1 bits=0x00000000
PROBE21FRAME gc=15 f=334 type=30 slot=669 info=0x90c69a8 bitmap_raw=0x00000001 size=1 bits=0x00000000
PROBE21FRAME gc=15 f=335 type=30 slot=671 info=0x90c69a8 bitmap_raw=0x00000001 size=1 bits=0x00000000
PROBE21FRAME gc=15 f=336 type=30 slot=673 info=0x90c69a8 bitmap_raw=0x00000001 size=1 bits=0x00000000
PROBE21FRAME gc=15 f=337 type=30 slot=675 info=0x90c69a8 bitmap_raw=0x00000001 size=1 bits=0x00000000
PROBE21FRAME gc=15 f=338 type=30 slot=677 info=0x90c69a8 bitmap_raw=0x00000001 size=1 bits=0x00000000
PROBE21FRAME gc=15 f=339 type=30 slot=679 info=0x90c69a8 bitmap_raw=0x00000001 size=1 bits=0x00000000
PROBE21FRAME gc=15 f=340 type=30 slot=681 info=0x90c69a8 bitmap_raw=0x00000001 size=1 bits=0x00000000
PROBE21FRAME gc=15 f=341 type=30 slot=683 info=0x90c69a8 bitmap_raw=0x00000001 size=1 bits=0x00000000
PROBE21FRAME gc=15 f=342 type=30 slot=685 info=0x90c69a8 bitmap_raw=0x00000001 size=1 bits=0x00000000
PROBE21FRAME gc=15 f=343 type=30 slot=687 info=0x90c69a8 bitmap_raw=0x00000001 size=1 bits=0x00000000
PROBE21FRAME gc=15 f=344 type=30 slot=689 info=0x90c69a8 bitmap_raw=0x00000001 size=1 bits=0x00000000
PROBE21FRAME gc=15 f=345 type=30 slot=691 info=0x90c69a8 bitmap_raw=0x00000001 size=1 bits=0x00000000
PROBE21FRAME gc=15 f=346 type=30 slot=693 info=0x90c69a8 bitmap_raw=0x00000001 size=1 bits=0x00000000
PROBE21FRAME gc=15 f=347 type=30 slot=695 info=0x90c69a8 bitmap_raw=0x00000001 size=1 bits=0x00000000
PROBE21FRAME gc=15 f=348 type=30 slot=697 info=0x90c69a8 bitmap_raw=0x00000001 size=1 bits=0x00000000
PROBE21FRAME gc=15 f=349 type=30 slot=699 info=0x90c69a8 bitmap_raw=0x00000001 size=1 bits=0x00000000
PROBE21FRAME gc=15 f=350 type=30 slot=701 info=0x90c69a8 bitmap_raw=0x00000001 size=1 bits=0x00000000
PROBE21FRAME gc=15 f=351 type=30 slot=703 info=0x90c69a8 bitmap_raw=0x00000001 size=1 bits=0x00000000
PROBE21FRAME gc=15 f=352 type=30 slot=705 info=0x90c69a8 bitmap_raw=0x00000001 size=1 bits=0x00000000
PROBE21FRAME gc=15 f=353 type=30 slot=707 info=0x90c69a8 bitmap_raw=0x00000001 size=1 bits=0x00000000
PROBE21FRAME gc=15 f=354 type=30 slot=709 info=0x90c69a8 bitmap_raw=0x00000001 size=1 bits=0x00000000
PROBE21FRAME gc=15 f=355 type=30 slot=711 info=0x90c69a8 bitmap_raw=0x00000001 size=1 bits=0x00000000
PROBE21FRAME gc=15 f=356 type=30 slot=713 info=0x90c69a8 bitmap_raw=0x00000001 size=1 bits=0x00000000
PROBE21FRAME gc=15 f=357 type=30 slot=715 info=0x90c69a8 bitmap_raw=0x00000001 size=1 bits=0x00000000
PROBE21FRAME gc=15 f=358 type=30 slot=717 info=0x90c69a8 bitmap_raw=0x00000001 size=1 bits=0x00000000
PROBE21FRAME gc=15 f=359 type=30 slot=719 info=0x90c69a8 bitmap_raw=0x00000001 size=1 bits=0x00000000
PROBE21FRAME gc=15 f=360 type=30 slot=721 info=0x90c69a8 bitmap_raw=0x00000001 size=1 bits=0x00000000
PROBE21FRAME gc=15 f=361 type=30 slot=723 info=0x90c69a8 bitmap_raw=0x00000001 size=1 bits=0x00000000
PROBE21FRAME gc=15 f=362 type=30 slot=725 info=0x90c69a8 bitmap_raw=0x00000001 size=1 bits=0x00000000
PROBE21FRAME gc=15 f=363 type=30 slot=727 info=0x90c69a8 bitmap_raw=0x00000001 size=1 bits=0x00000000
PROBE21FRAME gc=15 f=364 type=30 slot=729 info=0x90c69a8 bitmap_raw=0x00000001 size=1 bits=0x00000000
PROBE21FRAME gc=15 f=365 type=30 slot=731 info=0x90c69a8 bitmap_raw=0x00000001 size=1 bits=0x00000000
PROBE21FRAME gc=15 f=366 type=30 slot=733 info=0x90c69a8 bitmap_raw=0x00000001 size=1 bits=0x00000000
PROBE21FRAME gc=15 f=367 type=30 slot=735 info=0x90c69a8 bitmap_raw=0x00000001 size=1 bits=0x00000000
PROBE21FRAME gc=15 f=368 type=30 slot=737 info=0x90c69a8 bitmap_raw=0x00000001 size=1 bits=0x00000000
PROBE21FRAME gc=15 f=369 type=30 slot=739 info=0x90c69a8 bitmap_raw=0x00000001 size=1 bits=0x00000000
PROBE21FRAME gc=15 f=370 type=30 slot=741 info=0x90c69a8 bitmap_raw=0x00000001 size=1 bits=0x00000000
PROBE21FRAME gc=15 f=371 type=30 slot=743 info=0x90c69a8 bitmap_raw=0x00000001 size=1 bits=0x00000000
PROBE21FRAME gc=15 f=372 type=30 slot=745 info=0x90c69a8 bitmap_raw=0x00000001 size=1 bits=0x00000000
PROBE21FRAME gc=15 f=373 type=30 slot=747 info=0x90c69a8 bitmap_raw=0x00000001 size=1 bits=0x00000000
PROBE21FRAME gc=15 f=374 type=30 slot=749 info=0x90c69a8 bitmap_raw=0x00000001 size=1 bits=0x00000000
PROBE21FRAME gc=15 f=375 type=30 slot=751 info=0x90c69a8 bitmap_raw=0x00000001 size=1 bits=0x00000000
PROBE21FRAME gc=15 f=376 type=30 slot=753 info=0x90c69a8 bitmap_raw=0x00000001 size=1 bits=0x00000000
PROBE21FRAME gc=15 f=377 type=30 slot=755 info=0x90c69a8 bitmap_raw=0x00000001 size=1 bits=0x00000000
PROBE21FRAME gc=15 f=378 type=30 slot=757 info=0x90c69a8 bitmap_raw=0x00000001 size=1 bits=0x00000000
PROBE21FRAME gc=15 f=379 type=30 slot=759 info=0x90c69a8 bitmap_raw=0x00000001 size=1 bits=0x00000000
PROBE21FRAME gc=15 f=380 type=30 slot=761 info=0x90c69a8 bitmap_raw=0x00000001 size=1 bits=0x00000000
PROBE21FRAME gc=15 f=381 type=30 slot=763 info=0x90c69a8 bitmap_raw=0x00000001 size=1 bits=0x00000000
PROBE21FRAME gc=15 f=382 type=30 slot=765 info=0x90c69a8 bitmap_raw=0x00000001 size=1 bits=0x00000000
PROBE21FRAME gc=15 f=383 type=30 slot=767 info=0x90c69a8 bitmap_raw=0x00000001 size=1 bits=0x00000000
PROBE21FRAME gc=15 f=384 type=30 slot=769 info=0x90c69a8 bitmap_raw=0x00000001 size=1 bits=0x00000000
PROBE21FRAME gc=15 f=385 type=30 slot=771 info=0x90c69a8 bitmap_raw=0x00000001 size=1 bits=0x00000000
PROBE21FRAME gc=15 f=386 type=30 slot=773 info=0x90c69a8 bitmap_raw=0x00000001 size=1 bits=0x00000000
PROBE21FRAME gc=15 f=387 type=30 slot=775 info=0x90c69a8 bitmap_raw=0x00000001 size=1 bits=0x00000000
PROBE21FRAME gc=15 f=388 type=30 slot=777 info=0x90c69a8 bitmap_raw=0x00000001 size=1 bits=0x00000000
PROBE21FRAME gc=15 f=389 type=30 slot=779 info=0x90c69a8 bitmap_raw=0x00000001 size=1 bits=0x00000000
PROBE21FRAME gc=15 f=390 type=30 slot=781 info=0x90c69a8 bitmap_raw=0x00000001 size=1 bits=0x00000000
PROBE21FRAME gc=15 f=391 type=30 slot=783 info=0x90c69a8 bitmap_raw=0x00000001 size=1 bits=0x00000000
PROBE21FRAME gc=15 f=392 type=30 slot=785 info=0x90c69a8 bitmap_raw=0x00000001 size=1 bits=0x00000000
PROBE21FRAME gc=15 f=393 type=30 slot=787 info=0x90c69a8 bitmap_raw=0x00000001 size=1 bits=0x00000000
PROBE21FRAME gc=15 f=394 type=30 slot=789 info=0x90c69a8 bitmap_raw=0x00000001 size=1 bits=0x00000000
PROBE21FRAME gc=15 f=395 type=30 slot=791 info=0x90c69a8 bitmap_raw=0x00000001 size=1 bits=0x00000000
PROBE21FRAME gc=15 f=396 type=30 slot=793 info=0x90c69a8 bitmap_raw=0x00000001 size=1 bits=0x00000000
PROBE21FRAME gc=15 f=397 type=30 slot=795 info=0x90c69a8 bitmap_raw=0x00000001 size=1 bits=0x00000000
PROBE21FRAME gc=15 f=398 type=30 slot=797 info=0x90c69a8 bitmap_raw=0x00000001 size=1 bits=0x00000000
PROBE21FRAME gc=15 f=399 type=30 slot=799 info=0x90c69a8 bitmap_raw=0x00000001 size=1 bits=0x00000000
PROBE21FRAME gc=15 f=400 type=30 slot=801 info=0x90c69a8 bitmap_raw=0x00000001 size=1 bits=0x00000000
PROBE21FRAME gc=15 f=401 type=30 slot=803 info=0x90c69a8 bitmap_raw=0x00000001 size=1 bits=0x00000000
PROBE21FRAME gc=15 f=402 type=30 slot=805 info=0x90c69a8 bitmap_raw=0x00000001 size=1 bits=0x00000000
PROBE21FRAME gc=15 f=403 type=30 slot=807 info=0x90c69a8 bitmap_raw=0x00000001 size=1 bits=0x00000000
PROBE21FRAME gc=15 f=404 type=30 slot=809 info=0x90c69a8 bitmap_raw=0x00000001 size=1 bits=0x00000000
PROBE21FRAME gc=15 f=405 type=30 slot=811 info=0x90c69a8 bitmap_raw=0x00000001 size=1 bits=0x00000000
PROBE21FRAME gc=15 f=406 type=30 slot=813 info=0x90c69a8 bitmap_raw=0x00000001 size=1 bits=0x00000000
PROBE21FRAME gc=15 f=407 type=30 slot=815 info=0x90c69a8 bitmap_raw=0x00000001 size=1 bits=0x00000000
PROBE21FRAME gc=15 f=408 type=30 slot=817 info=0x90c69a8 bitmap_raw=0x00000001 size=1 bits=0x00000000
PROBE21FRAME gc=15 f=409 type=30 slot=819 info=0x90c69a8 bitmap_raw=0x00000001 size=1 bits=0x00000000
PROBE21FRAME gc=15 f=410 type=30 slot=821 info=0x90c69a8 bitmap_raw=0x00000001 size=1 bits=0x00000000
PROBE21FRAME gc=15 f=411 type=30 slot=823 info=0x90c69a8 bitmap_raw=0x00000001 size=1 bits=0x00000000
PROBE21FRAME gc=15 f=412 type=30 slot=825 info=0x90c69a8 bitmap_raw=0x00000001 size=1 bits=0x00000000
PROBE21FRAME gc=15 f=413 type=30 slot=827 info=0x90c69a8 bitmap_raw=0x00000001 size=1 bits=0x00000000
PROBE21FRAME gc=15 f=414 type=30 slot=829 info=0x90c69a8 bitmap_raw=0x00000001 size=1 bits=0x00000000
PROBE21FRAME gc=15 f=415 type=30 slot=831 info=0x90c69a8 bitmap_raw=0x00000001 size=1 bits=0x00000000
PROBE21FRAME gc=15 f=416 type=30 slot=833 info=0x90c69a8 bitmap_raw=0x00000001 size=1 bits=0x00000000
PROBE21FRAME gc=15 f=417 type=30 slot=835 info=0x90c69a8 bitmap_raw=0x00000001 size=1 bits=0x00000000
PROBE21FRAME gc=15 f=418 type=30 slot=837 info=0x90c69a8 bitmap_raw=0x00000001 size=1 bits=0x00000000
PROBE21FRAME gc=15 f=419 type=30 slot=839 info=0x90c69a8 bitmap_raw=0x00000001 size=1 bits=0x00000000
PROBE21FRAME gc=15 f=420 type=30 slot=841 info=0x90c69a8 bitmap_raw=0x00000001 size=1 bits=0x00000000
PROBE21FRAME gc=15 f=421 type=30 slot=843 info=0x90c69a8 bitmap_raw=0x00000001 size=1 bits=0x00000000
PROBE21FRAME gc=15 f=422 type=30 slot=845 info=0x90c69a8 bitmap_raw=0x00000001 size=1 bits=0x00000000
PROBE21FRAME gc=15 f=423 type=30 slot=847 info=0x90c69a8 bitmap_raw=0x00000001 size=1 bits=0x00000000
PROBE21FRAME gc=15 f=424 type=30 slot=849 info=0x90c69a8 bitmap_raw=0x00000001 size=1 bits=0x00000000
PROBE21FRAME gc=15 f=425 type=30 slot=851 info=0x90c69a8 bitmap_raw=0x00000001 size=1 bits=0x00000000
PROBE21FRAME gc=15 f=426 type=30 slot=853 info=0x90c69a8 bitmap_raw=0x00000001 size=1 bits=0x00000000
PROBE21FRAME gc=15 f=427 type=30 slot=855 info=0x90c69a8 bitmap_raw=0x00000001 size=1 bits=0x00000000
PROBE21FRAME gc=15 f=428 type=30 slot=857 info=0x90c69a8 bitmap_raw=0x00000001 size=1 bits=0x00000000
PROBE21FRAME gc=15 f=429 type=30 slot=859 info=0x90c69a8 bitmap_raw=0x00000001 size=1 bits=0x00000000
PROBE21FRAME gc=15 f=430 type=30 slot=861 info=0x90c69a8 bitmap_raw=0x00000001 size=1 bits=0x00000000
PROBE21FRAME gc=15 f=431 type=30 slot=863 info=0x90c69a8 bitmap_raw=0x00000001 size=1 bits=0x00000000
PROBE21FRAME gc=15 f=432 type=30 slot=865 info=0x90c69a8 bitmap_raw=0x00000001 size=1 bits=0x00000000
PROBE21FRAME gc=15 f=433 type=30 slot=867 info=0x90c69a8 bitmap_raw=0x00000001 size=1 bits=0x00000000
PROBE21FRAME gc=15 f=434 type=30 slot=869 info=0x90c69a8 bitmap_raw=0x00000001 size=1 bits=0x00000000
PROBE21FRAME gc=15 f=435 type=30 slot=871 info=0x90c69a8 bitmap_raw=0x00000001 size=1 bits=0x00000000
PROBE21FRAME gc=15 f=436 type=30 slot=873 info=0x90c69a8 bitmap_raw=0x00000001 size=1 bits=0x00000000
PROBE21FRAME gc=15 f=437 type=30 slot=875 info=0x90c69a8 bitmap_raw=0x00000001 size=1 bits=0x00000000
PROBE21FRAME gc=15 f=438 type=30 slot=877 info=0x90c69a8 bitmap_raw=0x00000001 size=1 bits=0x00000000
PROBE21FRAME gc=15 f=439 type=30 slot=879 info=0x90c69a8 bitmap_raw=0x00000001 size=1 bits=0x00000000
PROBE21FRAME gc=15 f=440 type=30 slot=881 info=0x90c69a8 bitmap_raw=0x00000001 size=1 bits=0x00000000
PROBE21FRAME gc=15 f=441 type=30 slot=883 info=0x90c69a8 bitmap_raw=0x00000001 size=1 bits=0x00000000
PROBE21FRAME gc=15 f=442 type=30 slot=885 info=0x90c69a8 bitmap_raw=0x00000001 size=1 bits=0x00000000
PROBE21FRAME gc=15 f=443 type=30 slot=887 info=0x90c69a8 bitmap_raw=0x00000001 size=1 bits=0x00000000
PROBE21FRAME gc=15 f=444 type=30 slot=889 info=0x90c69a8 bitmap_raw=0x00000001 size=1 bits=0x00000000
PROBE21FRAME gc=15 f=445 type=30 slot=891 info=0x90c69a8 bitmap_raw=0x00000001 size=1 bits=0x00000000
PROBE21FRAME gc=15 f=446 type=30 slot=893 info=0x90c69a8 bitmap_raw=0x00000001 size=1 bits=0x00000000
PROBE21FRAME gc=15 f=447 type=30 slot=895 info=0x90c69a8 bitmap_raw=0x00000001 size=1 bits=0x00000000
PROBE21FRAME gc=15 f=448 type=30 slot=897 info=0x90c69a8 bitmap_raw=0x00000001 size=1 bits=0x00000000
PROBE21FRAME gc=15 f=449 type=30 slot=899 info=0x90c69a8 bitmap_raw=0x00000001 size=1 bits=0x00000000
PROBE21FRAME gc=15 f=450 type=30 slot=901 info=0x90c69a8 bitmap_raw=0x00000001 size=1 bits=0x00000000
PROBE21FRAME gc=15 f=451 type=30 slot=903 info=0x90c69a8 bitmap_raw=0x00000001 size=1 bits=0x00000000
PROBE21FRAME gc=15 f=452 type=30 slot=905 info=0x90c69a8 bitmap_raw=0x00000001 size=1 bits=0x00000000
PROBE21FRAME gc=15 f=453 type=30 slot=907 info=0x90c69a8 bitmap_raw=0x00000001 size=1 bits=0x00000000
PROBE21FRAME gc=15 f=454 type=30 slot=909 info=0x90c69a8 bitmap_raw=0x00000001 size=1 bits=0x00000000
PROBE21FRAME gc=15 f=455 type=30 slot=911 info=0x90c69a8 bitmap_raw=0x00000001 size=1 bits=0x00000000
PROBE21FRAME gc=15 f=456 type=30 slot=913 info=0x90c69a8 bitmap_raw=0x00000001 size=1 bits=0x00000000
PROBE21FRAME gc=15 f=457 type=30 slot=915 info=0x90c69a8 bitmap_raw=0x00000001 size=1 bits=0x00000000
PROBE21FRAME gc=15 f=458 type=30 slot=917 info=0x90c69a8 bitmap_raw=0x00000001 size=1 bits=0x00000000
PROBE21FRAME gc=15 f=459 type=30 slot=919 info=0x90c69a8 bitmap_raw=0x00000001 size=1 bits=0x00000000
PROBE21FRAME gc=15 f=460 type=30 slot=921 info=0x90c69a8 bitmap_raw=0x00000001 size=1 bits=0x00000000
PROBE21FRAME gc=15 f=461 type=30 slot=923 info=0x90c69a8 bitmap_raw=0x00000001 size=1 bits=0x00000000
PROBE21FRAME gc=15 f=462 type=30 slot=925 info=0x90c69a8 bitmap_raw=0x00000001 size=1 bits=0x00000000
PROBE21FRAME gc=15 f=463 type=30 slot=927 info=0x90c69a8 bitmap_raw=0x00000001 size=1 bits=0x00000000
PROBE21FRAME gc=15 f=464 type=30 slot=929 info=0x90c69a8 bitmap_raw=0x00000001 size=1 bits=0x00000000
PROBE21FRAME gc=15 f=465 type=30 slot=931 info=0x90c69a8 bitmap_raw=0x00000001 size=1 bits=0x00000000
PROBE21FRAME gc=15 f=466 type=30 slot=933 info=0x90c69a8 bitmap_raw=0x00000001 size=1 bits=0x00000000
PROBE21FRAME gc=15 f=467 type=30 slot=935 info=0x90c69a8 bitmap_raw=0x00000001 size=1 bits=0x00000000
PROBE21FRAME gc=15 f=468 type=30 slot=937 info=0x90c69a8 bitmap_raw=0x00000001 size=1 bits=0x00000000
PROBE21FRAME gc=15 f=469 type=30 slot=939 info=0x90c69a8 bitmap_raw=0x00000001 size=1 bits=0x00000000
PROBE21FRAME gc=15 f=470 type=30 slot=941 info=0x90c69a8 bitmap_raw=0x00000001 size=1 bits=0x00000000
PROBE21FRAME gc=15 f=471 type=30 slot=943 info=0x90c69a8 bitmap_raw=0x00000001 size=1 bits=0x00000000
PROBE21FRAME gc=15 f=472 type=30 slot=945 info=0x90c69a8 bitmap_raw=0x00000001 size=1 bits=0x00000000
PROBE21FRAME gc=15 f=473 type=30 slot=947 info=0x90c69a8 bitmap_raw=0x00000001 size=1 bits=0x00000000
PROBE21FRAME gc=15 f=474 type=30 slot=949 info=0x90c69a8 bitmap_raw=0x00000001 size=1 bits=0x00000000
PROBE21FRAME gc=15 f=475 type=30 slot=951 info=0x90c69a8 bitmap_raw=0x00000001 size=1 bits=0x00000000
PROBE21FRAME gc=15 f=476 type=30 slot=953 info=0x90c69a8 bitmap_raw=0x00000001 size=1 bits=0x00000000
PROBE21FRAME gc=15 f=477 type=30 slot=955 info=0x90c69a8 bitmap_raw=0x00000001 size=1 bits=0x00000000
PROBE21FRAME gc=15 f=478 type=30 slot=957 info=0x90c69a8 bitmap_raw=0x00000001 size=1 bits=0x00000000
PROBE21FRAME gc=15 f=479 type=30 slot=959 info=0x90c69a8 bitmap_raw=0x00000001 size=1 bits=0x00000000
PROBE21FRAME gc=15 f=480 type=30 slot=961 info=0x90c69a8 bitmap_raw=0x00000001 size=1 bits=0x00000000
PROBE21FRAME gc=15 f=481 type=30 slot=963 info=0x90c69a8 bitmap_raw=0x00000001 size=1 bits=0x00000000
PROBE21FRAME gc=15 f=482 type=30 slot=965 info=0x90c69a8 bitmap_raw=0x00000001 size=1 bits=0x00000000
PROBE21FRAME gc=15 f=483 type=30 slot=967 info=0x90c69a8 bitmap_raw=0x00000001 size=1 bits=0x00000000
PROBE21FRAME gc=15 f=484 type=30 slot=969 info=0x90c69a8 bitmap_raw=0x00000001 size=1 bits=0x00000000
PROBE21FRAME gc=15 f=485 type=30 slot=971 info=0x90c69a8 bitmap_raw=0x00000001 size=1 bits=0x00000000
PROBE21FRAME gc=15 f=486 type=30 slot=973 info=0x90c69a8 bitmap_raw=0x00000001 size=1 bits=0x00000000
PROBE21FRAME gc=15 f=487 type=30 slot=975 info=0x90c69a8 bitmap_raw=0x00000001 size=1 bits=0x00000000
PROBE21FRAME gc=15 f=488 type=30 slot=977 info=0x90c69a8 bitmap_raw=0x00000001 size=1 bits=0x00000000
PROBE21FRAME gc=15 f=489 type=30 slot=979 info=0x90c69a8 bitmap_raw=0x00000001 size=1 bits=0x00000000
PROBE21FRAME gc=15 f=490 type=30 slot=981 info=0x90c69a8 bitmap_raw=0x00000001 size=1 bits=0x00000000
PROBE21FRAME gc=15 f=491 type=30 slot=983 info=0x90c69a8 bitmap_raw=0x00000001 size=1 bits=0x00000000
PROBE21FRAME gc=15 f=492 type=30 slot=985 info=0x90c69a8 bitmap_raw=0x00000001 size=1 bits=0x00000000
PROBE21FRAME gc=15 f=493 type=30 slot=987 info=0x90c69a8 bitmap_raw=0x00000001 size=1 bits=0x00000000
PROBE21FRAME gc=15 f=494 type=30 slot=989 info=0x90c69a8 bitmap_raw=0x00000001 size=1 bits=0x00000000
PROBE21FRAME gc=15 f=495 type=30 slot=991 info=0x90c69a8 bitmap_raw=0x00000001 size=1 bits=0x00000000
PROBE21FRAME gc=15 f=496 type=30 slot=993 info=0x90c69a8 bitmap_raw=0x00000001 size=1 bits=0x00000000
PROBE21FRAME gc=15 f=497 type=30 slot=995 info=0x90c69a8 bitmap_raw=0x00000001 size=1 bits=0x00000000
PROBE21FRAME gc=15 f=498 type=30 slot=997 info=0x90c69a8 bitmap_raw=0x00000001 size=1 bits=0x00000000
PROBE21FRAME gc=15 f=499 type=30 slot=999 info=0x90c69a8 bitmap_raw=0x00000001 size=1 bits=0x00000000
PROBE21FRAME gc=15 f=500 type=30 slot=1001 info=0x90c69a8 bitmap_raw=0x00000001 size=1 bits=0x00000000
PROBE21FRAME gc=15 f=501 type=30 slot=1003 info=0x90c69a8 bitmap_raw=0x00000001 size=1 bits=0x00000000
PROBE21FRAME gc=15 f=502 type=30 slot=1005 info=0x90c69a8 bitmap_raw=0x00000001 size=1 bits=0x00000000
PROBE21FRAME gc=15 f=503 type=30 slot=1007 info=0x90c69a8 bitmap_raw=0x00000001 size=1 bits=0x00000000
PROBE21FRAME gc=15 f=504 type=30 slot=1009 info=0x90c69a8 bitmap_raw=0x00000001 size=1 bits=0x00000000
PROBE21FRAME gc=15 f=505 type=30 slot=1011 info=0x90c69a8 bitmap_raw=0x00000001 size=1 bits=0x00000000
PROBE21FRAME gc=15 f=506 type=30 slot=1013 info=0x90c69a8 bitmap_raw=0x00000001 size=1 bits=0x00000000
PROBE21FRAME gc=15 f=507 type=30 slot=1015 info=0x90c69a8 bitmap_raw=0x00000001 size=1 bits=0x00000000
PROBE21FRAME gc=15 f=508 type=30 slot=1017 info=0x90c69a8 bitmap_raw=0x00000001 size=1 bits=0x00000000
PROBE21FRAME gc=15 f=509 type=30 slot=1019 info=0x90c69a8 bitmap_raw=0x00000001 size=1 bits=0x00000000
PROBE21FRAME gc=15 f=510 type=30 slot=1021 info=0x90c69a8 bitmap_raw=0x00000001 size=1 bits=0x00000000
PROBE21FRAME gc=15 f=511 type=30 slot=1023 info=0x90c69a8 bitmap_raw=0x00000001 size=1 bits=0x00000000
PROBE21FRAME gc=15 f=512 type=30 slot=1025 info=0x90c69a8 bitmap_raw=0x00000001 size=1 bits=0x00000000
PROBE21FRAME gc=15 f=513 type=30 slot=1027 info=0x90c69a8 bitmap_raw=0x00000001 size=1 bits=0x00000000
PROBE21FRAME gc=15 f=514 type=30 slot=1029 info=0x90c69a8 bitmap_raw=0x00000001 size=1 bits=0x00000000
PROBE21FRAME gc=15 f=515 type=30 slot=1031 info=0x90c69a8 bitmap_raw=0x00000001 size=1 bits=0x00000000
PROBE21FRAME gc=15 f=516 type=30 slot=1033 info=0x90c69a8 bitmap_raw=0x00000001 size=1 bits=0x00000000
PROBE21FRAME gc=15 f=517 type=30 slot=1035 info=0x90c69a8 bitmap_raw=0x00000001 size=1 bits=0x00000000
PROBE21FRAME gc=15 f=518 type=30 slot=1037 info=0x90c69a8 bitmap_raw=0x00000001 size=1 bits=0x00000000
PROBE21FRAME gc=15 f=519 type=30 slot=1039 info=0x90c69a8 bitmap_raw=0x00000001 size=1 bits=0x00000000
PROBE21FRAME gc=15 f=520 type=30 slot=1041 info=0x90c69a8 bitmap_raw=0x00000001 size=1 bits=0x00000000
PROBE21FRAME gc=15 f=521 type=30 slot=1043 info=0x90c69a8 bitmap_raw=0x00000001 size=1 bits=0x00000000
PROBE21FRAME gc=15 f=522 type=30 slot=1045 info=0x90c69a8 bitmap_raw=0x00000001 size=1 bits=0x00000000
PROBE21FRAME gc=15 f=523 type=30 slot=1047 info=0x90c69a8 bitmap_raw=0x00000001 size=1 bits=0x00000000
PROBE21FRAME gc=15 f=524 type=30 slot=1049 info=0x90c69a8 bitmap_raw=0x00000001 size=1 bits=0x00000000
PROBE21FRAME gc=15 f=525 type=30 slot=1051 info=0x90c69a8 bitmap_raw=0x00000001 size=1 bits=0x00000000
PROBE21FRAME gc=15 f=526 type=30 slot=1053 info=0x90c69a8 bitmap_raw=0x00000001 size=1 bits=0x00000000
PROBE21FRAME gc=15 f=527 type=30 slot=1055 info=0x90c69a8 bitmap_raw=0x00000001 size=1 bits=0x00000000
PROBE21FRAME gc=15 f=528 type=30 slot=1057 info=0x90c69a8 bitmap_raw=0x00000001 size=1 bits=0x00000000
PROBE21FRAME gc=15 f=529 type=30 slot=1059 info=0x90c69a8 bitmap_raw=0x00000001 size=1 bits=0x00000000
PROBE21FRAME gc=15 f=530 type=30 slot=1061 info=0x90c69a8 bitmap_raw=0x00000001 size=1 bits=0x00000000
PROBE21FRAME gc=15 f=531 type=30 slot=1063 info=0x90c69a8 bitmap_raw=0x00000001 size=1 bits=0x00000000
PROBE21FRAME gc=15 f=532 type=30 slot=1065 info=0x90c69a8 bitmap_raw=0x00000001 size=1 bits=0x00000000
PROBE21FRAME gc=15 f=533 type=30 slot=1067 info=0x90c69a8 bitmap_raw=0x00000001 size=1 bits=0x00000000
PROBE21FRAME gc=15 f=534 type=30 slot=1069 info=0x90c69a8 bitmap_raw=0x00000001 size=1 bits=0x00000000
PROBE21FRAME gc=15 f=535 type=30 slot=1071 info=0x90c69a8 bitmap_raw=0x00000001 size=1 bits=0x00000000
PROBE21FRAME gc=15 f=536 type=30 slot=1073 info=0x90c69a8 bitmap_raw=0x00000001 size=1 bits=0x00000000
PROBE21FRAME gc=15 f=537 type=30 slot=1075 info=0x90c69a8 bitmap_raw=0x00000001 size=1 bits=0x00000000
PROBE21FRAME gc=15 f=538 type=30 slot=1077 info=0x90c69a8 bitmap_raw=0x00000001 size=1 bits=0x00000000
PROBE21FRAME gc=15 f=539 type=30 slot=1079 info=0x90c69a8 bitmap_raw=0x00000001 size=1 bits=0x00000000
PROBE21FRAME gc=15 f=540 type=30 slot=1081 info=0x90c69a8 bitmap_raw=0x00000001 size=1 bits=0x00000000
PROBE21FRAME gc=15 f=541 type=30 slot=1083 info=0x90c69a8 bitmap_raw=0x00000001 size=1 bits=0x00000000
PROBE21FRAME gc=15 f=542 type=30 slot=1085 info=0x90c69a8 bitmap_raw=0x00000001 size=1 bits=0x00000000
PROBE21FRAME gc=15 f=543 type=30 slot=1087 info=0x90c69a8 bitmap_raw=0x00000001 size=1 bits=0x00000000
PROBE21FRAME gc=15 f=544 type=30 slot=1089 info=0x90c69a8 bitmap_raw=0x00000001 size=1 bits=0x00000000
PROBE21FRAME gc=15 f=545 type=30 slot=1091 info=0x90c69a8 bitmap_raw=0x00000001 size=1 bits=0x00000000
PROBE21FRAME gc=15 f=546 type=30 slot=1093 info=0x90c69a8 bitmap_raw=0x00000001 size=1 bits=0x00000000
PROBE21FRAME gc=15 f=547 type=30 slot=1095 info=0x90c69a8 bitmap_raw=0x00000001 size=1 bits=0x00000000
PROBE21FRAME gc=15 f=548 type=30 slot=1097 info=0x90c69a8 bitmap_raw=0x00000001 size=1 bits=0x00000000
PROBE21FRAME gc=15 f=549 type=30 slot=1099 info=0x90c69a8 bitmap_raw=0x00000001 size=1 bits=0x00000000
PROBE21FRAME gc=15 f=550 type=30 slot=1101 info=0x90c69a8 bitmap_raw=0x00000001 size=1 bits=0x00000000
PROBE21FRAME gc=15 f=551 type=30 slot=1103 info=0x90c69a8 bitmap_raw=0x00000001 size=1 bits=0x00000000
PROBE21FRAME gc=15 f=552 type=30 slot=1105 info=0x90c69a8 bitmap_raw=0x00000001 size=1 bits=0x00000000
PROBE21FRAME gc=15 f=553 type=30 slot=1107 info=0x90c69a8 bitmap_raw=0x00000001 size=1 bits=0x00000000
PROBE21FRAME gc=15 f=554 type=30 slot=1109 info=0x90c69a8 bitmap_raw=0x00000001 size=1 bits=0x00000000
PROBE21FRAME gc=15 f=555 type=30 slot=1111 info=0x90c69a8 bitmap_raw=0x00000001 size=1 bits=0x00000000
PROBE21FRAME gc=15 f=556 type=30 slot=1113 info=0x90c69a8 bitmap_raw=0x00000001 size=1 bits=0x00000000
PROBE21FRAME gc=15 f=557 type=30 slot=1115 info=0x90c69a8 bitmap_raw=0x00000001 size=1 bits=0x00000000
PROBE21FRAME gc=15 f=558 type=30 slot=1117 info=0x90c69a8 bitmap_raw=0x00000001 size=1 bits=0x00000000
PROBE21FRAME gc=15 f=559 type=30 slot=1119 info=0x90c69a8 bitmap_raw=0x00000001 size=1 bits=0x00000000
PROBE21FRAME gc=15 f=560 type=30 slot=1121 info=0x90c69a8 bitmap_raw=0x00000001 size=1 bits=0x00000000
PROBE21FRAME gc=15 f=561 type=30 slot=1123 info=0x90c69a8 bitmap_raw=0x00000001 size=1 bits=0x00000000
PROBE21FRAME gc=15 f=562 type=30 slot=1125 info=0x90c69a8 bitmap_raw=0x00000001 size=1 bits=0x00000000
PROBE21FRAME gc=15 f=563 type=30 slot=1127 info=0x90c69a8 bitmap_raw=0x00000001 size=1 bits=0x00000000
PROBE21FRAME gc=15 f=564 type=30 slot=1129 info=0x90c69a8 bitmap_raw=0x00000001 size=1 bits=0x00000000
PROBE21FRAME gc=15 f=565 type=30 slot=1131 info=0x90c69a8 bitmap_raw=0x00000001 size=1 bits=0x00000000
PROBE21FRAME gc=15 f=566 type=30 slot=1133 info=0x90c69a8 bitmap_raw=0x00000001 size=1 bits=0x00000000
PROBE21FRAME gc=15 f=567 type=30 slot=1135 info=0x90c69a8 bitmap_raw=0x00000001 size=1 bits=0x00000000
PROBE21FRAME gc=15 f=568 type=30 slot=1137 info=0x90c69a8 bitmap_raw=0x00000001 size=1 bits=0x00000000
PROBE21FRAME gc=15 f=569 type=30 slot=1139 info=0x90c69a8 bitmap_raw=0x00000001 size=1 bits=0x00000000
PROBE21FRAME gc=15 f=570 type=30 slot=1141 info=0x90c69a8 bitmap_raw=0x00000001 size=1 bits=0x00000000
PROBE21FRAME gc=15 f=571 type=30 slot=1143 info=0x90c69a8 bitmap_raw=0x00000001 size=1 bits=0x00000000
PROBE21FRAME gc=15 f=572 type=30 slot=1145 info=0x90c69a8 bitmap_raw=0x00000001 size=1 bits=0x00000000
PROBE21FRAME gc=15 f=573 type=30 slot=1147 info=0x90c69a8 bitmap_raw=0x00000001 size=1 bits=0x00000000
PROBE21FRAME gc=15 f=574 type=30 slot=1149 info=0x90c69a8 bitmap_raw=0x00000001 size=1 bits=0x00000000
PROBE21FRAME gc=15 f=575 type=30 slot=1151 info=0x90c69a8 bitmap_raw=0x00000001 size=1 bits=0x00000000
PROBE21FRAME gc=15 f=576 type=30 slot=1153 info=0x90c69a8 bitmap_raw=0x00000001 size=1 bits=0x00000000
PROBE21FRAME gc=15 f=577 type=30 slot=1155 info=0x90c69a8 bitmap_raw=0x00000001 size=1 bits=0x00000000
PROBE21FRAME gc=15 f=578 type=30 slot=1157 info=0x90c69a8 bitmap_raw=0x00000001 size=1 bits=0x00000000
PROBE21FRAME gc=15 f=579 type=30 slot=1159 info=0x90c69a8 bitmap_raw=0x00000001 size=1 bits=0x00000000
PROBE21FRAME gc=15 f=580 type=30 slot=1161 info=0x90c69a8 bitmap_raw=0x00000001 size=1 bits=0x00000000
PROBE21FRAME gc=15 f=581 type=30 slot=1163 info=0x90c69a8 bitmap_raw=0x00000001 size=1 bits=0x00000000
PROBE21FRAME gc=15 f=582 type=30 slot=1165 info=0x90c69a8 bitmap_raw=0x00000001 size=1 bits=0x00000000
PROBE21FRAME gc=15 f=583 type=30 slot=1167 info=0x90c69a8 bitmap_raw=0x00000001 size=1 bits=0x00000000
PROBE21FRAME gc=15 f=584 type=30 slot=1169 info=0x90c69a8 bitmap_raw=0x00000001 size=1 bits=0x00000000
PROBE21FRAME gc=15 f=585 type=30 slot=1171 info=0x90c69a8 bitmap_raw=0x00000001 size=1 bits=0x00000000
PROBE21FRAME gc=15 f=586 type=30 slot=1173 info=0x90c69a8 bitmap_raw=0x00000001 size=1 bits=0x00000000
PROBE21FRAME gc=15 f=587 type=30 slot=1175 info=0x90c69a8 bitmap_raw=0x00000001 size=1 bits=0x00000000
PROBE21FRAME gc=15 f=588 type=30 slot=1177 info=0x90c69a8 bitmap_raw=0x00000001 size=1 bits=0x00000000
PROBE21FRAME gc=15 f=589 type=30 slot=1179 info=0x90c69a8 bitmap_raw=0x00000001 size=1 bits=0x00000000
PROBE21FRAME gc=15 f=590 type=30 slot=1181 info=0x90c69a8 bitmap_raw=0x00000001 size=1 bits=0x00000000
PROBE21FRAME gc=15 f=591 type=30 slot=1183 info=0x90c69a8 bitmap_raw=0x00000001 size=1 bits=0x00000000
PROBE21FRAME gc=15 f=592 type=30 slot=1185 info=0x90c69a8 bitmap_raw=0x00000001 size=1 bits=0x00000000
PROBE21FRAME gc=15 f=593 type=30 slot=1187 info=0x90c69a8 bitmap_raw=0x00000001 size=1 bits=0x00000000
PROBE21FRAME gc=15 f=594 type=30 slot=1189 info=0x90c69a8 bitmap_raw=0x00000001 size=1 bits=0x00000000
PROBE21FRAME gc=15 f=595 type=30 slot=1191 info=0x90c69a8 bitmap_raw=0x00000001 size=1 bits=0x00000000
PROBE21FRAME gc=15 f=596 type=30 slot=1193 info=0x90c69a8 bitmap_raw=0x00000001 size=1 bits=0x00000000
PROBE21FRAME gc=15 f=597 type=30 slot=1195 info=0x90c69a8 bitmap_raw=0x00000001 size=1 bits=0x00000000
PROBE21FRAME gc=15 f=598 type=30 slot=1197 info=0x90c69a8 bitmap_raw=0x00000001 size=1 bits=0x00000000
PROBE21FRAME gc=15 f=599 type=30 slot=1199 info=0x90c69a8 bitmap_raw=0x00000001 size=1 bits=0x00000000
PROBE21FRAME gc=15 f=600 type=30 slot=1201 info=0x90c69a8 bitmap_raw=0x00000001 size=1 bits=0x00000000
PROBE21FRAME gc=15 f=601 type=30 slot=1203 info=0x90c69a8 bitmap_raw=0x00000001 size=1 bits=0x00000000
PROBE21FRAME gc=15 f=602 type=30 slot=1205 info=0x90c69a8 bitmap_raw=0x00000001 size=1 bits=0x00000000
PROBE21FRAME gc=15 f=603 type=30 slot=1207 info=0x90c69a8 bitmap_raw=0x00000001 size=1 bits=0x00000000
PROBE21FRAME gc=15 f=604 type=30 slot=1209 info=0x90c69a8 bitmap_raw=0x00000001 size=1 bits=0x00000000
PROBE21FRAME gc=15 f=605 type=30 slot=1211 info=0x90c69a8 bitmap_raw=0x00000001 size=1 bits=0x00000000
PROBE21FRAME gc=15 f=606 type=30 slot=1213 info=0x90c69a8 bitmap_raw=0x00000001 size=1 bits=0x00000000
PROBE21FRAME gc=15 f=607 type=30 slot=1215 info=0x90c69a8 bitmap_raw=0x00000001 size=1 bits=0x00000000
PROBE21FRAME gc=15 f=608 type=30 slot=1217 info=0x90c69a8 bitmap_raw=0x00000001 size=1 bits=0x00000000
PROBE21FRAME gc=15 f=609 type=30 slot=1219 info=0x90c69a8 bitmap_raw=0x00000001 size=1 bits=0x00000000
PROBE21FRAME gc=15 f=610 type=30 slot=1221 info=0x90c69a8 bitmap_raw=0x00000001 size=1 bits=0x00000000
PROBE21FRAME gc=15 f=611 type=30 slot=1223 info=0x90c69a8 bitmap_raw=0x00000001 size=1 bits=0x00000000
PROBE21FRAME gc=15 f=612 type=30 slot=1225 info=0x90c69a8 bitmap_raw=0x00000001 size=1 bits=0x00000000
PROBE21FRAME gc=15 f=613 type=30 slot=1227 info=0x90c69a8 bitmap_raw=0x00000001 size=1 bits=0x00000000
PROBE21FRAME gc=15 f=614 type=30 slot=1229 info=0x90c69a8 bitmap_raw=0x00000001 size=1 bits=0x00000000
PROBE21FRAME gc=15 f=615 type=30 slot=1231 info=0x90c69a8 bitmap_raw=0x00000001 size=1 bits=0x00000000
PROBE21FRAME gc=15 f=616 type=30 slot=1233 info=0x90c69a8 bitmap_raw=0x00000001 size=1 bits=0x00000000
PROBE21FRAME gc=15 f=617 type=30 slot=1235 info=0x90c69a8 bitmap_raw=0x00000001 size=1 bits=0x00000000
PROBE21FRAME gc=15 f=618 type=30 slot=1237 info=0x90c69a8 bitmap_raw=0x00000001 size=1 bits=0x00000000
PROBE21FRAME gc=15 f=619 type=30 slot=1239 info=0x90c69a8 bitmap_raw=0x00000001 size=1 bits=0x00000000
PROBE21FRAME gc=15 f=620 type=30 slot=1241 info=0x90c69a8 bitmap_raw=0x00000001 size=1 bits=0x00000000
PROBE21FRAME gc=15 f=621 type=30 slot=1243 info=0x90c69a8 bitmap_raw=0x00000001 size=1 bits=0x00000000
PROBE21FRAME gc=15 f=622 type=30 slot=1245 info=0x90c69a8 bitmap_raw=0x00000001 size=1 bits=0x00000000
PROBE21FRAME gc=15 f=623 type=30 slot=1247 info=0x90c69a8 bitmap_raw=0x00000001 size=1 bits=0x00000000
PROBE21FRAME gc=15 f=624 type=30 slot=1249 info=0x90c69a8 bitmap_raw=0x00000001 size=1 bits=0x00000000
PROBE21FRAME gc=15 f=625 type=30 slot=1251 info=0x90c69a8 bitmap_raw=0x00000001 size=1 bits=0x00000000
PROBE21FRAME gc=15 f=626 type=30 slot=1253 info=0x90c69a8 bitmap_raw=0x00000001 size=1 bits=0x00000000
PROBE21FRAME gc=15 f=627 type=30 slot=1255 info=0x90c69a8 bitmap_raw=0x00000001 size=1 bits=0x00000000
PROBE21FRAME gc=15 f=628 type=30 slot=1257 info=0x90c69a8 bitmap_raw=0x00000001 size=1 bits=0x00000000
PROBE21FRAME gc=15 f=629 type=30 slot=1259 info=0x90c69a8 bitmap_raw=0x00000001 size=1 bits=0x00000000
PROBE21FRAME gc=15 f=630 type=30 slot=1261 info=0x90c69a8 bitmap_raw=0x00000001 size=1 bits=0x00000000
PROBE21FRAME gc=15 f=631 type=30 slot=1263 info=0x90c69a8 bitmap_raw=0x00000001 size=1 bits=0x00000000
PROBE21FRAME gc=15 f=632 type=30 slot=1265 info=0x90c69a8 bitmap_raw=0x00000001 size=1 bits=0x00000000
PROBE21FRAME gc=15 f=633 type=30 slot=1267 info=0x90c69a8 bitmap_raw=0x00000001 size=1 bits=0x00000000
PROBE21FRAME gc=15 f=634 type=30 slot=1269 info=0x90c69a8 bitmap_raw=0x00000001 size=1 bits=0x00000000
PROBE21FRAME gc=15 f=635 type=30 slot=1271 info=0x90c69a8 bitmap_raw=0x00000001 size=1 bits=0x00000000
PROBE21FRAME gc=15 f=636 type=30 slot=1273 info=0x90c69a8 bitmap_raw=0x00000001 size=1 bits=0x00000000
PROBE21FRAME gc=15 f=637 type=30 slot=1275 info=0x90c69a8 bitmap_raw=0x00000001 size=1 bits=0x00000000
PROBE21FRAME gc=15 f=638 type=30 slot=1277 info=0x90c69a8 bitmap_raw=0x00000001 size=1 bits=0x00000000
PROBE21FRAME gc=15 f=639 type=30 slot=1279 info=0x90c69a8 bitmap_raw=0x00000001 size=1 bits=0x00000000
PROBE21FRAME gc=15 f=640 type=30 slot=1281 info=0x90c69a8 bitmap_raw=0x00000001 size=1 bits=0x00000000
PROBE21FRAME gc=15 f=641 type=30 slot=1283 info=0x90c69a8 bitmap_raw=0x00000001 size=1 bits=0x00000000
PROBE21FRAME gc=15 f=642 type=30 slot=1285 info=0x90c69a8 bitmap_raw=0x00000001 size=1 bits=0x00000000
PROBE21FRAME gc=15 f=643 type=30 slot=1287 info=0x90c69a8 bitmap_raw=0x00000001 size=1 bits=0x00000000
PROBE21FRAME gc=15 f=644 type=30 slot=1289 info=0x90c69a8 bitmap_raw=0x00000001 size=1 bits=0x00000000
PROBE21FRAME gc=15 f=645 type=30 slot=1291 info=0x90c69a8 bitmap_raw=0x00000001 size=1 bits=0x00000000
PROBE21FRAME gc=15 f=646 type=30 slot=1293 info=0x90c69a8 bitmap_raw=0x00000001 size=1 bits=0x00000000
PROBE21FRAME gc=15 f=647 type=30 slot=1295 info=0x90c69a8 bitmap_raw=0x00000001 size=1 bits=0x00000000
PROBE21FRAME gc=15 f=648 type=30 slot=1297 info=0x90c69a8 bitmap_raw=0x00000001 size=1 bits=0x00000000
PROBE21FRAME gc=15 f=649 type=30 slot=1299 info=0x90c69a8 bitmap_raw=0x00000001 size=1 bits=0x00000000
PROBE21FRAME gc=15 f=650 type=30 slot=1301 info=0x90c69a8 bitmap_raw=0x00000001 size=1 bits=0x00000000
PROBE21FRAME gc=15 f=651 type=30 slot=1303 info=0x90c69a8 bitmap_raw=0x00000001 size=1 bits=0x00000000
PROBE21FRAME gc=15 f=652 type=30 slot=1305 info=0x90c69a8 bitmap_raw=0x00000001 size=1 bits=0x00000000
PROBE21FRAME gc=15 f=653 type=30 slot=1307 info=0x90c69a8 bitmap_raw=0x00000001 size=1 bits=0x00000000
PROBE21FRAME gc=15 f=654 type=30 slot=1309 info=0x90c69a8 bitmap_raw=0x00000001 size=1 bits=0x00000000
PROBE21FRAME gc=15 f=655 type=30 slot=1311 info=0x90c69a8 bitmap_raw=0x00000001 size=1 bits=0x00000000
PROBE21FRAME gc=15 f=656 type=30 slot=1313 info=0x90c69a8 bitmap_raw=0x00000001 size=1 bits=0x00000000
PROBE21FRAME gc=15 f=657 type=30 slot=1315 info=0x90c69a8 bitmap_raw=0x00000001 size=1 bits=0x00000000
PROBE21FRAME gc=15 f=658 type=30 slot=1317 info=0x90c69a8 bitmap_raw=0x00000001 size=1 bits=0x00000000
PROBE21FRAME gc=15 f=659 type=30 slot=1319 info=0x90c69a8 bitmap_raw=0x00000001 size=1 bits=0x00000000
PROBE21FRAME gc=15 f=660 type=30 slot=1321 info=0x90c69a8 bitmap_raw=0x00000001 size=1 bits=0x00000000
PROBE21FRAME gc=15 f=661 type=30 slot=1323 info=0x90c69a8 bitmap_raw=0x00000001 size=1 bits=0x00000000
PROBE21FRAME gc=15 f=662 type=30 slot=1325 info=0x90c69a8 bitmap_raw=0x00000001 size=1 bits=0x00000000
PROBE21FRAME gc=15 f=663 type=30 slot=1327 info=0x90c69a8 bitmap_raw=0x00000001 size=1 bits=0x00000000
PROBE21FRAME gc=15 f=664 type=30 slot=1329 info=0x90c69a8 bitmap_raw=0x00000001 size=1 bits=0x00000000
PROBE21FRAME gc=15 f=665 type=30 slot=1331 info=0x90c69a8 bitmap_raw=0x00000001 size=1 bits=0x00000000
PROBE21FRAME gc=15 f=666 type=30 slot=1333 info=0x90c69a8 bitmap_raw=0x00000001 size=1 bits=0x00000000
PROBE21FRAME gc=15 f=667 type=30 slot=1335 info=0x90c69a8 bitmap_raw=0x00000001 size=1 bits=0x00000000
PROBE21FRAME gc=15 f=668 type=30 slot=1337 info=0x90c69a8 bitmap_raw=0x00000001 size=1 bits=0x00000000
PROBE21FRAME gc=15 f=669 type=30 slot=1339 info=0x90c69a8 bitmap_raw=0x00000001 size=1 bits=0x00000000
PROBE21FRAME gc=15 f=670 type=30 slot=1341 info=0x90c69a8 bitmap_raw=0x00000001 size=1 bits=0x00000000
PROBE21FRAME gc=15 f=671 type=30 slot=1343 info=0x90c69a8 bitmap_raw=0x00000001 size=1 bits=0x00000000
PROBE21FRAME gc=15 f=672 type=30 slot=1345 info=0x90c69a8 bitmap_raw=0x00000001 size=1 bits=0x00000000
PROBE21FRAME gc=15 f=673 type=30 slot=1347 info=0x90c69a8 bitmap_raw=0x00000001 size=1 bits=0x00000000
PROBE21FRAME gc=15 f=674 type=30 slot=1349 info=0x90c69a8 bitmap_raw=0x00000001 size=1 bits=0x00000000
PROBE21FRAME gc=15 f=675 type=30 slot=1351 info=0x90c69a8 bitmap_raw=0x00000001 size=1 bits=0x00000000
PROBE21FRAME gc=15 f=676 type=30 slot=1353 info=0x90c69a8 bitmap_raw=0x00000001 size=1 bits=0x00000000
PROBE21FRAME gc=15 f=677 type=30 slot=1355 info=0x90c69a8 bitmap_raw=0x00000001 size=1 bits=0x00000000
PROBE21FRAME gc=15 f=678 type=30 slot=1357 info=0x90c69a8 bitmap_raw=0x00000001 size=1 bits=0x00000000
PROBE21FRAME gc=15 f=679 type=30 slot=1359 info=0x90c69a8 bitmap_raw=0x00000001 size=1 bits=0x00000000
PROBE21FRAME gc=15 f=680 type=30 slot=1361 info=0x90c69a8 bitmap_raw=0x00000001 size=1 bits=0x00000000
PROBE21FRAME gc=15 f=681 type=30 slot=1363 info=0x90c69a8 bitmap_raw=0x00000001 size=1 bits=0x00000000
PROBE21FRAME gc=15 f=682 type=30 slot=1365 info=0x90c69a8 bitmap_raw=0x00000001 size=1 bits=0x00000000
PROBE21FRAME gc=15 f=683 type=30 slot=1367 info=0x90c69a8 bitmap_raw=0x00000001 size=1 bits=0x00000000
PROBE21FRAME gc=15 f=684 type=30 slot=1369 info=0x90c69a8 bitmap_raw=0x00000001 size=1 bits=0x00000000
PROBE21FRAME gc=15 f=685 type=30 slot=1371 info=0x90c69a8 bitmap_raw=0x00000001 size=1 bits=0x00000000
PROBE21FRAME gc=15 f=686 type=30 slot=1373 info=0x90c69a8 bitmap_raw=0x00000001 size=1 bits=0x00000000
PROBE21FRAME gc=15 f=687 type=30 slot=1375 info=0x90c69a8 bitmap_raw=0x00000001 size=1 bits=0x00000000
PROBE21FRAME gc=15 f=688 type=30 slot=1377 info=0x90c69a8 bitmap_raw=0x00000001 size=1 bits=0x00000000
PROBE21FRAME gc=15 f=689 type=30 slot=1379 info=0x90c69a8 bitmap_raw=0x00000001 size=1 bits=0x00000000
PROBE21FRAME gc=15 f=690 type=30 slot=1381 info=0x90c69a8 bitmap_raw=0x00000001 size=1 bits=0x00000000
PROBE21FRAME gc=15 f=691 type=30 slot=1383 info=0x90c69a8 bitmap_raw=0x00000001 size=1 bits=0x00000000
PROBE21FRAME gc=15 f=692 type=30 slot=1385 info=0x90c69a8 bitmap_raw=0x00000001 size=1 bits=0x00000000
PROBE21FRAME gc=15 f=693 type=30 slot=1387 info=0x90c69a8 bitmap_raw=0x00000001 size=1 bits=0x00000000
PROBE21FRAME gc=15 f=694 type=30 slot=1389 info=0x90c69a8 bitmap_raw=0x00000001 size=1 bits=0x00000000
PROBE21FRAME gc=15 f=695 type=30 slot=1391 info=0x90c69a8 bitmap_raw=0x00000001 size=1 bits=0x00000000
PROBE21FRAME gc=15 f=696 type=30 slot=1393 info=0x90c69a8 bitmap_raw=0x00000001 size=1 bits=0x00000000
PROBE21FRAME gc=15 f=697 type=30 slot=1395 info=0x90c69a8 bitmap_raw=0x00000001 size=1 bits=0x00000000
PROBE21FRAME gc=15 f=698 type=30 slot=1397 info=0x90c69a8 bitmap_raw=0x00000001 size=1 bits=0x00000000
PROBE21FRAME gc=15 f=699 type=30 slot=1399 info=0x90c69a8 bitmap_raw=0x00000001 size=1 bits=0x00000000
PROBE21FRAME gc=15 f=700 type=30 slot=1401 info=0x90c69a8 bitmap_raw=0x00000001 size=1 bits=0x00000000
PROBE21FRAME gc=15 f=701 type=30 slot=1403 info=0x90c69a8 bitmap_raw=0x00000001 size=1 bits=0x00000000
PROBE21FRAME gc=15 f=702 type=30 slot=1405 info=0x90c69a8 bitmap_raw=0x00000001 size=1 bits=0x00000000
PROBE21FRAME gc=15 f=703 type=30 slot=1407 info=0x90c69a8 bitmap_raw=0x00000001 size=1 bits=0x00000000
PROBE21FRAME gc=15 f=704 type=30 slot=1409 info=0x90c69a8 bitmap_raw=0x00000001 size=1 bits=0x00000000
PROBE21FRAME gc=15 f=705 type=30 slot=1411 info=0x90c69a8 bitmap_raw=0x00000001 size=1 bits=0x00000000
PROBE21FRAME gc=15 f=706 type=30 slot=1413 info=0x90c69a8 bitmap_raw=0x00000001 size=1 bits=0x00000000
PROBE21FRAME gc=15 f=707 type=30 slot=1415 info=0x90c69a8 bitmap_raw=0x00000001 size=1 bits=0x00000000
PROBE21FRAME gc=15 f=708 type=30 slot=1417 info=0x90c69a8 bitmap_raw=0x00000001 size=1 bits=0x00000000
PROBE21FRAME gc=15 f=709 type=30 slot=1419 info=0x90c69a8 bitmap_raw=0x00000001 size=1 bits=0x00000000
PROBE21FRAME gc=15 f=710 type=30 slot=1421 info=0x90c69a8 bitmap_raw=0x00000001 size=1 bits=0x00000000
PROBE21FRAME gc=15 f=711 type=30 slot=1423 info=0x90c69a8 bitmap_raw=0x00000001 size=1 bits=0x00000000
PROBE21FRAME gc=15 f=712 type=30 slot=1425 info=0x90c69a8 bitmap_raw=0x00000001 size=1 bits=0x00000000
PROBE21FRAME gc=15 f=713 type=30 slot=1427 info=0x90c69a8 bitmap_raw=0x00000001 size=1 bits=0x00000000
PROBE21FRAME gc=15 f=714 type=30 slot=1429 info=0x90c69a8 bitmap_raw=0x00000001 size=1 bits=0x00000000
PROBE21FRAME gc=15 f=715 type=30 slot=1431 info=0x90c69a8 bitmap_raw=0x00000001 size=1 bits=0x00000000
PROBE21FRAME gc=15 f=716 type=30 slot=1433 info=0x90c69a8 bitmap_raw=0x00000001 size=1 bits=0x00000000
PROBE21FRAME gc=15 f=717 type=30 slot=1435 info=0x90c69a8 bitmap_raw=0x00000001 size=1 bits=0x00000000
PROBE21FRAME gc=15 f=718 type=30 slot=1437 info=0x90c69a8 bitmap_raw=0x00000001 size=1 bits=0x00000000
PROBE21FRAME gc=15 f=719 type=30 slot=1439 info=0x90c69a8 bitmap_raw=0x00000001 size=1 bits=0x00000000
PROBE21FRAME gc=15 f=720 type=30 slot=1441 info=0x90c69a8 bitmap_raw=0x00000001 size=1 bits=0x00000000
PROBE21FRAME gc=15 f=721 type=30 slot=1443 info=0x90c69a8 bitmap_raw=0x00000001 size=1 bits=0x00000000
PROBE21FRAME gc=15 f=722 type=30 slot=1445 info=0x90c69a8 bitmap_raw=0x00000001 size=1 bits=0x00000000
PROBE21FRAME gc=15 f=723 type=30 slot=1447 info=0x90c69a8 bitmap_raw=0x00000001 size=1 bits=0x00000000
PROBE21FRAME gc=15 f=724 type=30 slot=1449 info=0x90c69a8 bitmap_raw=0x00000001 size=1 bits=0x00000000
PROBE21FRAME gc=15 f=725 type=30 slot=1451 info=0x90c69a8 bitmap_raw=0x00000001 size=1 bits=0x00000000
PROBE21FRAME gc=15 f=726 type=30 slot=1453 info=0x90c69a8 bitmap_raw=0x00000001 size=1 bits=0x00000000
PROBE21FRAME gc=15 f=727 type=30 slot=1455 info=0x90c69a8 bitmap_raw=0x00000001 size=1 bits=0x00000000
PROBE21FRAME gc=15 f=728 type=30 slot=1457 info=0x90c69a8 bitmap_raw=0x00000001 size=1 bits=0x00000000
PROBE21FRAME gc=15 f=729 type=30 slot=1459 info=0x90c69a8 bitmap_raw=0x00000001 size=1 bits=0x00000000
PROBE21FRAME gc=15 f=730 type=30 slot=1461 info=0x90c69a8 bitmap_raw=0x00000001 size=1 bits=0x00000000
PROBE21FRAME gc=15 f=731 type=30 slot=1463 info=0x90c69a8 bitmap_raw=0x00000001 size=1 bits=0x00000000
PROBE21FRAME gc=15 f=732 type=30 slot=1465 info=0x90c69a8 bitmap_raw=0x00000001 size=1 bits=0x00000000
PROBE21FRAME gc=15 f=733 type=30 slot=1467 info=0x90c69a8 bitmap_raw=0x00000001 size=1 bits=0x00000000
PROBE21FRAME gc=15 f=734 type=30 slot=1469 info=0x90c69a8 bitmap_raw=0x00000001 size=1 bits=0x00000000
PROBE21FRAME gc=15 f=735 type=30 slot=1471 info=0x90c69a8 bitmap_raw=0x00000001 size=1 bits=0x00000000
PROBE21FRAME gc=15 f=736 type=30 slot=1473 info=0x90c69a8 bitmap_raw=0x00000001 size=1 bits=0x00000000
PROBE21FRAME gc=15 f=737 type=30 slot=1475 info=0x90c69a8 bitmap_raw=0x00000001 size=1 bits=0x00000000
PROBE21FRAME gc=15 f=738 type=30 slot=1477 info=0x90c69a8 bitmap_raw=0x00000001 size=1 bits=0x00000000
PROBE21FRAME gc=15 f=739 type=30 slot=1479 info=0x90c69a8 bitmap_raw=0x00000001 size=1 bits=0x00000000
PROBE21FRAME gc=15 f=740 type=30 slot=1481 info=0x90c69a8 bitmap_raw=0x00000001 size=1 bits=0x00000000
PROBE21FRAME gc=15 f=741 type=30 slot=1483 info=0x90c69a8 bitmap_raw=0x00000001 size=1 bits=0x00000000
PROBE21FRAME gc=15 f=742 type=30 slot=1485 info=0x90c69a8 bitmap_raw=0x00000001 size=1 bits=0x00000000
PROBE21FRAME gc=15 f=743 type=30 slot=1487 info=0x90c69a8 bitmap_raw=0x00000001 size=1 bits=0x00000000
PROBE21FRAME gc=15 f=744 type=30 slot=1489 info=0x90c69a8 bitmap_raw=0x00000001 size=1 bits=0x00000000
PROBE21FRAME gc=15 f=745 type=30 slot=1491 info=0x90c69a8 bitmap_raw=0x00000001 size=1 bits=0x00000000
PROBE21FRAME gc=15 f=746 type=30 slot=1493 info=0x90c69a8 bitmap_raw=0x00000001 size=1 bits=0x00000000
PROBE21FRAME gc=15 f=747 type=30 slot=1495 info=0x90c69a8 bitmap_raw=0x00000001 size=1 bits=0x00000000
PROBE21FRAME gc=15 f=748 type=30 slot=1497 info=0x90c69a8 bitmap_raw=0x00000001 size=1 bits=0x00000000
PROBE21FRAME gc=15 f=749 type=30 slot=1499 info=0x90c69a8 bitmap_raw=0x00000001 size=1 bits=0x00000000
PROBE21FRAME gc=15 f=750 type=30 slot=1501 info=0x90c69a8 bitmap_raw=0x00000001 size=1 bits=0x00000000
PROBE21FRAME gc=15 f=751 type=30 slot=1503 info=0x90c69a8 bitmap_raw=0x00000001 size=1 bits=0x00000000
PROBE21FRAME gc=15 f=752 type=30 slot=1505 info=0x90c69a8 bitmap_raw=0x00000001 size=1 bits=0x00000000
PROBE21FRAME gc=15 f=753 type=30 slot=1507 info=0x90c69a8 bitmap_raw=0x00000001 size=1 bits=0x00000000
PROBE21FRAME gc=15 f=754 type=30 slot=1509 info=0x90c69a8 bitmap_raw=0x00000001 size=1 bits=0x00000000
PROBE21FRAME gc=15 f=755 type=30 slot=1511 info=0x90c69a8 bitmap_raw=0x00000001 size=1 bits=0x00000000
PROBE21FRAME gc=15 f=756 type=30 slot=1513 info=0x90c69a8 bitmap_raw=0x00000001 size=1 bits=0x00000000
PROBE21FRAME gc=15 f=757 type=30 slot=1515 info=0x90c69a8 bitmap_raw=0x00000001 size=1 bits=0x00000000
PROBE21FRAME gc=15 f=758 type=30 slot=1517 info=0x90c69a8 bitmap_raw=0x00000001 size=1 bits=0x00000000
PROBE21FRAME gc=15 f=759 type=30 slot=1519 info=0x90c69a8 bitmap_raw=0x00000001 size=1 bits=0x00000000
PROBE21FRAME gc=15 f=760 type=30 slot=1521 info=0x90c69a8 bitmap_raw=0x00000001 size=1 bits=0x00000000
PROBE21FRAME gc=15 f=761 type=30 slot=1523 info=0x90c69a8 bitmap_raw=0x00000001 size=1 bits=0x00000000
PROBE21FRAME gc=15 f=762 type=30 slot=1525 info=0x90c69a8 bitmap_raw=0x00000001 size=1 bits=0x00000000
PROBE21FRAME gc=15 f=763 type=30 slot=1527 info=0x90c69a8 bitmap_raw=0x00000001 size=1 bits=0x00000000
PROBE21FRAME gc=15 f=764 type=30 slot=1529 info=0x90c69a8 bitmap_raw=0x00000001 size=1 bits=0x00000000
PROBE21FRAME gc=15 f=765 type=30 slot=1531 info=0x90c69a8 bitmap_raw=0x00000001 size=1 bits=0x00000000
PROBE21FRAME gc=15 f=766 type=30 slot=1533 info=0x90c69a8 bitmap_raw=0x00000001 size=1 bits=0x00000000
PROBE21FRAME gc=15 f=767 type=30 slot=1535 info=0x90c69a8 bitmap_raw=0x00000001 size=1 bits=0x00000000
PROBE21FRAME gc=15 f=768 type=30 slot=1537 info=0x90c69a8 bitmap_raw=0x00000001 size=1 bits=0x00000000
PROBE21FRAME gc=15 f=769 type=30 slot=1539 info=0x90c69a8 bitmap_raw=0x00000001 size=1 bits=0x00000000
PROBE21FRAME gc=15 f=770 type=30 slot=1541 info=0x90c69a8 bitmap_raw=0x00000001 size=1 bits=0x00000000
PROBE21FRAME gc=15 f=771 type=30 slot=1543 info=0x90c69a8 bitmap_raw=0x00000001 size=1 bits=0x00000000
PROBE21FRAME gc=15 f=772 type=30 slot=1545 info=0x90c69a8 bitmap_raw=0x00000001 size=1 bits=0x00000000
PROBE21FRAME gc=15 f=773 type=30 slot=1547 info=0x90c69a8 bitmap_raw=0x00000001 size=1 bits=0x00000000
PROBE21FRAME gc=15 f=774 type=30 slot=1549 info=0x90c69a8 bitmap_raw=0x00000001 size=1 bits=0x00000000
PROBE21FRAME gc=15 f=775 type=30 slot=1551 info=0x90c69a8 bitmap_raw=0x00000001 size=1 bits=0x00000000
PROBE21FRAME gc=15 f=776 type=30 slot=1553 info=0x90c69a8 bitmap_raw=0x00000001 size=1 bits=0x00000000
PROBE21FRAME gc=15 f=777 type=30 slot=1555 info=0x90c69a8 bitmap_raw=0x00000001 size=1 bits=0x00000000
PROBE21FRAME gc=15 f=778 type=30 slot=1557 info=0x90c69a8 bitmap_raw=0x00000001 size=1 bits=0x00000000
PROBE21FRAME gc=15 f=779 type=30 slot=1559 info=0x90c69a8 bitmap_raw=0x00000001 size=1 bits=0x00000000
PROBE21FRAME gc=15 f=780 type=30 slot=1561 info=0x90c69a8 bitmap_raw=0x00000001 size=1 bits=0x00000000
PROBE21FRAME gc=15 f=781 type=30 slot=1563 info=0x90c69a8 bitmap_raw=0x00000001 size=1 bits=0x00000000
PROBE21FRAME gc=15 f=782 type=30 slot=1565 info=0x90c69a8 bitmap_raw=0x00000001 size=1 bits=0x00000000
PROBE21FRAME gc=15 f=783 type=30 slot=1567 info=0x90c69a8 bitmap_raw=0x00000001 size=1 bits=0x00000000
PROBE21FRAME gc=15 f=784 type=30 slot=1569 info=0x90c69a8 bitmap_raw=0x00000001 size=1 bits=0x00000000
PROBE21FRAME gc=15 f=785 type=30 slot=1571 info=0x90c69a8 bitmap_raw=0x00000001 size=1 bits=0x00000000
PROBE21FRAME gc=15 f=786 type=30 slot=1573 info=0x90c69a8 bitmap_raw=0x00000001 size=1 bits=0x00000000
PROBE21FRAME gc=15 f=787 type=30 slot=1575 info=0x90c69a8 bitmap_raw=0x00000001 size=1 bits=0x00000000
PROBE21FRAME gc=15 f=788 type=30 slot=1577 info=0x90c69a8 bitmap_raw=0x00000001 size=1 bits=0x00000000
PROBE21FRAME gc=15 f=789 type=30 slot=1579 info=0x90c69a8 bitmap_raw=0x00000001 size=1 bits=0x00000000
PROBE21FRAME gc=15 f=790 type=30 slot=1581 info=0x90c69a8 bitmap_raw=0x00000001 size=1 bits=0x00000000
PROBE21FRAME gc=15 f=791 type=30 slot=1583 info=0x90c69a8 bitmap_raw=0x00000001 size=1 bits=0x00000000
PROBE21FRAME gc=15 f=792 type=30 slot=1585 info=0x90c69a8 bitmap_raw=0x00000001 size=1 bits=0x00000000
PROBE21FRAME gc=15 f=793 type=30 slot=1587 info=0x90c69a8 bitmap_raw=0x00000001 size=1 bits=0x00000000
PROBE21FRAME gc=15 f=794 type=30 slot=1589 info=0x90c69a8 bitmap_raw=0x00000001 size=1 bits=0x00000000
PROBE21FRAME gc=15 f=795 type=30 slot=1591 info=0x90c69a8 bitmap_raw=0x00000001 size=1 bits=0x00000000
PROBE21FRAME gc=15 f=796 type=30 slot=1593 info=0x90c69a8 bitmap_raw=0x00000001 size=1 bits=0x00000000
PROBE21FRAME gc=15 f=797 type=30 slot=1595 info=0x90c69a8 bitmap_raw=0x00000001 size=1 bits=0x00000000
PROBE21FRAME gc=15 f=798 type=30 slot=1597 info=0x90c69a8 bitmap_raw=0x00000001 size=1 bits=0x00000000
PROBE21FRAME gc=15 f=799 type=30 slot=1599 info=0x90c69a8 bitmap_raw=0x00000001 size=1 bits=0x00000000
PROBE21FRAME gc=15 f=800 type=30 slot=1601 info=0x90c69a8 bitmap_raw=0x00000001 size=1 bits=0x00000000
PROBE21FRAME gc=15 f=801 type=30 slot=1603 info=0x90c69a8 bitmap_raw=0x00000001 size=1 bits=0x00000000
PROBE21FRAME gc=15 f=802 type=30 slot=1605 info=0x90c69a8 bitmap_raw=0x00000001 size=1 bits=0x00000000
PROBE21FRAME gc=15 f=803 type=30 slot=1607 info=0x90c69a8 bitmap_raw=0x00000001 size=1 bits=0x00000000
PROBE21FRAME gc=15 f=804 type=30 slot=1609 info=0x90c69a8 bitmap_raw=0x00000001 size=1 bits=0x00000000
PROBE21FRAME gc=15 f=805 type=30 slot=1611 info=0x90c69a8 bitmap_raw=0x00000001 size=1 bits=0x00000000
PROBE21FRAME gc=15 f=806 type=30 slot=1613 info=0x90c69a8 bitmap_raw=0x00000001 size=1 bits=0x00000000
PROBE21FRAME gc=15 f=807 type=30 slot=1615 info=0x90c69a8 bitmap_raw=0x00000001 size=1 bits=0x00000000
PROBE21FRAME gc=15 f=808 type=30 slot=1617 info=0x90c69a8 bitmap_raw=0x00000001 size=1 bits=0x00000000
PROBE21FRAME gc=15 f=809 type=30 slot=1619 info=0x90c69a8 bitmap_raw=0x00000001 size=1 bits=0x00000000
PROBE21FRAME gc=15 f=810 type=30 slot=1621 info=0x90c69a8 bitmap_raw=0x00000001 size=1 bits=0x00000000
PROBE21FRAME gc=15 f=811 type=30 slot=1623 info=0x90c69a8 bitmap_raw=0x00000001 size=1 bits=0x00000000
PROBE21FRAME gc=15 f=812 type=30 slot=1625 info=0x90c69a8 bitmap_raw=0x00000001 size=1 bits=0x00000000
PROBE21FRAME gc=15 f=813 type=30 slot=1627 info=0x90c69a8 bitmap_raw=0x00000001 size=1 bits=0x00000000
PROBE21FRAME gc=15 f=814 type=30 slot=1629 info=0x90c69a8 bitmap_raw=0x00000001 size=1 bits=0x00000000
PROBE21FRAME gc=15 f=815 type=30 slot=1631 info=0x90c69a8 bitmap_raw=0x00000001 size=1 bits=0x00000000
PROBE21FRAME gc=15 f=816 type=30 slot=1633 info=0x90c69a8 bitmap_raw=0x00000001 size=1 bits=0x00000000
PROBE21FRAME gc=15 f=817 type=30 slot=1635 info=0x90c69a8 bitmap_raw=0x00000001 size=1 bits=0x00000000
PROBE21FRAME gc=15 f=818 type=30 slot=1637 info=0x90c69a8 bitmap_raw=0x00000001 size=1 bits=0x00000000
PROBE21FRAME gc=15 f=819 type=30 slot=1639 info=0x90c69a8 bitmap_raw=0x00000001 size=1 bits=0x00000000
PROBE21FRAME gc=15 f=820 type=30 slot=1641 info=0x90c69a8 bitmap_raw=0x00000001 size=1 bits=0x00000000
PROBE21FRAME gc=15 f=821 type=30 slot=1643 info=0x90c69a8 bitmap_raw=0x00000001 size=1 bits=0x00000000
PROBE21FRAME gc=15 f=822 type=30 slot=1645 info=0x90c69a8 bitmap_raw=0x00000001 size=1 bits=0x00000000
PROBE21FRAME gc=15 f=823 type=30 slot=1647 info=0x90c69a8 bitmap_raw=0x00000001 size=1 bits=0x00000000
PROBE21FRAME gc=15 f=824 type=30 slot=1649 info=0x90c69a8 bitmap_raw=0x00000001 size=1 bits=0x00000000
PROBE21FRAME gc=15 f=825 type=30 slot=1651 info=0x90c69a8 bitmap_raw=0x00000001 size=1 bits=0x00000000
PROBE21FRAME gc=15 f=826 type=30 slot=1653 info=0x90c69a8 bitmap_raw=0x00000001 size=1 bits=0x00000000
PROBE21FRAME gc=15 f=827 type=30 slot=1655 info=0x90c69a8 bitmap_raw=0x00000001 size=1 bits=0x00000000
PROBE21FRAME gc=15 f=828 type=30 slot=1657 info=0x90c69a8 bitmap_raw=0x00000001 size=1 bits=0x00000000
PROBE21FRAME gc=15 f=829 type=30 slot=1659 info=0x90c69a8 bitmap_raw=0x00000001 size=1 bits=0x00000000
PROBE21FRAME gc=15 f=830 type=30 slot=1661 info=0x90c69a8 bitmap_raw=0x00000001 size=1 bits=0x00000000
PROBE21FRAME gc=15 f=831 type=30 slot=1663 info=0x90c69a8 bitmap_raw=0x00000001 size=1 bits=0x00000000
PROBE21FRAME gc=15 f=832 type=30 slot=1665 info=0x90c69a8 bitmap_raw=0x00000001 size=1 bits=0x00000000
PROBE21FRAME gc=15 f=833 type=30 slot=1667 info=0x90c69a8 bitmap_raw=0x00000001 size=1 bits=0x00000000
PROBE21FRAME gc=15 f=834 type=30 slot=1669 info=0x90c69a8 bitmap_raw=0x00000001 size=1 bits=0x00000000
PROBE21FRAME gc=15 f=835 type=30 slot=1671 info=0x90c69a8 bitmap_raw=0x00000001 size=1 bits=0x00000000
PROBE21FRAME gc=15 f=836 type=30 slot=1673 info=0x90c69a8 bitmap_raw=0x00000001 size=1 bits=0x00000000
PROBE21FRAME gc=15 f=837 type=30 slot=1675 info=0x90c69a8 bitmap_raw=0x00000001 size=1 bits=0x00000000
PROBE21FRAME gc=15 f=838 type=30 slot=1677 info=0x90c69a8 bitmap_raw=0x00000001 size=1 bits=0x00000000
PROBE21FRAME gc=15 f=839 type=30 slot=1679 info=0x90c69a8 bitmap_raw=0x00000001 size=1 bits=0x00000000
PROBE21FRAME gc=15 f=840 type=30 slot=1681 info=0x90c69a8 bitmap_raw=0x00000001 size=1 bits=0x00000000
PROBE21FRAME gc=15 f=841 type=30 slot=1683 info=0x90c69a8 bitmap_raw=0x00000001 size=1 bits=0x00000000
PROBE21FRAME gc=15 f=842 type=30 slot=1685 info=0x90c69a8 bitmap_raw=0x00000001 size=1 bits=0x00000000
PROBE21FRAME gc=15 f=843 type=30 slot=1687 info=0x90c69a8 bitmap_raw=0x00000001 size=1 bits=0x00000000
PROBE21FRAME gc=15 f=844 type=30 slot=1689 info=0x90c69a8 bitmap_raw=0x00000001 size=1 bits=0x00000000
PROBE21FRAME gc=15 f=845 type=30 slot=1691 info=0x90c69a8 bitmap_raw=0x00000001 size=1 bits=0x00000000
PROBE21FRAME gc=15 f=846 type=30 slot=1693 info=0x90c69a8 bitmap_raw=0x00000001 size=1 bits=0x00000000
PROBE21FRAME gc=15 f=847 type=30 slot=1695 info=0x90c69a8 bitmap_raw=0x00000001 size=1 bits=0x00000000
PROBE21FRAME gc=15 f=848 type=30 slot=1697 info=0x90c69a8 bitmap_raw=0x00000001 size=1 bits=0x00000000
PROBE21FRAME gc=15 f=849 type=30 slot=1699 info=0x90c69a8 bitmap_raw=0x00000001 size=1 bits=0x00000000
PROBE21FRAME gc=15 f=850 type=30 slot=1701 info=0x90c69a8 bitmap_raw=0x00000001 size=1 bits=0x00000000
PROBE21FRAME gc=15 f=851 type=30 slot=1703 info=0x90c69a8 bitmap_raw=0x00000001 size=1 bits=0x00000000
PROBE21FRAME gc=15 f=852 type=30 slot=1705 info=0x90c69a8 bitmap_raw=0x00000001 size=1 bits=0x00000000
PROBE21FRAME gc=15 f=853 type=30 slot=1707 info=0x90c69a8 bitmap_raw=0x00000001 size=1 bits=0x00000000
PROBE21FRAME gc=15 f=854 type=30 slot=1709 info=0x90c69a8 bitmap_raw=0x00000001 size=1 bits=0x00000000
PROBE21FRAME gc=15 f=855 type=30 slot=1711 info=0x90c69a8 bitmap_raw=0x00000001 size=1 bits=0x00000000
PROBE21FRAME gc=15 f=856 type=30 slot=1713 info=0x90c69a8 bitmap_raw=0x00000001 size=1 bits=0x00000000
PROBE21FRAME gc=15 f=857 type=30 slot=1715 info=0x90c69a8 bitmap_raw=0x00000001 size=1 bits=0x00000000
PROBE21FRAME gc=15 f=858 type=30 slot=1717 info=0x90c69a8 bitmap_raw=0x00000001 size=1 bits=0x00000000
PROBE21FRAME gc=15 f=859 type=30 slot=1719 info=0x90c69a8 bitmap_raw=0x00000001 size=1 bits=0x00000000
PROBE21FRAME gc=15 f=860 type=30 slot=1721 info=0x90c69a8 bitmap_raw=0x00000001 size=1 bits=0x00000000
PROBE21FRAME gc=15 f=861 type=30 slot=1723 info=0x90c69a8 bitmap_raw=0x00000001 size=1 bits=0x00000000
PROBE21FRAME gc=15 f=862 type=30 slot=1725 info=0x90c69a8 bitmap_raw=0x00000001 size=1 bits=0x00000000
PROBE21FRAME gc=15 f=863 type=30 slot=1727 info=0x90c69a8 bitmap_raw=0x00000001 size=1 bits=0x00000000
PROBE21FRAME gc=15 f=864 type=30 slot=1729 info=0x90c69a8 bitmap_raw=0x00000001 size=1 bits=0x00000000
PROBE21FRAME gc=15 f=865 type=30 slot=1731 info=0x90c69a8 bitmap_raw=0x00000001 size=1 bits=0x00000000
PROBE21FRAME gc=15 f=866 type=30 slot=1733 info=0x90c69a8 bitmap_raw=0x00000001 size=1 bits=0x00000000
PROBE21FRAME gc=15 f=867 type=30 slot=1735 info=0x90c69a8 bitmap_raw=0x00000001 size=1 bits=0x00000000
PROBE21FRAME gc=15 f=868 type=30 slot=1737 info=0x90c69a8 bitmap_raw=0x00000001 size=1 bits=0x00000000
PROBE21FRAME gc=15 f=869 type=30 slot=1739 info=0x90c69a8 bitmap_raw=0x00000001 size=1 bits=0x00000000
PROBE21FRAME gc=15 f=870 type=30 slot=1741 info=0x90c69a8 bitmap_raw=0x00000001 size=1 bits=0x00000000
PROBE21FRAME gc=15 f=871 type=30 slot=1743 info=0x90c69a8 bitmap_raw=0x00000001 size=1 bits=0x00000000
PROBE21FRAME gc=15 f=872 type=30 slot=1745 info=0x90c69a8 bitmap_raw=0x00000001 size=1 bits=0x00000000
PROBE21FRAME gc=15 f=873 type=30 slot=1747 info=0x90c69a8 bitmap_raw=0x00000001 size=1 bits=0x00000000
PROBE21FRAME gc=15 f=874 type=30 slot=1749 info=0x90c69a8 bitmap_raw=0x00000001 size=1 bits=0x00000000
PROBE21FRAME gc=15 f=875 type=30 slot=1751 info=0x90c69a8 bitmap_raw=0x00000001 size=1 bits=0x00000000
PROBE21FRAME gc=15 f=876 type=30 slot=1753 info=0x90c69a8 bitmap_raw=0x00000001 size=1 bits=0x00000000
PROBE21FRAME gc=15 f=877 type=30 slot=1755 info=0x90c69a8 bitmap_raw=0x00000001 size=1 bits=0x00000000
PROBE21FRAME gc=15 f=878 type=30 slot=1757 info=0x90c69a8 bitmap_raw=0x00000001 size=1 bits=0x00000000
PROBE21FRAME gc=15 f=879 type=30 slot=1759 info=0x90c69a8 bitmap_raw=0x00000001 size=1 bits=0x00000000
PROBE21FRAME gc=15 f=880 type=30 slot=1761 info=0x90c69a8 bitmap_raw=0x00000001 size=1 bits=0x00000000
PROBE21FRAME gc=15 f=881 type=30 slot=1763 info=0x90c69a8 bitmap_raw=0x00000001 size=1 bits=0x00000000
PROBE21FRAME gc=15 f=882 type=30 slot=1765 info=0x90c69a8 bitmap_raw=0x00000001 size=1 bits=0x00000000
PROBE21FRAME gc=15 f=883 type=30 slot=1767 info=0x90c69a8 bitmap_raw=0x00000001 size=1 bits=0x00000000
PROBE21FRAME gc=15 f=884 type=30 slot=1769 info=0x90c69a8 bitmap_raw=0x00000001 size=1 bits=0x00000000
PROBE21FRAME gc=15 f=885 type=30 slot=1771 info=0x90c69a8 bitmap_raw=0x00000001 size=1 bits=0x00000000
PROBE21FRAME gc=15 f=886 type=30 slot=1773 info=0x90c69a8 bitmap_raw=0x00000001 size=1 bits=0x00000000
PROBE21FRAME gc=15 f=887 type=30 slot=1775 info=0x90c69a8 bitmap_raw=0x00000001 size=1 bits=0x00000000
PROBE21FRAME gc=15 f=888 type=30 slot=1777 info=0x90c69a8 bitmap_raw=0x00000001 size=1 bits=0x00000000
PROBE21FRAME gc=15 f=889 type=30 slot=1779 info=0x90c69a8 bitmap_raw=0x00000001 size=1 bits=0x00000000
PROBE21FRAME gc=15 f=890 type=30 slot=1781 info=0x90c69a8 bitmap_raw=0x00000001 size=1 bits=0x00000000
PROBE21FRAME gc=15 f=891 type=30 slot=1783 info=0x90c69a8 bitmap_raw=0x00000001 size=1 bits=0x00000000
PROBE21FRAME gc=15 f=892 type=30 slot=1785 info=0x90c69a8 bitmap_raw=0x00000001 size=1 bits=0x00000000
PROBE21FRAME gc=15 f=893 type=30 slot=1787 info=0x90c69a8 bitmap_raw=0x00000001 size=1 bits=0x00000000
PROBE21FRAME gc=15 f=894 type=30 slot=1789 info=0x90c69a8 bitmap_raw=0x00000001 size=1 bits=0x00000000
PROBE21FRAME gc=15 f=895 type=30 slot=1791 info=0x90c69a8 bitmap_raw=0x00000001 size=1 bits=0x00000000
PROBE21FRAME gc=15 f=896 type=30 slot=1793 info=0x90c69a8 bitmap_raw=0x00000001 size=1 bits=0x00000000
PROBE21FRAME gc=15 f=897 type=30 slot=1795 info=0x90c69a8 bitmap_raw=0x00000001 size=1 bits=0x00000000
PROBE21FRAME gc=15 f=898 type=30 slot=1797 info=0x90c69a8 bitmap_raw=0x00000001 size=1 bits=0x00000000
PROBE21FRAME gc=15 f=899 type=30 slot=1799 info=0x90c69a8 bitmap_raw=0x00000001 size=1 bits=0x00000000
PROBE21FRAME gc=15 f=900 type=30 slot=1801 info=0x90c69a8 bitmap_raw=0x00000001 size=1 bits=0x00000000
PROBE21FRAME gc=15 f=901 type=30 slot=1803 info=0x90c69a8 bitmap_raw=0x00000001 size=1 bits=0x00000000
PROBE21FRAME gc=15 f=902 type=30 slot=1805 info=0x90c69a8 bitmap_raw=0x00000001 size=1 bits=0x00000000
PROBE21FRAME gc=15 f=903 type=30 slot=1807 info=0x90c69a8 bitmap_raw=0x00000001 size=1 bits=0x00000000
PROBE21FRAME gc=15 f=904 type=30 slot=1809 info=0x90c69a8 bitmap_raw=0x00000001 size=1 bits=0x00000000
PROBE21FRAME gc=15 f=905 type=30 slot=1811 info=0x90c69a8 bitmap_raw=0x00000001 size=1 bits=0x00000000
PROBE21FRAME gc=15 f=906 type=30 slot=1813 info=0x90c69a8 bitmap_raw=0x00000001 size=1 bits=0x00000000
PROBE21FRAME gc=15 f=907 type=30 slot=1815 info=0x90c69a8 bitmap_raw=0x00000001 size=1 bits=0x00000000
PROBE21FRAME gc=15 f=908 type=30 slot=1817 info=0x90c69a8 bitmap_raw=0x00000001 size=1 bits=0x00000000
PROBE21FRAME gc=15 f=909 type=30 slot=1819 info=0x90c69a8 bitmap_raw=0x00000001 size=1 bits=0x00000000
PROBE21FRAME gc=15 f=910 type=30 slot=1821 info=0x90c69a8 bitmap_raw=0x00000001 size=1 bits=0x00000000
PROBE21FRAME gc=15 f=911 type=30 slot=1823 info=0x90c69a8 bitmap_raw=0x00000001 size=1 bits=0x00000000
PROBE21FRAME gc=15 f=912 type=30 slot=1825 info=0x90c69a8 bitmap_raw=0x00000001 size=1 bits=0x00000000
PROBE21FRAME gc=15 f=913 type=30 slot=1827 info=0x90c69a8 bitmap_raw=0x00000001 size=1 bits=0x00000000
PROBE21FRAME gc=15 f=914 type=30 slot=1829 info=0x90c69a8 bitmap_raw=0x00000001 size=1 bits=0x00000000
PROBE21FRAME gc=15 f=915 type=30 slot=1831 info=0x90c69a8 bitmap_raw=0x00000001 size=1 bits=0x00000000
PROBE21FRAME gc=15 f=916 type=30 slot=1833 info=0x90c69a8 bitmap_raw=0x00000001 size=1 bits=0x00000000
PROBE21FRAME gc=15 f=917 type=30 slot=1835 info=0x90c69a8 bitmap_raw=0x00000001 size=1 bits=0x00000000
PROBE21FRAME gc=15 f=918 type=30 slot=1837 info=0x90c69a8 bitmap_raw=0x00000001 size=1 bits=0x00000000
PROBE21FRAME gc=15 f=919 type=30 slot=1839 info=0x90c69a8 bitmap_raw=0x00000001 size=1 bits=0x00000000
PROBE21FRAME gc=15 f=920 type=30 slot=1841 info=0x90c69a8 bitmap_raw=0x00000001 size=1 bits=0x00000000
PROBE21FRAME gc=15 f=921 type=30 slot=1843 info=0x90c69a8 bitmap_raw=0x00000001 size=1 bits=0x00000000
PROBE21FRAME gc=15 f=922 type=30 slot=1845 info=0x90c69a8 bitmap_raw=0x00000001 size=1 bits=0x00000000
PROBE21FRAME gc=15 f=923 type=30 slot=1847 info=0x90c69a8 bitmap_raw=0x00000001 size=1 bits=0x00000000
PROBE21FRAME gc=15 f=924 type=30 slot=1849 info=0x90c69a8 bitmap_raw=0x00000001 size=1 bits=0x00000000
PROBE21FRAME gc=15 f=925 type=30 slot=1851 info=0x90c69a8 bitmap_raw=0x00000001 size=1 bits=0x00000000
PROBE21FRAME gc=15 f=926 type=30 slot=1853 info=0x90c69a8 bitmap_raw=0x00000001 size=1 bits=0x00000000
PROBE21FRAME gc=15 f=927 type=30 slot=1855 info=0x90c69a8 bitmap_raw=0x00000001 size=1 bits=0x00000000
PROBE21FRAME gc=15 f=928 type=30 slot=1857 info=0x90c69a8 bitmap_raw=0x00000001 size=1 bits=0x00000000
PROBE21FRAME gc=15 f=929 type=30 slot=1859 info=0x90c69a8 bitmap_raw=0x00000001 size=1 bits=0x00000000
PROBE21FRAME gc=15 f=930 type=30 slot=1861 info=0x90c69a8 bitmap_raw=0x00000001 size=1 bits=0x00000000
PROBE21FRAME gc=15 f=931 type=30 slot=1863 info=0x90c69a8 bitmap_raw=0x00000001 size=1 bits=0x00000000
PROBE21FRAME gc=15 f=932 type=30 slot=1865 info=0x90c69a8 bitmap_raw=0x00000001 size=1 bits=0x00000000
PROBE21FRAME gc=15 f=933 type=30 slot=1867 info=0x90c69a8 bitmap_raw=0x00000001 size=1 bits=0x00000000
PROBE21FRAME gc=15 f=934 type=30 slot=1869 info=0x90c69a8 bitmap_raw=0x00000001 size=1 bits=0x00000000
PROBE21FRAME gc=15 f=935 type=30 slot=1871 info=0x90c69a8 bitmap_raw=0x00000001 size=1 bits=0x00000000
PROBE21FRAME gc=15 f=936 type=30 slot=1873 info=0x90c69a8 bitmap_raw=0x00000001 size=1 bits=0x00000000
PROBE21FRAME gc=15 f=937 type=30 slot=1875 info=0x90c69a8 bitmap_raw=0x00000001 size=1 bits=0x00000000
PROBE21FRAME gc=15 f=938 type=30 slot=1877 info=0x90c69a8 bitmap_raw=0x00000001 size=1 bits=0x00000000
PROBE21FRAME gc=15 f=939 type=30 slot=1879 info=0x90c69a8 bitmap_raw=0x00000001 size=1 bits=0x00000000
PROBE21FRAME gc=15 f=940 type=30 slot=1881 info=0x90c69a8 bitmap_raw=0x00000001 size=1 bits=0x00000000
PROBE21FRAME gc=15 f=941 type=30 slot=1883 info=0x90c69a8 bitmap_raw=0x00000001 size=1 bits=0x00000000
PROBE21FRAME gc=15 f=942 type=30 slot=1885 info=0x90c69a8 bitmap_raw=0x00000001 size=1 bits=0x00000000
PROBE21FRAME gc=15 f=943 type=30 slot=1887 info=0x90c69a8 bitmap_raw=0x00000001 size=1 bits=0x00000000
PROBE21FRAME gc=15 f=944 type=30 slot=1889 info=0x90c69a8 bitmap_raw=0x00000001 size=1 bits=0x00000000
PROBE21FRAME gc=15 f=945 type=30 slot=1891 info=0x90c69a8 bitmap_raw=0x00000001 size=1 bits=0x00000000
PROBE21FRAME gc=15 f=946 type=30 slot=1893 info=0x90c69a8 bitmap_raw=0x00000001 size=1 bits=0x00000000
PROBE21FRAME gc=15 f=947 type=30 slot=1895 info=0x90c69a8 bitmap_raw=0x00000001 size=1 bits=0x00000000
PROBE21FRAME gc=15 f=948 type=30 slot=1897 info=0x90c69a8 bitmap_raw=0x00000001 size=1 bits=0x00000000
PROBE21FRAME gc=15 f=949 type=30 slot=1899 info=0x90c69a8 bitmap_raw=0x00000001 size=1 bits=0x00000000
PROBE21FRAME gc=15 f=950 type=30 slot=1901 info=0x90c69a8 bitmap_raw=0x00000001 size=1 bits=0x00000000
PROBE21FRAME gc=15 f=951 type=30 slot=1903 info=0x90c69a8 bitmap_raw=0x00000001 size=1 bits=0x00000000
PROBE21FRAME gc=15 f=952 type=30 slot=1905 info=0x90c69a8 bitmap_raw=0x00000001 size=1 bits=0x00000000
PROBE21FRAME gc=15 f=953 type=30 slot=1907 info=0x90c69a8 bitmap_raw=0x00000001 size=1 bits=0x00000000
PROBE21FRAME gc=15 f=954 type=30 slot=1909 info=0x90c69a8 bitmap_raw=0x00000001 size=1 bits=0x00000000
PROBE21FRAME gc=15 f=955 type=30 slot=1911 info=0x90c69a8 bitmap_raw=0x00000001 size=1 bits=0x00000000
PROBE21FRAME gc=15 f=956 type=30 slot=1913 info=0x90c69a8 bitmap_raw=0x00000001 size=1 bits=0x00000000
PROBE21FRAME gc=15 f=957 type=30 slot=1915 info=0x90c69a8 bitmap_raw=0x00000001 size=1 bits=0x00000000
PROBE21FRAME gc=15 f=958 type=30 slot=1917 info=0x90c69a8 bitmap_raw=0x00000001 size=1 bits=0x00000000
PROBE21FRAME gc=15 f=959 type=30 slot=1919 info=0x90c69a8 bitmap_raw=0x00000001 size=1 bits=0x00000000
PROBE21FRAME gc=15 f=960 type=30 slot=1921 info=0x90c69a8 bitmap_raw=0x00000001 size=1 bits=0x00000000
PROBE21FRAME gc=15 f=961 type=30 slot=1923 info=0x90c69a8 bitmap_raw=0x00000001 size=1 bits=0x00000000
PROBE21FRAME gc=15 f=962 type=30 slot=1925 info=0x90c69a8 bitmap_raw=0x00000001 size=1 bits=0x00000000
PROBE21FRAME gc=15 f=963 type=30 slot=1927 info=0x90c69a8 bitmap_raw=0x00000001 size=1 bits=0x00000000
PROBE21FRAME gc=15 f=964 type=30 slot=1929 info=0x90c69a8 bitmap_raw=0x00000001 size=1 bits=0x00000000
PROBE21FRAME gc=15 f=965 type=30 slot=1931 info=0x90c69a8 bitmap_raw=0x00000001 size=1 bits=0x00000000
PROBE21FRAME gc=15 f=966 type=30 slot=1933 info=0x90c69a8 bitmap_raw=0x00000001 size=1 bits=0x00000000
PROBE21FRAME gc=15 f=967 type=30 slot=1935 info=0x90c69a8 bitmap_raw=0x00000001 size=1 bits=0x00000000
PROBE21FRAME gc=15 f=968 type=30 slot=1937 info=0x90c69a8 bitmap_raw=0x00000001 size=1 bits=0x00000000
PROBE21FRAME gc=15 f=969 type=30 slot=1939 info=0x90c69a8 bitmap_raw=0x00000001 size=1 bits=0x00000000
PROBE21FRAME gc=15 f=970 type=30 slot=1941 info=0x90c69a8 bitmap_raw=0x00000001 size=1 bits=0x00000000
PROBE21FRAME gc=15 f=971 type=30 slot=1943 info=0x90c69a8 bitmap_raw=0x00000001 size=1 bits=0x00000000
PROBE21FRAME gc=15 f=972 type=30 slot=1945 info=0x90c69a8 bitmap_raw=0x00000001 size=1 bits=0x00000000
PROBE21FRAME gc=15 f=973 type=30 slot=1947 info=0x90c69a8 bitmap_raw=0x00000001 size=1 bits=0x00000000
PROBE21FRAME gc=15 f=974 type=30 slot=1949 info=0x90c69a8 bitmap_raw=0x00000001 size=1 bits=0x00000000
PROBE21FRAME gc=15 f=975 type=30 slot=1951 info=0x90c69a8 bitmap_raw=0x00000001 size=1 bits=0x00000000
PROBE21FRAME gc=15 f=976 type=30 slot=1953 info=0x90c69a8 bitmap_raw=0x00000001 size=1 bits=0x00000000
PROBE21FRAME gc=15 f=977 type=30 slot=1955 info=0x90c69a8 bitmap_raw=0x00000001 size=1 bits=0x00000000
PROBE21FRAME gc=15 f=978 type=30 slot=1957 info=0x90c69a8 bitmap_raw=0x00000001 size=1 bits=0x00000000
PROBE21FRAME gc=15 f=979 type=30 slot=1959 info=0x90c69a8 bitmap_raw=0x00000001 size=1 bits=0x00000000
PROBE21FRAME gc=15 f=980 type=30 slot=1961 info=0x90c69a8 bitmap_raw=0x00000001 size=1 bits=0x00000000
PROBE21FRAME gc=15 f=981 type=30 slot=1963 info=0x90c69a8 bitmap_raw=0x00000001 size=1 bits=0x00000000
PROBE21FRAME gc=15 f=982 type=30 slot=1965 info=0x90c69a8 bitmap_raw=0x00000001 size=1 bits=0x00000000
PROBE21FRAME gc=15 f=983 type=30 slot=1967 info=0x90c69a8 bitmap_raw=0x00000001 size=1 bits=0x00000000
PROBE21FRAME gc=15 f=984 type=30 slot=1969 info=0x90c69a8 bitmap_raw=0x00000001 size=1 bits=0x00000000
PROBE21FRAME gc=15 f=985 type=30 slot=1971 info=0x90c69a8 bitmap_raw=0x00000001 size=1 bits=0x00000000
PROBE21FRAME gc=15 f=986 type=30 slot=1973 info=0x90c69a8 bitmap_raw=0x00000001 size=1 bits=0x00000000
PROBE21FRAME gc=15 f=987 type=30 slot=1975 info=0x90c69a8 bitmap_raw=0x00000001 size=1 bits=0x00000000
PROBE21FRAME gc=15 f=988 type=30 slot=1977 info=0x90c69a8 bitmap_raw=0x00000001 size=1 bits=0x00000000
PROBE21FRAME gc=15 f=989 type=30 slot=1979 info=0x90c69a8 bitmap_raw=0x00000001 size=1 bits=0x00000000
PROBE21FRAME gc=15 f=990 type=30 slot=1981 info=0x90c69a8 bitmap_raw=0x00000001 size=1 bits=0x00000000
PROBE21FRAME gc=15 f=991 type=30 slot=1983 info=0x90c69a8 bitmap_raw=0x00000001 size=1 bits=0x00000000
PROBE21FRAME gc=15 f=992 type=30 slot=1985 info=0x90c69a8 bitmap_raw=0x00000001 size=1 bits=0x00000000
PROBE21FRAME gc=15 f=993 type=30 slot=1987 info=0x90c69a8 bitmap_raw=0x00000001 size=1 bits=0x00000000
PROBE21FRAME gc=15 f=994 type=30 slot=1989 info=0x90c69a8 bitmap_raw=0x00000001 size=1 bits=0x00000000
PROBE21FRAME gc=15 f=995 type=30 slot=1991 info=0x90c69a8 bitmap_raw=0x00000001 size=1 bits=0x00000000
PROBE21FRAME gc=15 f=996 type=30 slot=1993 info=0x90c69a8 bitmap_raw=0x00000001 size=1 bits=0x00000000
PROBE21FRAME gc=15 f=997 type=30 slot=1995 info=0x90c69a8 bitmap_raw=0x00000001 size=1 bits=0x00000000
PROBE21FRAME gc=15 f=998 type=30 slot=1997 info=0x90c69a8 bitmap_raw=0x00000001 size=1 bits=0x00000000
PROBE21FRAME gc=15 f=999 type=30 slot=1999 info=0x90c69a8 bitmap_raw=0x00000001 size=1 bits=0x00000000
PROBE21FRAME gc=15 f=1000 type=30 slot=2001 info=0x90c69a8 bitmap_raw=0x00000001 size=1 bits=0x00000000
PROBE21FRAME gc=15 f=1001 type=30 slot=2003 info=0x90c69a8 bitmap_raw=0x00000001 size=1 bits=0x00000000
PROBE21FRAME gc=15 f=1002 type=30 slot=2005 info=0x90c69a8 bitmap_raw=0x00000001 size=1 bits=0x00000000
PROBE21FRAME gc=15 f=1003 type=30 slot=2007 info=0x90c69a8 bitmap_raw=0x00000001 size=1 bits=0x00000000
PROBE21FRAME gc=15 f=1004 type=30 slot=2009 info=0x90c69a8 bitmap_raw=0x00000001 size=1 bits=0x00000000
PROBE21FRAME gc=15 f=1005 type=30 slot=2011 info=0x90c69a8 bitmap_raw=0x00000001 size=1 bits=0x00000000
PROBE21FRAME gc=15 f=1006 type=30 slot=2013 info=0x90c69a8 bitmap_raw=0x00000001 size=1 bits=0x00000000
PROBE21FRAME gc=15 f=1007 type=30 slot=2015 info=0x90c69a8 bitmap_raw=0x00000001 size=1 bits=0x00000000
PROBE21FRAME gc=15 f=1008 type=30 slot=2017 info=0x90c69a8 bitmap_raw=0x00000001 size=1 bits=0x00000000
PROBE21FRAME gc=15 f=1009 type=30 slot=2019 info=0x90c69a8 bitmap_raw=0x00000001 size=1 bits=0x00000000
PROBE21FRAME gc=15 f=1010 type=30 slot=2021 info=0x90c69a8 bitmap_raw=0x00000001 size=1 bits=0x00000000
PROBE21FRAME gc=15 f=1011 type=30 slot=2023 info=0x90c69a8 bitmap_raw=0x00000001 size=1 bits=0x00000000
PROBE21FRAME gc=15 f=1012 type=30 slot=2025 info=0x90c69a8 bitmap_raw=0x00000001 size=1 bits=0x00000000
PROBE21FRAME gc=15 f=1013 type=30 slot=2027 info=0x90c69a8 bitmap_raw=0x00000001 size=1 bits=0x00000000
PROBE21FRAME gc=15 f=1014 type=30 slot=2029 info=0x90c69a8 bitmap_raw=0x00000001 size=1 bits=0x00000000
PROBE21FRAME gc=15 f=1015 type=30 slot=2031 info=0x90c69a8 bitmap_raw=0x00000001 size=1 bits=0x00000000
PROBE21FRAME gc=15 f=1016 type=30 slot=2033 info=0x90c69a8 bitmap_raw=0x00000001 size=1 bits=0x00000000
PROBE21FRAME gc=15 f=1017 type=30 slot=2035 info=0x90c69a8 bitmap_raw=0x00000001 size=1 bits=0x00000000
PROBE21FRAME gc=15 f=1018 type=30 slot=2037 info=0x90c69a8 bitmap_raw=0x00000001 size=1 bits=0x00000000
PROBE21FRAME gc=15 f=1019 type=30 slot=2039 info=0x90c69a8 bitmap_raw=0x00000001 size=1 bits=0x00000000
PROBE21FRAME gc=15 f=1020 type=30 slot=2041 info=0x90c69a8 bitmap_raw=0x00000001 size=1 bits=0x00000000
PROBE21FRAME gc=15 f=1021 type=30 slot=2043 info=0x90c69a8 bitmap_raw=0x00000001 size=1 bits=0x00000000
PROBE21FRAME gc=15 f=1022 type=30 slot=2045 info=0x90c69a8 bitmap_raw=0x00000001 size=1 bits=0x00000000
PROBE21FRAME gc=15 f=1023 type=30 slot=2047 info=0x90c69a8 bitmap_raw=0x00000001 size=1 bits=0x00000000
PROBE21FRAME gc=15 f=1024 type=30 slot=2049 info=0x90c69a8 bitmap_raw=0x00000001 size=1 bits=0x00000000
PROBE21FRAME gc=15 f=1025 type=30 slot=2051 info=0x90c69a8 bitmap_raw=0x00000001 size=1 bits=0x00000000
PROBE21FRAME gc=15 f=1026 type=30 slot=2053 info=0x90c69a8 bitmap_raw=0x00000001 size=1 bits=0x00000000
PROBE21FRAME gc=15 f=1027 type=30 slot=2055 info=0x90c69a8 bitmap_raw=0x00000001 size=1 bits=0x00000000
PROBE21FRAME gc=15 f=1028 type=30 slot=2057 info=0x90c69a8 bitmap_raw=0x00000001 size=1 bits=0x00000000
PROBE21FRAME gc=15 f=1029 type=30 slot=2059 info=0x90c69a8 bitmap_raw=0x00000001 size=1 bits=0x00000000
PROBE21FRAME gc=15 f=1030 type=30 slot=2061 info=0x90c69a8 bitmap_raw=0x00000001 size=1 bits=0x00000000
PROBE21FRAME gc=15 f=1031 type=30 slot=2063 info=0x90c69a8 bitmap_raw=0x00000001 size=1 bits=0x00000000
PROBE21FRAME gc=15 f=1032 type=30 slot=2065 info=0x90c69a8 bitmap_raw=0x00000001 size=1 bits=0x00000000
PROBE21FRAME gc=15 f=1033 type=30 slot=2067 info=0x90c69a8 bitmap_raw=0x00000001 size=1 bits=0x00000000
PROBE21FRAME gc=15 f=1034 type=30 slot=2069 info=0x90c69a8 bitmap_raw=0x00000001 size=1 bits=0x00000000
PROBE21FRAME gc=15 f=1035 type=30 slot=2071 info=0x90c69a8 bitmap_raw=0x00000001 size=1 bits=0x00000000
PROBE21FRAME gc=15 f=1036 type=30 slot=2073 info=0x90c69a8 bitmap_raw=0x00000001 size=1 bits=0x00000000
PROBE21FRAME gc=15 f=1037 type=30 slot=2075 info=0x90c69a8 bitmap_raw=0x00000001 size=1 bits=0x00000000
PROBE21FRAME gc=15 f=1038 type=30 slot=2077 info=0x90c69a8 bitmap_raw=0x00000001 size=1 bits=0x00000000
PROBE21FRAME gc=15 f=1039 type=30 slot=2079 info=0x90c69a8 bitmap_raw=0x00000001 size=1 bits=0x00000000
PROBE21FRAME gc=15 f=1040 type=30 slot=2081 info=0x90c69a8 bitmap_raw=0x00000001 size=1 bits=0x00000000
PROBE21FRAME gc=15 f=1041 type=30 slot=2083 info=0x90c69a8 bitmap_raw=0x00000001 size=1 bits=0x00000000
PROBE21FRAME gc=15 f=1042 type=30 slot=2085 info=0x90c69a8 bitmap_raw=0x00000001 size=1 bits=0x00000000
PROBE21FRAME gc=15 f=1043 type=30 slot=2087 info=0x90c69a8 bitmap_raw=0x00000001 size=1 bits=0x00000000
PROBE21FRAME gc=15 f=1044 type=30 slot=2089 info=0x90c69a8 bitmap_raw=0x00000001 size=1 bits=0x00000000
PROBE21FRAME gc=15 f=1045 type=30 slot=2091 info=0x90c69a8 bitmap_raw=0x00000001 size=1 bits=0x00000000
PROBE21FRAME gc=15 f=1046 type=30 slot=2093 info=0x90c69a8 bitmap_raw=0x00000001 size=1 bits=0x00000000
PROBE21FRAME gc=15 f=1047 type=30 slot=2095 info=0x90c69a8 bitmap_raw=0x00000001 size=1 bits=0x00000000
PROBE21FRAME gc=15 f=1048 type=30 slot=2097 info=0x90c69a8 bitmap_raw=0x00000001 size=1 bits=0x00000000
PROBE21FRAME gc=15 f=1049 type=30 slot=2099 info=0x90c69a8 bitmap_raw=0x00000001 size=1 bits=0x00000000
PROBE21FRAME gc=15 f=1050 type=30 slot=2101 info=0x90c69a8 bitmap_raw=0x00000001 size=1 bits=0x00000000
PROBE21FRAME gc=15 f=1051 type=30 slot=2103 info=0x90c69a8 bitmap_raw=0x00000001 size=1 bits=0x00000000
PROBE21FRAME gc=15 f=1052 type=30 slot=2105 info=0x90c69a8 bitmap_raw=0x00000001 size=1 bits=0x00000000
PROBE21FRAME gc=15 f=1053 type=30 slot=2107 info=0x90c69a8 bitmap_raw=0x00000001 size=1 bits=0x00000000
PROBE21FRAME gc=15 f=1054 type=30 slot=2109 info=0x90c69a8 bitmap_raw=0x00000001 size=1 bits=0x00000000
PROBE21FRAME gc=15 f=1055 type=30 slot=2111 info=0x90c69a8 bitmap_raw=0x00000001 size=1 bits=0x00000000
PROBE21FRAME gc=15 f=1056 type=30 slot=2113 info=0x90c69a8 bitmap_raw=0x00000001 size=1 bits=0x00000000
PROBE21FRAME gc=15 f=1057 type=30 slot=2115 info=0x90c69a8 bitmap_raw=0x00000001 size=1 bits=0x00000000
PROBE21FRAME gc=15 f=1058 type=30 slot=2117 info=0x90c69a8 bitmap_raw=0x00000001 size=1 bits=0x00000000
PROBE21FRAME gc=15 f=1059 type=30 slot=2119 info=0x90c69a8 bitmap_raw=0x00000001 size=1 bits=0x00000000
PROBE21FRAME gc=15 f=1060 type=30 slot=2121 info=0x90c69a8 bitmap_raw=0x00000001 size=1 bits=0x00000000
PROBE21FRAME gc=15 f=1061 type=30 slot=2123 info=0x90c69a8 bitmap_raw=0x00000001 size=1 bits=0x00000000
PROBE21FRAME gc=15 f=1062 type=30 slot=2125 info=0x90c69a8 bitmap_raw=0x00000001 size=1 bits=0x00000000
PROBE21FRAME gc=15 f=1063 type=30 slot=2127 info=0x90c69a8 bitmap_raw=0x00000001 size=1 bits=0x00000000
PROBE21FRAME gc=15 f=1064 type=30 slot=2129 info=0x90c69a8 bitmap_raw=0x00000001 size=1 bits=0x00000000
PROBE21FRAME gc=15 f=1065 type=30 slot=2131 info=0x90c69a8 bitmap_raw=0x00000001 size=1 bits=0x00000000
PROBE21FRAME gc=15 f=1066 type=30 slot=2133 info=0x90c69a8 bitmap_raw=0x00000001 size=1 bits=0x00000000
PROBE21FRAME gc=15 f=1067 type=30 slot=2135 info=0x90c69a8 bitmap_raw=0x00000001 size=1 bits=0x00000000
PROBE21FRAME gc=15 f=1068 type=30 slot=2137 info=0x90c69a8 bitmap_raw=0x00000001 size=1 bits=0x00000000
PROBE21FRAME gc=15 f=1069 type=30 slot=2139 info=0x90c69a8 bitmap_raw=0x00000001 size=1 bits=0x00000000
PROBE21FRAME gc=15 f=1070 type=30 slot=2141 info=0x90c69a8 bitmap_raw=0x00000001 size=1 bits=0x00000000
PROBE21FRAME gc=15 f=1071 type=30 slot=2143 info=0x90c69a8 bitmap_raw=0x00000001 size=1 bits=0x00000000
PROBE21FRAME gc=15 f=1072 type=30 slot=2145 info=0x90c69a8 bitmap_raw=0x00000001 size=1 bits=0x00000000
PROBE21FRAME gc=15 f=1073 type=30 slot=2147 info=0x90c69a8 bitmap_raw=0x00000001 size=1 bits=0x00000000
PROBE21FRAME gc=15 f=1074 type=30 slot=2149 info=0x90c69a8 bitmap_raw=0x00000001 size=1 bits=0x00000000
PROBE21FRAME gc=15 f=1075 type=30 slot=2151 info=0x90c69a8 bitmap_raw=0x00000001 size=1 bits=0x00000000
PROBE21FRAME gc=15 f=1076 type=30 slot=2153 info=0x90c69a8 bitmap_raw=0x00000001 size=1 bits=0x00000000
PROBE21FRAME gc=15 f=1077 type=30 slot=2155 info=0x90c69a8 bitmap_raw=0x00000001 size=1 bits=0x00000000
PROBE21FRAME gc=15 f=1078 type=30 slot=2157 info=0x90c69a8 bitmap_raw=0x00000001 size=1 bits=0x00000000
PROBE21FRAME gc=15 f=1079 type=30 slot=2159 info=0x90c69a8 bitmap_raw=0x00000001 size=1 bits=0x00000000
PROBE21FRAME gc=15 f=1080 type=30 slot=2161 info=0x90c69a8 bitmap_raw=0x00000001 size=1 bits=0x00000000
PROBE21FRAME gc=15 f=1081 type=30 slot=2163 info=0x90c69a8 bitmap_raw=0x00000001 size=1 bits=0x00000000
PROBE21FRAME gc=15 f=1082 type=30 slot=2165 info=0x90c69a8 bitmap_raw=0x00000001 size=1 bits=0x00000000
PROBE21FRAME gc=15 f=1083 type=30 slot=2167 info=0x90c69a8 bitmap_raw=0x00000001 size=1 bits=0x00000000
PROBE21FRAME gc=15 f=1084 type=30 slot=2169 info=0x90c69a8 bitmap_raw=0x00000001 size=1 bits=0x00000000
PROBE21FRAME gc=15 f=1085 type=30 slot=2171 info=0x90c69a8 bitmap_raw=0x00000001 size=1 bits=0x00000000
PROBE21FRAME gc=15 f=1086 type=30 slot=2173 info=0x90c69a8 bitmap_raw=0x00000001 size=1 bits=0x00000000
PROBE21FRAME gc=15 f=1087 type=30 slot=2175 info=0x90c69a8 bitmap_raw=0x00000001 size=1 bits=0x00000000
PROBE21FRAME gc=15 f=1088 type=30 slot=2177 info=0x90c69a8 bitmap_raw=0x00000001 size=1 bits=0x00000000
PROBE21FRAME gc=15 f=1089 type=30 slot=2179 info=0x90c69a8 bitmap_raw=0x00000001 size=1 bits=0x00000000
PROBE21FRAME gc=15 f=1090 type=30 slot=2181 info=0x90c69a8 bitmap_raw=0x00000001 size=1 bits=0x00000000
PROBE21FRAME gc=15 f=1091 type=30 slot=2183 info=0x90c69a8 bitmap_raw=0x00000001 size=1 bits=0x00000000
PROBE21FRAME gc=15 f=1092 type=30 slot=2185 info=0x90c69a8 bitmap_raw=0x00000001 size=1 bits=0x00000000
PROBE21FRAME gc=15 f=1093 type=30 slot=2187 info=0x90c69a8 bitmap_raw=0x00000001 size=1 bits=0x00000000
PROBE21FRAME gc=15 f=1094 type=30 slot=2189 info=0x90c69a8 bitmap_raw=0x00000001 size=1 bits=0x00000000
PROBE21FRAME gc=15 f=1095 type=30 slot=2191 info=0x90c69a8 bitmap_raw=0x00000001 size=1 bits=0x00000000
PROBE21FRAME gc=15 f=1096 type=30 slot=2193 info=0x90c69a8 bitmap_raw=0x00000001 size=1 bits=0x00000000
PROBE21FRAME gc=15 f=1097 type=30 slot=2195 info=0x90c69a8 bitmap_raw=0x00000001 size=1 bits=0x00000000
PROBE21FRAME gc=15 f=1098 type=30 slot=2197 info=0x90c69a8 bitmap_raw=0x00000001 size=1 bits=0x00000000
PROBE21FRAME gc=15 f=1099 type=30 slot=2199 info=0x90c69a8 bitmap_raw=0x00000001 size=1 bits=0x00000000
PROBE21FRAME gc=15 f=1100 type=30 slot=2201 info=0x90c69a8 bitmap_raw=0x00000001 size=1 bits=0x00000000
PROBE21FRAME gc=15 f=1101 type=30 slot=2203 info=0x90c69a8 bitmap_raw=0x00000001 size=1 bits=0x00000000
PROBE21FRAME gc=15 f=1102 type=30 slot=2205 info=0x90c69a8 bitmap_raw=0x00000001 size=1 bits=0x00000000
PROBE21FRAME gc=15 f=1103 type=30 slot=2207 info=0x90c69a8 bitmap_raw=0x00000001 size=1 bits=0x00000000
PROBE21FRAME gc=15 f=1104 type=30 slot=2209 info=0x90c69a8 bitmap_raw=0x00000001 size=1 bits=0x00000000
PROBE21FRAME gc=15 f=1105 type=30 slot=2211 info=0x90c69a8 bitmap_raw=0x00000001 size=1 bits=0x00000000
PROBE21FRAME gc=15 f=1106 type=30 slot=2213 info=0x90c69a8 bitmap_raw=0x00000001 size=1 bits=0x00000000
PROBE21FRAME gc=15 f=1107 type=30 slot=2215 info=0x90c69a8 bitmap_raw=0x00000001 size=1 bits=0x00000000
PROBE21FRAME gc=15 f=1108 type=30 slot=2217 info=0x90c69a8 bitmap_raw=0x00000001 size=1 bits=0x00000000
PROBE21FRAME gc=15 f=1109 type=30 slot=2219 info=0x90c69a8 bitmap_raw=0x00000001 size=1 bits=0x00000000
PROBE21FRAME gc=15 f=1110 type=30 slot=2221 info=0x90c69a8 bitmap_raw=0x00000001 size=1 bits=0x00000000
PROBE21FRAME gc=15 f=1111 type=30 slot=2223 info=0x90c69a8 bitmap_raw=0x00000001 size=1 bits=0x00000000
PROBE21FRAME gc=15 f=1112 type=30 slot=2225 info=0x90c69a8 bitmap_raw=0x00000001 size=1 bits=0x00000000
PROBE21FRAME gc=15 f=1113 type=30 slot=2227 info=0x90c69a8 bitmap_raw=0x00000001 size=1 bits=0x00000000
PROBE21FRAME gc=15 f=1114 type=30 slot=2229 info=0x90c69a8 bitmap_raw=0x00000001 size=1 bits=0x00000000
PROBE21FRAME gc=15 f=1115 type=30 slot=2231 info=0x90c69a8 bitmap_raw=0x00000001 size=1 bits=0x00000000
PROBE21FRAME gc=15 f=1116 type=30 slot=2233 info=0x90c69a8 bitmap_raw=0x00000001 size=1 bits=0x00000000
PROBE21FRAME gc=15 f=1117 type=30 slot=2235 info=0x90c69a8 bitmap_raw=0x00000001 size=1 bits=0x00000000
PROBE21FRAME gc=15 f=1118 type=30 slot=2237 info=0x90c69a8 bitmap_raw=0x00000001 size=1 bits=0x00000000
PROBE21FRAME gc=15 f=1119 type=30 slot=2239 info=0x90c69a8 bitmap_raw=0x00000001 size=1 bits=0x00000000
PROBE21FRAME gc=15 f=1120 type=30 slot=2241 info=0x90c69a8 bitmap_raw=0x00000001 size=1 bits=0x00000000
PROBE21FRAME gc=15 f=1121 type=30 slot=2243 info=0x90c69a8 bitmap_raw=0x00000001 size=1 bits=0x00000000
PROBE21FRAME gc=15 f=1122 type=30 slot=2245 info=0x90c69a8 bitmap_raw=0x00000001 size=1 bits=0x00000000
PROBE21FRAME gc=15 f=1123 type=30 slot=2247 info=0x90c69a8 bitmap_raw=0x00000001 size=1 bits=0x00000000
PROBE21FRAME gc=15 f=1124 type=30 slot=2249 info=0x90c69a8 bitmap_raw=0x00000001 size=1 bits=0x00000000
PROBE21FRAME gc=15 f=1125 type=30 slot=2251 info=0x90c69a8 bitmap_raw=0x00000001 size=1 bits=0x00000000
PROBE21FRAME gc=15 f=1126 type=30 slot=2253 info=0x90c69a8 bitmap_raw=0x00000001 size=1 bits=0x00000000
PROBE21FRAME gc=15 f=1127 type=30 slot=2255 info=0x90c69a8 bitmap_raw=0x00000001 size=1 bits=0x00000000
PROBE21FRAME gc=15 f=1128 type=30 slot=2257 info=0x90c69a8 bitmap_raw=0x00000001 size=1 bits=0x00000000
PROBE21FRAME gc=15 f=1129 type=30 slot=2259 info=0x90c69a8 bitmap_raw=0x00000001 size=1 bits=0x00000000
PROBE21FRAME gc=15 f=1130 type=30 slot=2261 info=0x90c69a8 bitmap_raw=0x00000001 size=1 bits=0x00000000
PROBE21FRAME gc=15 f=1131 type=30 slot=2263 info=0x90c69a8 bitmap_raw=0x00000001 size=1 bits=0x00000000
PROBE21FRAME gc=15 f=1132 type=30 slot=2265 info=0x90c69a8 bitmap_raw=0x00000001 size=1 bits=0x00000000
PROBE21FRAME gc=15 f=1133 type=30 slot=2267 info=0x90c69a8 bitmap_raw=0x00000001 size=1 bits=0x00000000
PROBE21FRAME gc=15 f=1134 type=30 slot=2269 info=0x90c69a8 bitmap_raw=0x00000001 size=1 bits=0x00000000
PROBE21FRAME gc=15 f=1135 type=30 slot=2271 info=0x90c69a8 bitmap_raw=0x00000001 size=1 bits=0x00000000
PROBE21FRAME gc=15 f=1136 type=30 slot=2273 info=0x90c69a8 bitmap_raw=0x00000001 size=1 bits=0x00000000
PROBE21FRAME gc=15 f=1137 type=30 slot=2275 info=0x90c69a8 bitmap_raw=0x00000001 size=1 bits=0x00000000
PROBE21FRAME gc=15 f=1138 type=30 slot=2277 info=0x90c69a8 bitmap_raw=0x00000001 size=1 bits=0x00000000
PROBE21FRAME gc=15 f=1139 type=30 slot=2279 info=0x90c69a8 bitmap_raw=0x00000001 size=1 bits=0x00000000
PROBE21FRAME gc=15 f=1140 type=30 slot=2281 info=0x90c69a8 bitmap_raw=0x00000001 size=1 bits=0x00000000
PROBE21FRAME gc=15 f=1141 type=30 slot=2283 info=0x90c69a8 bitmap_raw=0x00000001 size=1 bits=0x00000000
PROBE21FRAME gc=15 f=1142 type=30 slot=2285 info=0x90c69a8 bitmap_raw=0x00000001 size=1 bits=0x00000000
PROBE21FRAME gc=15 f=1143 type=30 slot=2287 info=0x90c69a8 bitmap_raw=0x00000001 size=1 bits=0x00000000
PROBE21FRAME gc=15 f=1144 type=30 slot=2289 info=0x90c69a8 bitmap_raw=0x00000001 size=1 bits=0x00000000
PROBE21FRAME gc=15 f=1145 type=30 slot=2291 info=0x90c69a8 bitmap_raw=0x00000001 size=1 bits=0x00000000
PROBE21FRAME gc=15 f=1146 type=30 slot=2293 info=0x90c69a8 bitmap_raw=0x00000001 size=1 bits=0x00000000
PROBE21FRAME gc=15 f=1147 type=30 slot=2295 info=0x90c69a8 bitmap_raw=0x00000001 size=1 bits=0x00000000
PROBE21FRAME gc=15 f=1148 type=30 slot=2297 info=0x90c69a8 bitmap_raw=0x00000001 size=1 bits=0x00000000
PROBE21FRAME gc=15 f=1149 type=30 slot=2299 info=0x90c69a8 bitmap_raw=0x00000001 size=1 bits=0x00000000
PROBE21FRAME gc=15 f=1150 type=30 slot=2301 info=0x90c69a8 bitmap_raw=0x00000001 size=1 bits=0x00000000
PROBE21FRAME gc=15 f=1151 type=30 slot=2303 info=0x90c69a8 bitmap_raw=0x00000001 size=1 bits=0x00000000
PROBE21FRAME gc=15 f=1152 type=30 slot=2305 info=0x90c69a8 bitmap_raw=0x00000001 size=1 bits=0x00000000
PROBE21FRAME gc=15 f=1153 type=30 slot=2307 info=0x90c69a8 bitmap_raw=0x00000001 size=1 bits=0x00000000
PROBE21FRAME gc=15 f=1154 type=30 slot=2309 info=0x90c69a8 bitmap_raw=0x00000001 size=1 bits=0x00000000
PROBE21FRAME gc=15 f=1155 type=30 slot=2311 info=0x90c69a8 bitmap_raw=0x00000001 size=1 bits=0x00000000
PROBE21FRAME gc=15 f=1156 type=30 slot=2313 info=0x90c69a8 bitmap_raw=0x00000001 size=1 bits=0x00000000
PROBE21FRAME gc=15 f=1157 type=30 slot=2315 info=0x90c69a8 bitmap_raw=0x00000001 size=1 bits=0x00000000
PROBE21FRAME gc=15 f=1158 type=30 slot=2317 info=0x90c69a8 bitmap_raw=0x00000001 size=1 bits=0x00000000
PROBE21FRAME gc=15 f=1159 type=30 slot=2319 info=0x90c69a8 bitmap_raw=0x00000001 size=1 bits=0x00000000
PROBE21FRAME gc=15 f=1160 type=30 slot=2321 info=0x90c69a8 bitmap_raw=0x00000001 size=1 bits=0x00000000
PROBE21FRAME gc=15 f=1161 type=30 slot=2323 info=0x90c69a8 bitmap_raw=0x00000001 size=1 bits=0x00000000
PROBE21FRAME gc=15 f=1162 type=30 slot=2325 info=0x90c69a8 bitmap_raw=0x00000001 size=1 bits=0x00000000
PROBE21FRAME gc=15 f=1163 type=30 slot=2327 info=0x90c69a8 bitmap_raw=0x00000001 size=1 bits=0x00000000
PROBE21FRAME gc=15 f=1164 type=30 slot=2329 info=0x90c69a8 bitmap_raw=0x00000001 size=1 bits=0x00000000
PROBE21FRAME gc=15 f=1165 type=30 slot=2331 info=0x90c69a8 bitmap_raw=0x00000001 size=1 bits=0x00000000
PROBE21FRAME gc=15 f=1166 type=30 slot=2333 info=0x90c69a8 bitmap_raw=0x00000001 size=1 bits=0x00000000
PROBE21FRAME gc=15 f=1167 type=30 slot=2335 info=0x90c69a8 bitmap_raw=0x00000001 size=1 bits=0x00000000
PROBE21FRAME gc=15 f=1168 type=30 slot=2337 info=0x90c69a8 bitmap_raw=0x00000001 size=1 bits=0x00000000
PROBE21FRAME gc=15 f=1169 type=30 slot=2339 info=0x90c69a8 bitmap_raw=0x00000001 size=1 bits=0x00000000
PROBE21FRAME gc=15 f=1170 type=30 slot=2341 info=0x90c69a8 bitmap_raw=0x00000001 size=1 bits=0x00000000
PROBE21FRAME gc=15 f=1171 type=30 slot=2343 info=0x90c69a8 bitmap_raw=0x00000001 size=1 bits=0x00000000
PROBE21FRAME gc=15 f=1172 type=30 slot=2345 info=0x90c69a8 bitmap_raw=0x00000001 size=1 bits=0x00000000
PROBE21FRAME gc=15 f=1173 type=30 slot=2347 info=0x90c69a8 bitmap_raw=0x00000001 size=1 bits=0x00000000
PROBE21FRAME gc=15 f=1174 type=30 slot=2349 info=0x90c69a8 bitmap_raw=0x00000001 size=1 bits=0x00000000
PROBE21FRAME gc=15 f=1175 type=30 slot=2351 info=0x90c69a8 bitmap_raw=0x00000001 size=1 bits=0x00000000
PROBE21FRAME gc=15 f=1176 type=30 slot=2353 info=0x90c69a8 bitmap_raw=0x00000001 size=1 bits=0x00000000
PROBE21FRAME gc=15 f=1177 type=30 slot=2355 info=0x90c69a8 bitmap_raw=0x00000001 size=1 bits=0x00000000
PROBE21FRAME gc=15 f=1178 type=30 slot=2357 info=0x90c69a8 bitmap_raw=0x00000001 size=1 bits=0x00000000
PROBE21FRAME gc=15 f=1179 type=30 slot=2359 info=0x90c69a8 bitmap_raw=0x00000001 size=1 bits=0x00000000
PROBE21FRAME gc=15 f=1180 type=30 slot=2361 info=0x90c69a8 bitmap_raw=0x00000001 size=1 bits=0x00000000
PROBE21FRAME gc=15 f=1181 type=30 slot=2363 info=0x90c69a8 bitmap_raw=0x00000001 size=1 bits=0x00000000
PROBE21FRAME gc=15 f=1182 type=30 slot=2365 info=0x90c69a8 bitmap_raw=0x00000001 size=1 bits=0x00000000
PROBE21FRAME gc=15 f=1183 type=30 slot=2367 info=0x90c69a8 bitmap_raw=0x00000001 size=1 bits=0x00000000
PROBE21FRAME gc=15 f=1184 type=30 slot=2369 info=0x90c69a8 bitmap_raw=0x00000001 size=1 bits=0x00000000
PROBE21FRAME gc=15 f=1185 type=30 slot=2371 info=0x90c69a8 bitmap_raw=0x00000001 size=1 bits=0x00000000
PROBE21FRAME gc=15 f=1186 type=30 slot=2373 info=0x90c69a8 bitmap_raw=0x00000001 size=1 bits=0x00000000
PROBE21FRAME gc=15 f=1187 type=30 slot=2375 info=0x90c69a8 bitmap_raw=0x00000001 size=1 bits=0x00000000
PROBE21FRAME gc=15 f=1188 type=30 slot=2377 info=0x90c69a8 bitmap_raw=0x00000001 size=1 bits=0x00000000
PROBE21FRAME gc=15 f=1189 type=30 slot=2379 info=0x90c69a8 bitmap_raw=0x00000001 size=1 bits=0x00000000
PROBE21FRAME gc=15 f=1190 type=30 slot=2381 info=0x90c69a8 bitmap_raw=0x00000001 size=1 bits=0x00000000
PROBE21FRAME gc=15 f=1191 type=30 slot=2383 info=0x90c69a8 bitmap_raw=0x00000001 size=1 bits=0x00000000
PROBE21FRAME gc=15 f=1192 type=30 slot=2385 info=0x90c69a8 bitmap_raw=0x00000001 size=1 bits=0x00000000
PROBE21FRAME gc=15 f=1193 type=30 slot=2387 info=0x90c69a8 bitmap_raw=0x00000001 size=1 bits=0x00000000
PROBE21FRAME gc=15 f=1194 type=30 slot=2389 info=0x90c69a8 bitmap_raw=0x00000001 size=1 bits=0x00000000
PROBE21FRAME gc=15 f=1195 type=30 slot=2391 info=0x90c69a8 bitmap_raw=0x00000001 size=1 bits=0x00000000
PROBE21FRAME gc=15 f=1196 type=30 slot=2393 info=0x90c69a8 bitmap_raw=0x00000001 size=1 bits=0x00000000
PROBE21FRAME gc=15 f=1197 type=30 slot=2395 info=0x90c69a8 bitmap_raw=0x00000001 size=1 bits=0x00000000
PROBE21FRAME gc=15 f=1198 type=30 slot=2397 info=0x90c69a8 bitmap_raw=0x00000001 size=1 bits=0x00000000
PROBE21FRAME gc=15 f=1199 type=30 slot=2399 info=0x90c69a8 bitmap_raw=0x00000001 size=1 bits=0x00000000
PROBE21FRAME gc=15 f=1200 type=30 slot=2401 info=0x90c69a8 bitmap_raw=0x00000001 size=1 bits=0x00000000
PROBE21FRAME gc=15 f=1201 type=30 slot=2403 info=0x90c69a8 bitmap_raw=0x00000001 size=1 bits=0x00000000
PROBE21FRAME gc=15 f=1202 type=30 slot=2405 info=0x90c69a8 bitmap_raw=0x00000001 size=1 bits=0x00000000
PROBE21FRAME gc=15 f=1203 type=30 slot=2407 info=0x90c69a8 bitmap_raw=0x00000001 size=1 bits=0x00000000
PROBE21FRAME gc=15 f=1204 type=30 slot=2409 info=0x90c69a8 bitmap_raw=0x00000001 size=1 bits=0x00000000
PROBE21FRAME gc=15 f=1205 type=30 slot=2411 info=0x90c69a8 bitmap_raw=0x00000001 size=1 bits=0x00000000
PROBE21FRAME gc=15 f=1206 type=30 slot=2413 info=0x90c69a8 bitmap_raw=0x00000001 size=1 bits=0x00000000
PROBE21FRAME gc=15 f=1207 type=30 slot=2415 info=0x90c69a8 bitmap_raw=0x00000001 size=1 bits=0x00000000
PROBE21FRAME gc=15 f=1208 type=30 slot=2417 info=0x90c69a8 bitmap_raw=0x00000001 size=1 bits=0x00000000
PROBE21FRAME gc=15 f=1209 type=30 slot=2419 info=0x90c69a8 bitmap_raw=0x00000001 size=1 bits=0x00000000
PROBE21FRAME gc=15 f=1210 type=30 slot=2421 info=0x90c69a8 bitmap_raw=0x00000001 size=1 bits=0x00000000
PROBE21FRAME gc=15 f=1211 type=30 slot=2423 info=0x90c69a8 bitmap_raw=0x00000001 size=1 bits=0x00000000
PROBE21FRAME gc=15 f=1212 type=30 slot=2425 info=0x90c69a8 bitmap_raw=0x00000001 size=1 bits=0x00000000
PROBE21FRAME gc=15 f=1213 type=30 slot=2427 info=0x90c69a8 bitmap_raw=0x00000001 size=1 bits=0x00000000
PROBE21FRAME gc=15 f=1214 type=30 slot=2429 info=0x90c69a8 bitmap_raw=0x00000001 size=1 bits=0x00000000
PROBE21FRAME gc=15 f=1215 type=30 slot=2431 info=0x90c69a8 bitmap_raw=0x00000001 size=1 bits=0x00000000
PROBE21FRAME gc=15 f=1216 type=30 slot=2433 info=0x90c69a8 bitmap_raw=0x00000001 size=1 bits=0x00000000
PROBE21FRAME gc=15 f=1217 type=30 slot=2435 info=0x90c69a8 bitmap_raw=0x00000001 size=1 bits=0x00000000
PROBE21FRAME gc=15 f=1218 type=30 slot=2437 info=0x90c69a8 bitmap_raw=0x00000001 size=1 bits=0x00000000
PROBE21FRAME gc=15 f=1219 type=30 slot=2439 info=0x90c69a8 bitmap_raw=0x00000001 size=1 bits=0x00000000
PROBE21FRAME gc=15 f=1220 type=30 slot=2441 info=0x90c69a8 bitmap_raw=0x00000001 size=1 bits=0x00000000
PROBE21FRAME gc=15 f=1221 type=30 slot=2443 info=0x90c69a8 bitmap_raw=0x00000001 size=1 bits=0x00000000
PROBE21FRAME gc=15 f=1222 type=30 slot=2445 info=0x90c69a8 bitmap_raw=0x00000001 size=1 bits=0x00000000
PROBE21FRAME gc=15 f=1223 type=30 slot=2447 info=0x90c69a8 bitmap_raw=0x00000001 size=1 bits=0x00000000
PROBE21FRAME gc=15 f=1224 type=30 slot=2449 info=0x90c69a8 bitmap_raw=0x00000001 size=1 bits=0x00000000
PROBE21FRAME gc=15 f=1225 type=30 slot=2451 info=0x90c69a8 bitmap_raw=0x00000001 size=1 bits=0x00000000
PROBE21FRAME gc=15 f=1226 type=30 slot=2453 info=0x90c69a8 bitmap_raw=0x00000001 size=1 bits=0x00000000
PROBE21FRAME gc=15 f=1227 type=30 slot=2455 info=0x90c69a8 bitmap_raw=0x00000001 size=1 bits=0x00000000
PROBE21FRAME gc=15 f=1228 type=30 slot=2457 info=0x90c69a8 bitmap_raw=0x00000001 size=1 bits=0x00000000
PROBE21FRAME gc=15 f=1229 type=30 slot=2459 info=0x90c69a8 bitmap_raw=0x00000001 size=1 bits=0x00000000
PROBE21FRAME gc=15 f=1230 type=30 slot=2461 info=0x90c69a8 bitmap_raw=0x00000001 size=1 bits=0x00000000
PROBE21FRAME gc=15 f=1231 type=30 slot=2463 info=0x90c69a8 bitmap_raw=0x00000001 size=1 bits=0x00000000
PROBE21FRAME gc=15 f=1232 type=30 slot=2465 info=0x90c69a8 bitmap_raw=0x00000001 size=1 bits=0x00000000
PROBE21FRAME gc=15 f=1233 type=30 slot=2467 info=0x90c69a8 bitmap_raw=0x00000001 size=1 bits=0x00000000
PROBE21FRAME gc=15 f=1234 type=30 slot=2469 info=0x90c69a8 bitmap_raw=0x00000001 size=1 bits=0x00000000
PROBE21FRAME gc=15 f=1235 type=30 slot=2471 info=0x90c69a8 bitmap_raw=0x00000001 size=1 bits=0x00000000
PROBE21FRAME gc=15 f=1236 type=30 slot=2473 info=0x90c69a8 bitmap_raw=0x00000001 size=1 bits=0x00000000
PROBE21FRAME gc=15 f=1237 type=30 slot=2475 info=0x90c69a8 bitmap_raw=0x00000001 size=1 bits=0x00000000
PROBE21FRAME gc=15 f=1238 type=30 slot=2477 info=0x90c69a8 bitmap_raw=0x00000001 size=1 bits=0x00000000
PROBE21FRAME gc=15 f=1239 type=30 slot=2479 info=0x90c69a8 bitmap_raw=0x00000001 size=1 bits=0x00000000
PROBE21FRAME gc=15 f=1240 type=30 slot=2481 info=0x90c69a8 bitmap_raw=0x00000001 size=1 bits=0x00000000
PROBE21FRAME gc=15 f=1241 type=30 slot=2483 info=0x90c69a8 bitmap_raw=0x00000001 size=1 bits=0x00000000
PROBE21FRAME gc=15 f=1242 type=30 slot=2485 info=0x90c69a8 bitmap_raw=0x00000001 size=1 bits=0x00000000
PROBE21FRAME gc=15 f=1243 type=30 slot=2487 info=0x90c69a8 bitmap_raw=0x00000001 size=1 bits=0x00000000
PROBE21FRAME gc=15 f=1244 type=30 slot=2489 info=0x90c69a8 bitmap_raw=0x00000001 size=1 bits=0x00000000
PROBE21FRAME gc=15 f=1245 type=30 slot=2491 info=0x90c69a8 bitmap_raw=0x00000001 size=1 bits=0x00000000
PROBE21FRAME gc=15 f=1246 type=30 slot=2493 info=0x90c69a8 bitmap_raw=0x00000001 size=1 bits=0x00000000
PROBE21FRAME gc=15 f=1247 type=30 slot=2495 info=0x90c69a8 bitmap_raw=0x00000001 size=1 bits=0x00000000
PROBE21FRAME gc=15 f=1248 type=30 slot=2497 info=0x90c69a8 bitmap_raw=0x00000001 size=1 bits=0x00000000
PROBE21FRAME gc=15 f=1249 type=30 slot=2499 info=0x90c69a8 bitmap_raw=0x00000001 size=1 bits=0x00000000
PROBE21FRAME gc=15 f=1250 type=30 slot=2501 info=0x90c69a8 bitmap_raw=0x00000001 size=1 bits=0x00000000
PROBE21FRAME gc=15 f=1251 type=30 slot=2503 info=0x90c69a8 bitmap_raw=0x00000001 size=1 bits=0x00000000
PROBE21FRAME gc=15 f=1252 type=30 slot=2505 info=0x90c69a8 bitmap_raw=0x00000001 size=1 bits=0x00000000
PROBE21FRAME gc=15 f=1253 type=30 slot=2507 info=0x90c69a8 bitmap_raw=0x00000001 size=1 bits=0x00000000
PROBE21FRAME gc=15 f=1254 type=30 slot=2509 info=0x90c69a8 bitmap_raw=0x00000001 size=1 bits=0x00000000
PROBE21FRAME gc=15 f=1255 type=30 slot=2511 info=0x90c69a8 bitmap_raw=0x00000001 size=1 bits=0x00000000
PROBE21FRAME gc=15 f=1256 type=30 slot=2513 info=0x90c69a8 bitmap_raw=0x00000001 size=1 bits=0x00000000
PROBE21FRAME gc=15 f=1257 type=30 slot=2515 info=0x90c69a8 bitmap_raw=0x00000001 size=1 bits=0x00000000
PROBE21FRAME gc=15 f=1258 type=30 slot=2517 info=0x90c69a8 bitmap_raw=0x00000001 size=1 bits=0x00000000
PROBE21FRAME gc=15 f=1259 type=30 slot=2519 info=0x90c69a8 bitmap_raw=0x00000001 size=1 bits=0x00000000
PROBE21FRAME gc=15 f=1260 type=30 slot=2521 info=0x90c69a8 bitmap_raw=0x00000001 size=1 bits=0x00000000
PROBE21FRAME gc=15 f=1261 type=30 slot=2523 info=0x90c69a8 bitmap_raw=0x00000001 size=1 bits=0x00000000
PROBE21FRAME gc=15 f=1262 type=30 slot=2525 info=0x90c69a8 bitmap_raw=0x00000001 size=1 bits=0x00000000
PROBE21FRAME gc=15 f=1263 type=30 slot=2527 info=0x90c69a8 bitmap_raw=0x00000001 size=1 bits=0x00000000
PROBE21FRAME gc=15 f=1264 type=30 slot=2529 info=0x90c69a8 bitmap_raw=0x00000001 size=1 bits=0x00000000
PROBE21FRAME gc=15 f=1265 type=30 slot=2531 info=0x90c69a8 bitmap_raw=0x00000001 size=1 bits=0x00000000
PROBE21FRAME gc=15 f=1266 type=30 slot=2533 info=0x90c69a8 bitmap_raw=0x00000001 size=1 bits=0x00000000
PROBE21FRAME gc=15 f=1267 type=30 slot=2535 info=0x92463f0 bitmap_raw=0x00000001 size=1 bits=0x00000000
PROBE21FRAME gc=15 f=1268 type=30 slot=2537 info=0x8e52acc bitmap_raw=0x00000f09 size=9 bits=0x00000078
PROBE21BAD gc=15 f=1268 type=30 slot=2542 pay=4 val=0x0cbe08c6 is_ptr=0 bd_gen=0 bd_flags=0x0 deref_ok=1 info=0x0cdd0d4d
PROBE21BAD gc=15 f=1268 type=30 slot=2544 pay=6 val=0x0cbe08d0 is_ptr=0 bd_gen=0 bd_flags=0x0 deref_ok=1 info=0x0cbe08c5
PROBE21FRAME gc=15 f=1269 type=30 slot=2547 info=0x921765c bitmap_raw=0x00000000 size=0 bits=0x00000000
PROBE21FRAME gc=15 f=1270 type=34 slot=2548 info=0x92a27e8 bitmap_raw=0x00000022 size=2 bits=0x00000001
PROBE21FRAME gc=15 f=1271 type=30 slot=2551 info=0x92463f0 bitmap_raw=0x00000001 size=1 bits=0x00000000
PROBE21FRAME gc=15 f=1272 type=30 slot=2553 info=0x92463f0 bitmap_raw=0x00000001 size=1 bits=0x00000000
PROBE21FRAME gc=15 f=1273 type=30 slot=2555 info=0x92463f0 bitmap_raw=0x00000001 size=1 bits=0x00000000
PROBE21FRAME gc=15 f=1274 type=30 slot=2557 info=0x92463f0 bitmap_raw=0x00000001 size=1 bits=0x00000000
PROBE21FRAME gc=15 f=1275 type=30 slot=2559 info=0x92463f0 bitmap_raw=0x00000001 size=1 bits=0x00000000
PROBE21FRAME gc=15 f=1276 type=30 slot=2561 info=0x92463f0 bitmap_raw=0x00000001 size=1 bits=0x00000000
PROBE21FRAME gc=15 f=1277 type=30 slot=2563 info=0x92463f0 bitmap_raw=0x00000001 size=1 bits=0x00000000
PROBE21FRAME gc=15 f=1278 type=30 slot=2565 info=0x92463f0 bitmap_raw=0x00000001 size=1 bits=0x00000000
PROBE21FRAME gc=15 f=1279 type=30 slot=2567 info=0x92463f0 bitmap_raw=0x00000001 size=1 bits=0x00000000
PROBE21FRAME gc=15 f=1280 type=30 slot=2569 info=0x921765c bitmap_raw=0x00000000 size=0 bits=0x00000000
PROBE21FRAME gc=15 f=1281 type=34 slot=2570 info=0x92a27e8 bitmap_raw=0x00000022 size=2 bits=0x00000001
PROBE21FRAME gc=15 f=1282 type=30 slot=2573 info=0x92463f0 bitmap_raw=0x00000001 size=1 bits=0x00000000
PROBE21FRAME gc=15 f=1283 type=30 slot=2575 info=0x92463f0 bitmap_raw=0x00000001 size=1 bits=0x00000000
PROBE21FRAME gc=15 f=1284 type=30 slot=2577 info=0x92463f0 bitmap_raw=0x00000001 size=1 bits=0x00000000
PROBE21FRAME gc=15 f=1285 type=30 slot=2579 info=0x92463f0 bitmap_raw=0x00000001 size=1 bits=0x00000000
PROBE21FRAME gc=15 f=1286 type=30 slot=2581 info=0x92463f0 bitmap_raw=0x00000001 size=1 bits=0x00000000
PROBE21FRAME gc=15 f=1287 type=30 slot=2583 info=0x92463f0 bitmap_raw=0x00000001 size=1 bits=0x00000000
PROBE21FRAME gc=15 f=1288 type=30 slot=2585 info=0x92463f0 bitmap_raw=0x00000001 size=1 bits=0x00000000
PROBE21FRAME gc=15 f=1289 type=30 slot=2587 info=0x92462b8 bitmap_raw=0x00000042 size=2 bits=0x00000002
PROBE21BAD gc=15 f=1289 type=30 slot=2589 pay=1 val=0x0cb543d4 is_ptr=0 bd_gen=0 bd_flags=0x0 deref_ok=1 info=0x092a2704
PROBE21FRAME gc=15 f=1290 type=30 slot=2590 info=0x92463f0 bitmap_raw=0x00000001 size=1 bits=0x00000000
PROBE21FRAME gc=15 f=1291 type=30 slot=2592 info=0x92463f0 bitmap_raw=0x00000001 size=1 bits=0x00000000
PROBE21FRAME gc=15 f=1292 type=30 slot=2594 info=0x92463f0 bitmap_raw=0x00000001 size=1 bits=0x00000000
PROBE21FRAME gc=15 f=1293 type=30 slot=2596 info=0x92463f0 bitmap_raw=0x00000001 size=1 bits=0x00000000
PROBE21FRAME gc=15 f=1294 type=30 slot=2598 info=0x92463f0 bitmap_raw=0x00000001 size=1 bits=0x00000000
PROBE21FRAME gc=15 f=1295 type=30 slot=2600 info=0x92463f0 bitmap_raw=0x00000001 size=1 bits=0x00000000
PROBE21FRAME gc=15 f=1296 type=30 slot=2602 info=0x92463f0 bitmap_raw=0x00000001 size=1 bits=0x00000000
PROBE21FRAME gc=15 f=1297 type=30 slot=2604 info=0x92463f0 bitmap_raw=0x00000001 size=1 bits=0x00000000
PROBE21FRAME gc=15 f=1298 type=30 slot=2606 info=0x92463f0 bitmap_raw=0x00000001 size=1 bits=0x00000000
PROBE21FRAME gc=15 f=1299 type=30 slot=2608 info=0x924624c bitmap_raw=0x00000043 size=3 bits=0x00000002
PROBE21BAD gc=15 f=1299 type=30 slot=2610 pay=1 val=0x0cb2ef7c is_ptr=0 bd_gen=0 bd_flags=0x0 deref_ok=1 info=0x00010001
PROBE21FRAME gc=15 f=1300 type=30 slot=2612 info=0x92463f0 bitmap_raw=0x00000001 size=1 bits=0x00000000
PROBE21FRAME gc=15 f=1301 type=34 slot=2614 info=0x92a27e8 bitmap_raw=0x00000022 size=2 bits=0x00000001
PROBE21FRAME gc=15 f=1302 type=30 slot=2617 info=0x92463f0 bitmap_raw=0x00000001 size=1 bits=0x00000000
PROBE21FRAME gc=15 f=1303 type=34 slot=2619 info=0x92a27e8 bitmap_raw=0x00000022 size=2 bits=0x00000001
PROBE21FRAME gc=15 f=1304 type=30 slot=2622 info=0x92a27d0 bitmap_raw=0x00000000 size=0 bits=0x00000000
PROBE21FRAME gc=15 f=1305 type=34 slot=2623 info=0x92a27e8 bitmap_raw=0x00000022 size=2 bits=0x00000001
PROBE21FRAME gc=15 f=1306 type=30 slot=2626 info=0x9143d50 bitmap_raw=0x00000043 size=3 bits=0x00000002
PROBE21BAD gc=15 f=1306 type=30 slot=2628 pay=1 val=0x0cb51339 is_ptr=0 bd_gen=0 bd_flags=0x0 deref_ok=1 info=0x0cb51304
PROBE21FRAME gc=15 f=1307 type=30 slot=2630 info=0x92a27c4 bitmap_raw=0x00000000 size=0 bits=0x00000000
PROBE21FRAME gc=15 f=1308 type=30 slot=2631 info=0x92463f0 bitmap_raw=0x00000001 size=1 bits=0x00000000
PROBE21FRAME gc=15 f=1309 type=30 slot=2633 info=0x92a27d0 bitmap_raw=0x00000000 size=0 bits=0x00000000
PROBE21FRAME gc=15 f=1310 type=34 slot=2634 info=0x92a27e8 bitmap_raw=0x00000022 size=2 bits=0x00000001
PROBE21FRAME gc=15 f=1311 type=30 slot=2637 info=0x9143d50 bitmap_raw=0x00000043 size=3 bits=0x00000002
PROBE21BAD gc=15 f=1311 type=30 slot=2639 pay=1 val=0x0cb15ed1 is_ptr=0 bd_gen=0 bd_flags=0x0 deref_ok=1 info=0x0cb15eb8
PROBE21FRAME gc=15 f=1312 type=30 slot=2641 info=0x92a27c4 bitmap_raw=0x00000000 size=0 bits=0x00000000
PROBE21FRAME gc=15 f=1313 type=30 slot=2642 info=0x92463f0 bitmap_raw=0x00000001 size=1 bits=0x00000000
PROBE21FRAME gc=15 f=1314 type=34 slot=2644 info=0x92a27e8 bitmap_raw=0x00000022 size=2 bits=0x00000001
PROBE21FRAME gc=15 f=1315 type=34 slot=2647 info=0x92a27e8 bitmap_raw=0x00000022 size=2 bits=0x00000001
PROBE21FRAME gc=15 f=1316 type=34 slot=2650 info=0x92a27e8 bitmap_raw=0x00000022 size=2 bits=0x00000001
PROBE21FRAME gc=15 f=1317 type=36 slot=2653 info=0x92a3148 bitmap_raw=0x00000000 size=0 bits=0x00000000
PROBE20BAD gc_no=16 slot=520 val=0x0cb543d4 bd_gen=0 bd_flags=0x0
PROBE20BAD gc_no=16 slot=541 val=0x0cb2ef7c bd_gen=0 bd_flags=0x0
PROBE20BAD gc_no=16 slot=559 val=0x0cb51339 bd_gen=0 bd_flags=0x0
PROBE20BAD gc_no=16 slot=570 val=0x0cb15ed1 bd_gen=0 bd_flags=0x0
PROBE20 gc_no=16 N=0 major=0 tso=0xce5cd14 stk=0xcde1000 sp=0xcde86dc end=0xcde9000 words=585 heap_ptr=285 evacd=281 g0=250 g1=35 other=0 rCurNurs=0xcb01fe0 rCurAlloc=0xcb00820 rCurTSO=0x0
PROBE21SKIP gc=16 f=0 type=32 reason=BCO/FUN_skip slot=0
PROBE20BAD gc_no=17 slot=686 val=0x0cb85a5e bd_gen=0 bd_flags=0x0
PROBE20BAD gc_no=17 slot=688 val=0x0cb85a68 bd_gen=0 bd_flags=0x0
PROBE20BAD gc_no=17 slot=717 val=0x0cb7cee8 bd_gen=0 bd_flags=0x0
PROBE20BAD gc_no=17 slot=756 val=0x0cb7a98c bd_gen=0 bd_flags=0x0
PROBE20BAD gc_no=17 slot=769 val=0x0cb78fcc bd_gen=0 bd_flags=0x0
PROBE20BAD gc_no=17 slot=832 val=0x0cb543d4 bd_gen=0 bd_flags=0x0
PROBE20BAD gc_no=17 slot=853 val=0x0cb2ef7c bd_gen=0 bd_flags=0x0
PROBE20BAD gc_no=17 slot=871 val=0x0cb51339 bd_gen=0 bd_flags=0x0
PROBE20BAD gc_no=17 slot=882 val=0x0cb15ed1 bd_gen=0 bd_flags=0x0
PROBE20 gc_no=17 N=0 major=0 tso=0xce5cd14 stk=0xcde1000 sp=0xcde81fc end=0xcde9000 words=897 heap_ptr=441 evacd=432 g0=409 g1=32 other=0 rCurNurs=0xcb01fe0 rCurAlloc=0xcb01660 rCurTSO=0x0
PROBE21SKIP gc=17 f=0 type=32 reason=BCO/FUN_skip slot=0
PROBE20BAD gc_no=18 slot=46 val=0x0cb85a5e bd_gen=0 bd_flags=0x0
PROBE20BAD gc_no=18 slot=48 val=0x0cb85a68 bd_gen=0 bd_flags=0x0
PROBE20BAD gc_no=18 slot=77 val=0x0cb7cee8 bd_gen=0 bd_flags=0x0
PROBE20BAD gc_no=18 slot=116 val=0x0cb7a98c bd_gen=0 bd_flags=0x0
PROBE20BAD gc_no=18 slot=129 val=0x0cb78fcc bd_gen=0 bd_flags=0x0
PROBE20BAD gc_no=18 slot=192 val=0x0cb543d4 bd_gen=0 bd_flags=0x0
PROBE20BAD gc_no=18 slot=213 val=0x0cb2ef7c bd_gen=0 bd_flags=0x0
PROBE20BAD gc_no=18 slot=231 val=0x0cb51339 bd_gen=0 bd_flags=0x0
PROBE20BAD gc_no=18 slot=242 val=0x0cb15ed1 bd_gen=0 bd_flags=0x0
PROBE20 gc_no=18 N=0 major=0 tso=0xce5cd14 stk=0xcde1000 sp=0xcde8bfc end=0xcde9000 words=257 heap_ptr=122 evacd=113 g0=25 g1=97 other=0 rCurNurs=0xcb01fe0 rCurAlloc=0xcb01fa0 rCurTSO=0x0
PROBE21FRAME gc=18 f=0 type=30 slot=0 info=0x92a28cc bitmap_raw=0x00000062 size=2 bits=0x00000003
PROBE21FRAME gc=18 f=1 type=30 slot=3 info=0x91b7eac bitmap_raw=0x00000022 size=2 bits=0x00000001
PROBE21FRAME gc=18 f=3 type=30 slot=8 info=0x91bb388 bitmap_raw=0x00000001 size=1 bits=0x00000000
PROBE21FRAME gc=18 f=4 type=30 slot=10 info=0x8b94700 bitmap_raw=0x00000003 size=3 bits=0x00000000
PROBE21FRAME gc=18 f=5 type=30 slot=14 info=0x908c72c bitmap_raw=0x00000003 size=3 bits=0x00000000
PROBE21FRAME gc=18 f=6 type=30 slot=18 info=0x8e52298 bitmap_raw=0x00000c0a size=10 bits=0x00000060
PROBE21FRAME gc=18 f=7 type=30 slot=29 info=0x9267fa0 bitmap_raw=0x00000000 size=0 bits=0x00000000
PROBE21FRAME gc=18 f=9 type=30 slot=32 info=0x9267fd0 bitmap_raw=0x00000000 size=0 bits=0x00000000
PROBE21FRAME gc=18 f=10 type=30 slot=33 info=0x8e528e0 bitmap_raw=0x00000047 size=7 bits=0x00000002
PROBE21FRAME gc=18 f=11 type=30 slot=41 info=0x8e52acc bitmap_raw=0x00000f09 size=9 bits=0x00000078
PROBE21BAD gc=18 f=11 type=30 slot=46 pay=4 val=0x0cb85a5e is_ptr=0 bd_gen=0 bd_flags=0x0 deref_ok=1 info=0x24000518
PROBE21BAD gc=18 f=11 type=30 slot=48 pay=6 val=0x0cb85a68 is_ptr=0 bd_gen=0 bd_flags=0x0 deref_ok=1 info=0x09271bbc
PROBE21FRAME gc=18 f=12 type=30 slot=51 info=0x921765c bitmap_raw=0x00000000 size=0 bits=0x00000000
PROBE21FRAME gc=18 f=13 type=34 slot=52 info=0x92a27e8 bitmap_raw=0x00000022 size=2 bits=0x00000001
PROBE21FRAME gc=18 f=14 type=30 slot=55 info=0x92463f0 bitmap_raw=0x00000001 size=1 bits=0x00000000
PROBE21FRAME gc=18 f=15 type=30 slot=57 info=0x92463f0 bitmap_raw=0x00000001 size=1 bits=0x00000000
PROBE21FRAME gc=18 f=16 type=30 slot=59 info=0x92463f0 bitmap_raw=0x00000001 size=1 bits=0x00000000
PROBE21FRAME gc=18 f=17 type=30 slot=61 info=0x92463f0 bitmap_raw=0x00000001 size=1 bits=0x00000000
PROBE21FRAME gc=18 f=18 type=30 slot=63 info=0x92463f0 bitmap_raw=0x00000001 size=1 bits=0x00000000
PROBE21FRAME gc=18 f=19 type=30 slot=65 info=0x92463f0 bitmap_raw=0x00000001 size=1 bits=0x00000000
PROBE21FRAME gc=18 f=20 type=30 slot=67 info=0x92463f0 bitmap_raw=0x00000001 size=1 bits=0x00000000
PROBE21FRAME gc=18 f=21 type=30 slot=69 info=0x92463f0 bitmap_raw=0x00000001 size=1 bits=0x00000000
PROBE21FRAME gc=18 f=22 type=30 slot=71 info=0x92463f0 bitmap_raw=0x00000001 size=1 bits=0x00000000
PROBE21FRAME gc=18 f=23 type=30 slot=73 info=0x92463f0 bitmap_raw=0x00000001 size=1 bits=0x00000000
PROBE21FRAME gc=18 f=24 type=30 slot=75 info=0x92462b8 bitmap_raw=0x00000042 size=2 bits=0x00000002
PROBE21BAD gc=18 f=24 type=30 slot=77 pay=1 val=0x0cb7cee8 is_ptr=0 bd_gen=0 bd_flags=0x0 deref_ok=1 info=0x092a25f8
PROBE21FRAME gc=18 f=25 type=30 slot=78 info=0x92463f0 bitmap_raw=0x00000001 size=1 bits=0x00000000
PROBE21FRAME gc=18 f=26 type=30 slot=80 info=0x92463f0 bitmap_raw=0x00000001 size=1 bits=0x00000000
PROBE21FRAME gc=18 f=27 type=30 slot=82 info=0x92463f0 bitmap_raw=0x00000001 size=1 bits=0x00000000
PROBE21FRAME gc=18 f=28 type=30 slot=84 info=0x92463f0 bitmap_raw=0x00000001 size=1 bits=0x00000000
PROBE21FRAME gc=18 f=29 type=30 slot=86 info=0x92463f0 bitmap_raw=0x00000001 size=1 bits=0x00000000
PROBE21FRAME gc=18 f=30 type=30 slot=88 info=0x92463f0 bitmap_raw=0x00000001 size=1 bits=0x00000000
PROBE21FRAME gc=18 f=31 type=30 slot=90 info=0x92463f0 bitmap_raw=0x00000001 size=1 bits=0x00000000
PROBE21FRAME gc=18 f=32 type=30 slot=92 info=0x92463f0 bitmap_raw=0x00000001 size=1 bits=0x00000000
PROBE21FRAME gc=18 f=33 type=30 slot=94 info=0x92463f0 bitmap_raw=0x00000001 size=1 bits=0x00000000
PROBE21FRAME gc=18 f=34 type=30 slot=96 info=0x92463f0 bitmap_raw=0x00000001 size=1 bits=0x00000000
PROBE21FRAME gc=18 f=35 type=30 slot=98 info=0x92463f0 bitmap_raw=0x00000001 size=1 bits=0x00000000
PROBE21FRAME gc=18 f=36 type=30 slot=100 info=0x92463f0 bitmap_raw=0x00000001 size=1 bits=0x00000000
PROBE21FRAME gc=18 f=37 type=30 slot=102 info=0x92463f0 bitmap_raw=0x00000001 size=1 bits=0x00000000
PROBE21FRAME gc=18 f=38 type=30 slot=104 info=0x92463f0 bitmap_raw=0x00000001 size=1 bits=0x00000000
PROBE21FRAME gc=18 f=39 type=30 slot=106 info=0x92463f0 bitmap_raw=0x00000001 size=1 bits=0x00000000
PROBE21FRAME gc=18 f=40 type=30 slot=108 info=0x92463f0 bitmap_raw=0x00000001 size=1 bits=0x00000000
PROBE21FRAME gc=18 f=41 type=30 slot=110 info=0x92463f0 bitmap_raw=0x00000001 size=1 bits=0x00000000
PROBE21FRAME gc=18 f=42 type=30 slot=112 info=0x92463f0 bitmap_raw=0x00000001 size=1 bits=0x00000000
PROBE21FRAME gc=18 f=43 type=30 slot=114 info=0x92462b8 bitmap_raw=0x00000042 size=2 bits=0x00000002
PROBE21BAD gc=18 f=43 type=30 slot=116 pay=1 val=0x0cb7a98c is_ptr=0 bd_gen=0 bd_flags=0x0 deref_ok=1 info=0x0cb7a934
PROBE21FRAME gc=18 f=44 type=30 slot=117 info=0x9246294 bitmap_raw=0x00000001 size=1 bits=0x00000000
PROBE21FRAME gc=18 f=45 type=30 slot=119 info=0x92463f0 bitmap_raw=0x00000001 size=1 bits=0x00000000
PROBE21FRAME gc=18 f=46 type=30 slot=121 info=0x92463f0 bitmap_raw=0x00000001 size=1 bits=0x00000000
PROBE21FRAME gc=18 f=47 type=30 slot=123 info=0x92463f0 bitmap_raw=0x00000001 size=1 bits=0x00000000
PROBE21FRAME gc=18 f=48 type=30 slot=125 info=0x92463f0 bitmap_raw=0x00000001 size=1 bits=0x00000000
PROBE21FRAME gc=18 f=49 type=30 slot=127 info=0x92462b8 bitmap_raw=0x00000042 size=2 bits=0x00000002
PROBE21BAD gc=18 f=49 type=30 slot=129 pay=1 val=0x0cb78fcc is_ptr=0 bd_gen=0 bd_flags=0x0 deref_ok=1 info=0x09254784
PROBE21FRAME gc=18 f=50 type=30 slot=130 info=0x9246294 bitmap_raw=0x00000001 size=1 bits=0x00000000
PROBE21FRAME gc=18 f=51 type=30 slot=132 info=0x92463f0 bitmap_raw=0x00000001 size=1 bits=0x00000000
PROBE21FRAME gc=18 f=52 type=30 slot=134 info=0x92463f0 bitmap_raw=0x00000001 size=1 bits=0x00000000
PROBE21FRAME gc=18 f=53 type=30 slot=136 info=0x92463f0 bitmap_raw=0x00000001 size=1 bits=0x00000000
PROBE21FRAME gc=18 f=54 type=30 slot=138 info=0x92463f0 bitmap_raw=0x00000001 size=1 bits=0x00000000
PROBE21FRAME gc=18 f=55 type=30 slot=140 info=0x92463f0 bitmap_raw=0x00000001 size=1 bits=0x00000000
PROBE21FRAME gc=18 f=56 type=30 slot=142 info=0x92463f0 bitmap_raw=0x00000001 size=1 bits=0x00000000
PROBE21FRAME gc=18 f=57 type=30 slot=144 info=0x92463f0 bitmap_raw=0x00000001 size=1 bits=0x00000000
PROBE21FRAME gc=18 f=58 type=30 slot=146 info=0x92463f0 bitmap_raw=0x00000001 size=1 bits=0x00000000
PROBE21FRAME gc=18 f=59 type=30 slot=148 info=0x92463f0 bitmap_raw=0x00000001 size=1 bits=0x00000000
PROBE21FRAME gc=18 f=60 type=30 slot=150 info=0x921765c bitmap_raw=0x00000000 size=0 bits=0x00000000
PROBE21FRAME gc=18 f=61 type=34 slot=151 info=0x92a27e8 bitmap_raw=0x00000022 size=2 bits=0x00000001
PROBE21FRAME gc=18 f=62 type=30 slot=154 info=0x92463f0 bitmap_raw=0x00000001 size=1 bits=0x00000000
PROBE21FRAME gc=18 f=63 type=30 slot=156 info=0x92463f0 bitmap_raw=0x00000001 size=1 bits=0x00000000
PROBE21FRAME gc=18 f=64 type=30 slot=158 info=0x92463f0 bitmap_raw=0x00000001 size=1 bits=0x00000000
PROBE21FRAME gc=18 f=65 type=30 slot=160 info=0x92463f0 bitmap_raw=0x00000001 size=1 bits=0x00000000
PROBE21FRAME gc=18 f=66 type=30 slot=162 info=0x92463f0 bitmap_raw=0x00000001 size=1 bits=0x00000000
PROBE21FRAME gc=18 f=67 type=30 slot=164 info=0x92463f0 bitmap_raw=0x00000001 size=1 bits=0x00000000
PROBE21FRAME gc=18 f=68 type=30 slot=166 info=0x92463f0 bitmap_raw=0x00000001 size=1 bits=0x00000000
PROBE21FRAME gc=18 f=69 type=30 slot=168 info=0x92463f0 bitmap_raw=0x00000001 size=1 bits=0x00000000
PROBE21FRAME gc=18 f=70 type=30 slot=170 info=0x92463f0 bitmap_raw=0x00000001 size=1 bits=0x00000000
PROBE21FRAME gc=18 f=71 type=30 slot=172 info=0x921765c bitmap_raw=0x00000000 size=0 bits=0x00000000
PROBE21FRAME gc=18 f=72 type=34 slot=173 info=0x92a27e8 bitmap_raw=0x00000022 size=2 bits=0x00000001
PROBE21FRAME gc=18 f=73 type=30 slot=176 info=0x92463f0 bitmap_raw=0x00000001 size=1 bits=0x00000000
PROBE21FRAME gc=18 f=74 type=30 slot=178 info=0x92463f0 bitmap_raw=0x00000001 size=1 bits=0x00000000
PROBE21FRAME gc=18 f=75 type=30 slot=180 info=0x92463f0 bitmap_raw=0x00000001 size=1 bits=0x00000000
PROBE21FRAME gc=18 f=76 type=30 slot=182 info=0x92463f0 bitmap_raw=0x00000001 size=1 bits=0x00000000
PROBE21FRAME gc=18 f=77 type=30 slot=184 info=0x92463f0 bitmap_raw=0x00000001 size=1 bits=0x00000000
PROBE21FRAME gc=18 f=78 type=30 slot=186 info=0x92463f0 bitmap_raw=0x00000001 size=1 bits=0x00000000
PROBE21FRAME gc=18 f=79 type=30 slot=188 info=0x92463f0 bitmap_raw=0x00000001 size=1 bits=0x00000000
PROBE21FRAME gc=18 f=80 type=30 slot=190 info=0x92462b8 bitmap_raw=0x00000042 size=2 bits=0x00000002
PROBE21BAD gc=18 f=80 type=30 slot=192 pay=1 val=0x0cb543d4 is_ptr=0 bd_gen=0 bd_flags=0x0 deref_ok=1 info=0x0cb54364
PROBE21FRAME gc=18 f=81 type=30 slot=193 info=0x92463f0 bitmap_raw=0x00000001 size=1 bits=0x00000000
PROBE21FRAME gc=18 f=82 type=30 slot=195 info=0x92463f0 bitmap_raw=0x00000001 size=1 bits=0x00000000
PROBE21FRAME gc=18 f=83 type=30 slot=197 info=0x92463f0 bitmap_raw=0x00000001 size=1 bits=0x00000000
PROBE21FRAME gc=18 f=84 type=30 slot=199 info=0x92463f0 bitmap_raw=0x00000001 size=1 bits=0x00000000
PROBE21FRAME gc=18 f=85 type=30 slot=201 info=0x92463f0 bitmap_raw=0x00000001 size=1 bits=0x00000000
PROBE21FRAME gc=18 f=86 type=30 slot=203 info=0x92463f0 bitmap_raw=0x00000001 size=1 bits=0x00000000
PROBE21FRAME gc=18 f=87 type=30 slot=205 info=0x92463f0 bitmap_raw=0x00000001 size=1 bits=0x00000000
PROBE21FRAME gc=18 f=88 type=30 slot=207 info=0x92463f0 bitmap_raw=0x00000001 size=1 bits=0x00000000
PROBE21FRAME gc=18 f=89 type=30 slot=209 info=0x92463f0 bitmap_raw=0x00000001 size=1 bits=0x00000000
PROBE21FRAME gc=18 f=90 type=30 slot=211 info=0x924624c bitmap_raw=0x00000043 size=3 bits=0x00000002
PROBE21BAD gc=18 f=90 type=30 slot=213 pay=1 val=0x0cb2ef7c is_ptr=0 bd_gen=0 bd_flags=0x0 deref_ok=1 info=0x0cef90c9
PROBE21FRAME gc=18 f=91 type=30 slot=215 info=0x92463f0 bitmap_raw=0x00000001 size=1 bits=0x00000000
PROBE21FRAME gc=18 f=92 type=34 slot=217 info=0x92a27e8 bitmap_raw=0x00000022 size=2 bits=0x00000001
PROBE21FRAME gc=18 f=93 type=30 slot=220 info=0x92463f0 bitmap_raw=0x00000001 size=1 bits=0x00000000
PROBE21FRAME gc=18 f=94 type=34 slot=222 info=0x92a27e8 bitmap_raw=0x00000022 size=2 bits=0x00000001
PROBE21FRAME gc=18 f=95 type=30 slot=225 info=0x92a27d0 bitmap_raw=0x00000000 size=0 bits=0x00000000
PROBE21FRAME gc=18 f=96 type=34 slot=226 info=0x92a27e8 bitmap_raw=0x00000022 size=2 bits=0x00000001
PROBE21FRAME gc=18 f=97 type=30 slot=229 info=0x9143d50 bitmap_raw=0x00000043 size=3 bits=0x00000002
PROBE21BAD gc=18 f=97 type=30 slot=231 pay=1 val=0x0cb51339 is_ptr=0 bd_gen=0 bd_flags=0x0 deref_ok=1 info=0x092a2658
PROBE21FRAME gc=18 f=98 type=30 slot=233 info=0x92a27c4 bitmap_raw=0x00000000 size=0 bits=0x00000000
PROBE21FRAME gc=18 f=99 type=30 slot=234 info=0x92463f0 bitmap_raw=0x00000001 size=1 bits=0x00000000
PROBE21FRAME gc=18 f=100 type=30 slot=236 info=0x92a27d0 bitmap_raw=0x00000000 size=0 bits=0x00000000
PROBE21FRAME gc=18 f=101 type=34 slot=237 info=0x92a27e8 bitmap_raw=0x00000022 size=2 bits=0x00000001
PROBE21FRAME gc=18 f=102 type=30 slot=240 info=0x9143d50 bitmap_raw=0x00000043 size=3 bits=0x00000002
PROBE21BAD gc=18 f=102 type=30 slot=242 pay=1 val=0x0cb15ed1 is_ptr=0 bd_gen=0 bd_flags=0x0 deref_ok=1 info=0x0cd1abfd
PROBE21FRAME gc=18 f=103 type=30 slot=244 info=0x92a27c4 bitmap_raw=0x00000000 size=0 bits=0x00000000
PROBE21FRAME gc=18 f=104 type=30 slot=245 info=0x92463f0 bitmap_raw=0x00000001 size=1 bits=0x00000000
PROBE21FRAME gc=18 f=105 type=34 slot=247 info=0x92a27e8 bitmap_raw=0x00000022 size=2 bits=0x00000001
PROBE21FRAME gc=18 f=106 type=34 slot=250 info=0x92a27e8 bitmap_raw=0x00000022 size=2 bits=0x00000001
PROBE21FRAME gc=18 f=107 type=34 slot=253 info=0x92a27e8 bitmap_raw=0x00000022 size=2 bits=0x00000001
PROBE21FRAME gc=18 f=108 type=36 slot=256 info=0x92a3148 bitmap_raw=0x00000000 size=0 bits=0x00000000
PROBE20BAD gc_no=19 slot=15 val=0x0cbfbd66 bd_gen=0 bd_flags=0x0
PROBE20BAD gc_no=19 slot=48 val=0x0cb85a5e bd_gen=0 bd_flags=0x0
PROBE20BAD gc_no=19 slot=50 val=0x0cb85a68 bd_gen=0 bd_flags=0x0
PROBE20BAD gc_no=19 slot=79 val=0x0cb7cee8 bd_gen=0 bd_flags=0x0
PROBE20BAD gc_no=19 slot=118 val=0x0cb7a98c bd_gen=0 bd_flags=0x0
PROBE20BAD gc_no=19 slot=131 val=0x0cb78fcc bd_gen=0 bd_flags=0x0
PROBE20BAD gc_no=19 slot=194 val=0x0cb543d4 bd_gen=0 bd_flags=0x0
PROBE20BAD gc_no=19 slot=215 val=0x0cb2ef7c bd_gen=0 bd_flags=0x0
PROBE20BAD gc_no=19 slot=233 val=0x0cb51339 bd_gen=0 bd_flags=0x0
PROBE20BAD gc_no=19 slot=244 val=0x0cb15ed1 bd_gen=0 bd_flags=0x0
PROBE20 gc_no=19 N=0 major=0 tso=0xce5cd14 stk=0xcde1000 sp=0xcde8bf4 end=0xcde9000 words=259 heap_ptr=124 evacd=114 g0=25 g1=99 other=0 rCurNurs=0xcb01fc0 rCurAlloc=0xcb01fe0 rCurTSO=0x0
PROBE21FRAME gc=19 f=0 type=30 slot=0 info=0x92a28cc bitmap_raw=0x00000062 size=2 bits=0x00000003
PROBE21FRAME gc=19 f=1 type=30 slot=3 info=0x91bb6e0 bitmap_raw=0x00000022 size=2 bits=0x00000001
PROBE21FRAME gc=19 f=3 type=30 slot=8 info=0x91bb394 bitmap_raw=0x000000a3 size=3 bits=0x00000005
PROBE21FRAME gc=19 f=4 type=30 slot=12 info=0x8b947b0 bitmap_raw=0x00000083 size=3 bits=0x00000004
PROBE21BAD gc=19 f=4 type=30 slot=15 pay=2 val=0x0cbfbd66 is_ptr=0 bd_gen=0 bd_flags=0x0 deref_ok=1 info=0x0cd1f759
PROBE21FRAME gc=19 f=5 type=30 slot=16 info=0x908c72c bitmap_raw=0x00000003 size=3 bits=0x00000000
PROBE21FRAME gc=19 f=6 type=30 slot=20 info=0x8e52298 bitmap_raw=0x00000c0a size=10 bits=0x00000060
PROBE21FRAME gc=19 f=7 type=30 slot=31 info=0x9267fa0 bitmap_raw=0x00000000 size=0 bits=0x00000000
PROBE21FRAME gc=19 f=9 type=30 slot=34 info=0x9267fd0 bitmap_raw=0x00000000 size=0 bits=0x00000000
PROBE21FRAME gc=19 f=10 type=30 slot=35 info=0x8e528e0 bitmap_raw=0x00000047 size=7 bits=0x00000002
PROBE21FRAME gc=19 f=11 type=30 slot=43 info=0x8e52acc bitmap_raw=0x00000f09 size=9 bits=0x00000078
PROBE21BAD gc=19 f=11 type=30 slot=48 pay=4 val=0x0cb85a5e is_ptr=0 bd_gen=0 bd_flags=0x0 deref_ok=1 info=0x0cb85a40
PROBE21BAD gc=19 f=11 type=30 slot=50 pay=6 val=0x0cb85a68 is_ptr=0 bd_gen=0 bd_flags=0x0 deref_ok=1 info=0x07fb8cfe
PROBE21FRAME gc=19 f=12 type=30 slot=53 info=0x921765c bitmap_raw=0x00000000 size=0 bits=0x00000000
PROBE21FRAME gc=19 f=13 type=34 slot=54 info=0x92a27e8 bitmap_raw=0x00000022 size=2 bits=0x00000001
PROBE21FRAME gc=19 f=14 type=30 slot=57 info=0x92463f0 bitmap_raw=0x00000001 size=1 bits=0x00000000
PROBE21FRAME gc=19 f=15 type=30 slot=59 info=0x92463f0 bitmap_raw=0x00000001 size=1 bits=0x00000000
PROBE21FRAME gc=19 f=16 type=30 slot=61 info=0x92463f0 bitmap_raw=0x00000001 size=1 bits=0x00000000
PROBE21FRAME gc=19 f=17 type=30 slot=63 info=0x92463f0 bitmap_raw=0x00000001 size=1 bits=0x00000000
PROBE21FRAME gc=19 f=18 type=30 slot=65 info=0x92463f0 bitmap_raw=0x00000001 size=1 bits=0x00000000
PROBE21FRAME gc=19 f=19 type=30 slot=67 info=0x92463f0 bitmap_raw=0x00000001 size=1 bits=0x00000000
PROBE21FRAME gc=19 f=20 type=30 slot=69 info=0x92463f0 bitmap_raw=0x00000001 size=1 bits=0x00000000
PROBE21FRAME gc=19 f=21 type=30 slot=71 info=0x92463f0 bitmap_raw=0x00000001 size=1 bits=0x00000000
PROBE21FRAME gc=19 f=22 type=30 slot=73 info=0x92463f0 bitmap_raw=0x00000001 size=1 bits=0x00000000
PROBE21FRAME gc=19 f=23 type=30 slot=75 info=0x92463f0 bitmap_raw=0x00000001 size=1 bits=0x00000000
PROBE21FRAME gc=19 f=24 type=30 slot=77 info=0x92462b8 bitmap_raw=0x00000042 size=2 bits=0x00000002
PROBE21BAD gc=19 f=24 type=30 slot=79 pay=1 val=0x0cb7cee8 is_ptr=0 bd_gen=0 bd_flags=0x0 deref_ok=1 info=0x0d9de405
PROBE21FRAME gc=19 f=25 type=30 slot=80 info=0x92463f0 bitmap_raw=0x00000001 size=1 bits=0x00000000
PROBE21FRAME gc=19 f=26 type=30 slot=82 info=0x92463f0 bitmap_raw=0x00000001 size=1 bits=0x00000000
PROBE21FRAME gc=19 f=27 type=30 slot=84 info=0x92463f0 bitmap_raw=0x00000001 size=1 bits=0x00000000
PROBE21FRAME gc=19 f=28 type=30 slot=86 info=0x92463f0 bitmap_raw=0x00000001 size=1 bits=0x00000000
PROBE21FRAME gc=19 f=29 type=30 slot=88 info=0x92463f0 bitmap_raw=0x00000001 size=1 bits=0x00000000
PROBE21FRAME gc=19 f=30 type=30 slot=90 info=0x92463f0 bitmap_raw=0x00000001 size=1 bits=0x00000000
PROBE21FRAME gc=19 f=31 type=30 slot=92 info=0x92463f0 bitmap_raw=0x00000001 size=1 bits=0x00000000
PROBE21FRAME gc=19 f=32 type=30 slot=94 info=0x92463f0 bitmap_raw=0x00000001 size=1 bits=0x00000000
PROBE21FRAME gc=19 f=33 type=30 slot=96 info=0x92463f0 bitmap_raw=0x00000001 size=1 bits=0x00000000
PROBE21FRAME gc=19 f=34 type=30 slot=98 info=0x92463f0 bitmap_raw=0x00000001 size=1 bits=0x00000000
PROBE21FRAME gc=19 f=35 type=30 slot=100 info=0x92463f0 bitmap_raw=0x00000001 size=1 bits=0x00000000
PROBE21FRAME gc=19 f=36 type=30 slot=102 info=0x92463f0 bitmap_raw=0x00000001 size=1 bits=0x00000000
PROBE21FRAME gc=19 f=37 type=30 slot=104 info=0x92463f0 bitmap_raw=0x00000001 size=1 bits=0x00000000
PROBE21FRAME gc=19 f=38 type=30 slot=106 info=0x92463f0 bitmap_raw=0x00000001 size=1 bits=0x00000000
PROBE21FRAME gc=19 f=39 type=30 slot=108 info=0x92463f0 bitmap_raw=0x00000001 size=1 bits=0x00000000
PROBE21FRAME gc=19 f=40 type=30 slot=110 info=0x92463f0 bitmap_raw=0x00000001 size=1 bits=0x00000000
PROBE21FRAME gc=19 f=41 type=30 slot=112 info=0x92463f0 bitmap_raw=0x00000001 size=1 bits=0x00000000
PROBE21FRAME gc=19 f=42 type=30 slot=114 info=0x92463f0 bitmap_raw=0x00000001 size=1 bits=0x00000000
PROBE21FRAME gc=19 f=43 type=30 slot=116 info=0x92462b8 bitmap_raw=0x00000042 size=2 bits=0x00000002
PROBE21BAD gc=19 f=43 type=30 slot=118 pay=1 val=0x0cb7a98c is_ptr=0 bd_gen=0 bd_flags=0x0 deref_ok=1 info=0x0ce58c8d
PROBE21FRAME gc=19 f=44 type=30 slot=119 info=0x9246294 bitmap_raw=0x00000001 size=1 bits=0x00000000
PROBE21FRAME gc=19 f=45 type=30 slot=121 info=0x92463f0 bitmap_raw=0x00000001 size=1 bits=0x00000000
PROBE21FRAME gc=19 f=46 type=30 slot=123 info=0x92463f0 bitmap_raw=0x00000001 size=1 bits=0x00000000
PROBE21FRAME gc=19 f=47 type=30 slot=125 info=0x92463f0 bitmap_raw=0x00000001 size=1 bits=0x00000000
PROBE21FRAME gc=19 f=48 type=30 slot=127 info=0x92463f0 bitmap_raw=0x00000001 size=1 bits=0x00000000
PROBE21FRAME gc=19 f=49 type=30 slot=129 info=0x92462b8 bitmap_raw=0x00000042 size=2 bits=0x00000002
PROBE21BAD gc=19 f=49 type=30 slot=131 pay=1 val=0x0cb78fcc is_ptr=0 bd_gen=0 bd_flags=0x0 deref_ok=1 info=0x0cb7ad32
PROBE21FRAME gc=19 f=50 type=30 slot=132 info=0x9246294 bitmap_raw=0x00000001 size=1 bits=0x00000000
PROBE21FRAME gc=19 f=51 type=30 slot=134 info=0x92463f0 bitmap_raw=0x00000001 size=1 bits=0x00000000
PROBE21FRAME gc=19 f=52 type=30 slot=136 info=0x92463f0 bitmap_raw=0x00000001 size=1 bits=0x00000000
PROBE21FRAME gc=19 f=53 type=30 slot=138 info=0x92463f0 bitmap_raw=0x00000001 size=1 bits=0x00000000
PROBE21FRAME gc=19 f=54 type=30 slot=140 info=0x92463f0 bitmap_raw=0x00000001 size=1 bits=0x00000000
PROBE21FRAME gc=19 f=55 type=30 slot=142 info=0x92463f0 bitmap_raw=0x00000001 size=1 bits=0x00000000
PROBE21FRAME gc=19 f=56 type=30 slot=144 info=0x92463f0 bitmap_raw=0x00000001 size=1 bits=0x00000000
PROBE21FRAME gc=19 f=57 type=30 slot=146 info=0x92463f0 bitmap_raw=0x00000001 size=1 bits=0x00000000
PROBE21FRAME gc=19 f=58 type=30 slot=148 info=0x92463f0 bitmap_raw=0x00000001 size=1 bits=0x00000000
PROBE21FRAME gc=19 f=59 type=30 slot=150 info=0x92463f0 bitmap_raw=0x00000001 size=1 bits=0x00000000
PROBE21FRAME gc=19 f=60 type=30 slot=152 info=0x921765c bitmap_raw=0x00000000 size=0 bits=0x00000000
PROBE21FRAME gc=19 f=61 type=34 slot=153 info=0x92a27e8 bitmap_raw=0x00000022 size=2 bits=0x00000001
PROBE21FRAME gc=19 f=62 type=30 slot=156 info=0x92463f0 bitmap_raw=0x00000001 size=1 bits=0x00000000
PROBE21FRAME gc=19 f=63 type=30 slot=158 info=0x92463f0 bitmap_raw=0x00000001 size=1 bits=0x00000000
PROBE21FRAME gc=19 f=64 type=30 slot=160 info=0x92463f0 bitmap_raw=0x00000001 size=1 bits=0x00000000
PROBE21FRAME gc=19 f=65 type=30 slot=162 info=0x92463f0 bitmap_raw=0x00000001 size=1 bits=0x00000000
PROBE21FRAME gc=19 f=66 type=30 slot=164 info=0x92463f0 bitmap_raw=0x00000001 size=1 bits=0x00000000
PROBE21FRAME gc=19 f=67 type=30 slot=166 info=0x92463f0 bitmap_raw=0x00000001 size=1 bits=0x00000000
PROBE21FRAME gc=19 f=68 type=30 slot=168 info=0x92463f0 bitmap_raw=0x00000001 size=1 bits=0x00000000
PROBE21FRAME gc=19 f=69 type=30 slot=170 info=0x92463f0 bitmap_raw=0x00000001 size=1 bits=0x00000000
PROBE21FRAME gc=19 f=70 type=30 slot=172 info=0x92463f0 bitmap_raw=0x00000001 size=1 bits=0x00000000
PROBE21FRAME gc=19 f=71 type=30 slot=174 info=0x921765c bitmap_raw=0x00000000 size=0 bits=0x00000000
PROBE21FRAME gc=19 f=72 type=34 slot=175 info=0x92a27e8 bitmap_raw=0x00000022 size=2 bits=0x00000001
PROBE21FRAME gc=19 f=73 type=30 slot=178 info=0x92463f0 bitmap_raw=0x00000001 size=1 bits=0x00000000
PROBE21FRAME gc=19 f=74 type=30 slot=180 info=0x92463f0 bitmap_raw=0x00000001 size=1 bits=0x00000000
PROBE21FRAME gc=19 f=75 type=30 slot=182 info=0x92463f0 bitmap_raw=0x00000001 size=1 bits=0x00000000
PROBE21FRAME gc=19 f=76 type=30 slot=184 info=0x92463f0 bitmap_raw=0x00000001 size=1 bits=0x00000000
PROBE21FRAME gc=19 f=77 type=30 slot=186 info=0x92463f0 bitmap_raw=0x00000001 size=1 bits=0x00000000
PROBE21FRAME gc=19 f=78 type=30 slot=188 info=0x92463f0 bitmap_raw=0x00000001 size=1 bits=0x00000000
PROBE21FRAME gc=19 f=79 type=30 slot=190 info=0x92463f0 bitmap_raw=0x00000001 size=1 bits=0x00000000
PROBE21FRAME gc=19 f=80 type=30 slot=192 info=0x92462b8 bitmap_raw=0x00000042 size=2 bits=0x00000002
PROBE21BAD gc=19 f=80 type=30 slot=194 pay=1 val=0x0cb543d4 is_ptr=0 bd_gen=0 bd_flags=0x0 deref_ok=1 info=0x0cb54406
PROBE21FRAME gc=19 f=81 type=30 slot=195 info=0x92463f0 bitmap_raw=0x00000001 size=1 bits=0x00000000
PROBE21FRAME gc=19 f=82 type=30 slot=197 info=0x92463f0 bitmap_raw=0x00000001 size=1 bits=0x00000000
PROBE21FRAME gc=19 f=83 type=30 slot=199 info=0x92463f0 bitmap_raw=0x00000001 size=1 bits=0x00000000
PROBE21FRAME gc=19 f=84 type=30 slot=201 info=0x92463f0 bitmap_raw=0x00000001 size=1 bits=0x00000000
PROBE21FRAME gc=19 f=85 type=30 slot=203 info=0x92463f0 bitmap_raw=0x00000001 size=1 bits=0x00000000
PROBE21FRAME gc=19 f=86 type=30 slot=205 info=0x92463f0 bitmap_raw=0x00000001 size=1 bits=0x00000000
PROBE21FRAME gc=19 f=87 type=30 slot=207 info=0x92463f0 bitmap_raw=0x00000001 size=1 bits=0x00000000
PROBE21FRAME gc=19 f=88 type=30 slot=209 info=0x92463f0 bitmap_raw=0x00000001 size=1 bits=0x00000000
PROBE21FRAME gc=19 f=89 type=30 slot=211 info=0x92463f0 bitmap_raw=0x00000001 size=1 bits=0x00000000
PROBE21FRAME gc=19 f=90 type=30 slot=213 info=0x924624c bitmap_raw=0x00000043 size=3 bits=0x00000002
PROBE21BAD gc=19 f=90 type=30 slot=215 pay=1 val=0x0cb2ef7c is_ptr=0 bd_gen=0 bd_flags=0x0 deref_ok=1 info=0x0ce58c8d
PROBE21FRAME gc=19 f=91 type=30 slot=217 info=0x92463f0 bitmap_raw=0x00000001 size=1 bits=0x00000000
PROBE21FRAME gc=19 f=92 type=34 slot=219 info=0x92a27e8 bitmap_raw=0x00000022 size=2 bits=0x00000001
PROBE21FRAME gc=19 f=93 type=30 slot=222 info=0x92463f0 bitmap_raw=0x00000001 size=1 bits=0x00000000
PROBE21FRAME gc=19 f=94 type=34 slot=224 info=0x92a27e8 bitmap_raw=0x00000022 size=2 bits=0x00000001
PROBE21FRAME gc=19 f=95 type=30 slot=227 info=0x92a27d0 bitmap_raw=0x00000000 size=0 bits=0x00000000
PROBE21FRAME gc=19 f=96 type=34 slot=228 info=0x92a27e8 bitmap_raw=0x00000022 size=2 bits=0x00000001
PROBE21FRAME gc=19 f=97 type=30 slot=231 info=0x9143d50 bitmap_raw=0x00000043 size=3 bits=0x00000002
PROBE21BAD gc=19 f=97 type=30 slot=233 pay=1 val=0x0cb51339 is_ptr=0 bd_gen=0 bd_flags=0x0 deref_ok=1 info=0x0ce5a91d
PROBE21FRAME gc=19 f=98 type=30 slot=235 info=0x92a27c4 bitmap_raw=0x00000000 size=0 bits=0x00000000
PROBE21FRAME gc=19 f=99 type=30 slot=236 info=0x92463f0 bitmap_raw=0x00000001 size=1 bits=0x00000000
PROBE21FRAME gc=19 f=100 type=30 slot=238 info=0x92a27d0 bitmap_raw=0x00000000 size=0 bits=0x00000000
PROBE21FRAME gc=19 f=101 type=34 slot=239 info=0x92a27e8 bitmap_raw=0x00000022 size=2 bits=0x00000001
PROBE21FRAME gc=19 f=102 type=30 slot=242 info=0x9143d50 bitmap_raw=0x00000043 size=3 bits=0x00000002
PROBE21BAD gc=19 f=102 type=30 slot=244 pay=1 val=0x0cb15ed1 is_ptr=0 bd_gen=0 bd_flags=0x0 deref_ok=1 info=0x0cb15e78
PROBE21FRAME gc=19 f=103 type=30 slot=246 info=0x92a27c4 bitmap_raw=0x00000000 size=0 bits=0x00000000
PROBE21FRAME gc=19 f=104 type=30 slot=247 info=0x92463f0 bitmap_raw=0x00000001 size=1 bits=0x00000000
PROBE21FRAME gc=19 f=105 type=34 slot=249 info=0x92a27e8 bitmap_raw=0x00000022 size=2 bits=0x00000001
PROBE21FRAME gc=19 f=106 type=34 slot=252 info=0x92a27e8 bitmap_raw=0x00000022 size=2 bits=0x00000001
PROBE21FRAME gc=19 f=107 type=34 slot=255 info=0x92a27e8 bitmap_raw=0x00000022 size=2 bits=0x00000001
PROBE21FRAME gc=19 f=108 type=36 slot=258 info=0x92a3148 bitmap_raw=0x00000000 size=0 bits=0x00000000
PROBE20BAD gc_no=20 slot=46 val=0x0cb85a5e bd_gen=0 bd_flags=0x0
PROBE20BAD gc_no=20 slot=48 val=0x0cb85a68 bd_gen=0 bd_flags=0x0
PROBE20BAD gc_no=20 slot=77 val=0x0cb7cee8 bd_gen=0 bd_flags=0x0
PROBE20BAD gc_no=20 slot=116 val=0x0cb7a98c bd_gen=0 bd_flags=0x0
PROBE20BAD gc_no=20 slot=129 val=0x0cb78fcc bd_gen=0 bd_flags=0x0
PROBE20BAD gc_no=20 slot=192 val=0x0cb543d4 bd_gen=0 bd_flags=0x0
PROBE20BAD gc_no=20 slot=213 val=0x0cb2ef7c bd_gen=0 bd_flags=0x0
PROBE20BAD gc_no=20 slot=231 val=0x0cb51339 bd_gen=0 bd_flags=0x0
PROBE20BAD gc_no=20 slot=242 val=0x0cb15ed1 bd_gen=0 bd_flags=0x0
PROBE20 gc_no=20 N=0 major=0 tso=0xce5cd14 stk=0xcde1000 sp=0xcde8bfc end=0xcde9000 words=257 heap_ptr=123 evacd=114 g0=21 g1=102 other=0 rCurNurs=0xcb01fc0 rCurAlloc=0xcb01e60 rCurTSO=0x0
PROBE21FRAME gc=20 f=0 type=30 slot=0 info=0x92a28cc bitmap_raw=0x00000062 size=2 bits=0x00000003
PROBE21FRAME gc=20 f=1 type=30 slot=3 info=0x91b7eac bitmap_raw=0x00000022 size=2 bits=0x00000001
PROBE21FRAME gc=20 f=3 type=30 slot=8 info=0x91bb388 bitmap_raw=0x00000001 size=1 bits=0x00000000
PROBE21FRAME gc=20 f=4 type=30 slot=10 info=0x8b94700 bitmap_raw=0x00000003 size=3 bits=0x00000000
PROBE21FRAME gc=20 f=5 type=30 slot=14 info=0x908c72c bitmap_raw=0x00000003 size=3 bits=0x00000000
PROBE21FRAME gc=20 f=6 type=30 slot=18 info=0x8e52298 bitmap_raw=0x00000c0a size=10 bits=0x00000060
PROBE21FRAME gc=20 f=7 type=30 slot=29 info=0x9267fa0 bitmap_raw=0x00000000 size=0 bits=0x00000000
PROBE21FRAME gc=20 f=9 type=30 slot=32 info=0x9267fd0 bitmap_raw=0x00000000 size=0 bits=0x00000000
PROBE21FRAME gc=20 f=10 type=30 slot=33 info=0x8e528e0 bitmap_raw=0x00000047 size=7 bits=0x00000002
PROBE21FRAME gc=20 f=11 type=30 slot=41 info=0x8e52acc bitmap_raw=0x00000f09 size=9 bits=0x00000078
PROBE21BAD gc=20 f=11 type=30 slot=46 pay=4 val=0x0cb85a5e is_ptr=0 bd_gen=0 bd_flags=0x0 deref_ok=1 info=0x0cd1bec5
PROBE21BAD gc=20 f=11 type=30 slot=48 pay=6 val=0x0cb85a68 is_ptr=0 bd_gen=0 bd_flags=0x0 deref_ok=1 info=0x0cb85441
PROBE21FRAME gc=20 f=12 type=30 slot=51 info=0x921765c bitmap_raw=0x00000000 size=0 bits=0x00000000
PROBE21FRAME gc=20 f=13 type=34 slot=52 info=0x92a27e8 bitmap_raw=0x00000022 size=2 bits=0x00000001
PROBE21FRAME gc=20 f=14 type=30 slot=55 info=0x92463f0 bitmap_raw=0x00000001 size=1 bits=0x00000000
PROBE21FRAME gc=20 f=15 type=30 slot=57 info=0x92463f0 bitmap_raw=0x00000001 size=1 bits=0x00000000
PROBE21FRAME gc=20 f=16 type=30 slot=59 info=0x92463f0 bitmap_raw=0x00000001 size=1 bits=0x00000000
PROBE21FRAME gc=20 f=17 type=30 slot=61 info=0x92463f0 bitmap_raw=0x00000001 size=1 bits=0x00000000
PROBE21FRAME gc=20 f=18 type=30 slot=63 info=0x92463f0 bitmap_raw=0x00000001 size=1 bits=0x00000000
PROBE21FRAME gc=20 f=19 type=30 slot=65 info=0x92463f0 bitmap_raw=0x00000001 size=1 bits=0x00000000
PROBE21FRAME gc=20 f=20 type=30 slot=67 info=0x92463f0 bitmap_raw=0x00000001 size=1 bits=0x00000000
PROBE21FRAME gc=20 f=21 type=30 slot=69 info=0x92463f0 bitmap_raw=0x00000001 size=1 bits=0x00000000
PROBE21FRAME gc=20 f=22 type=30 slot=71 info=0x92463f0 bitmap_raw=0x00000001 size=1 bits=0x00000000
PROBE21FRAME gc=20 f=23 type=30 slot=73 info=0x92463f0 bitmap_raw=0x00000001 size=1 bits=0x00000000
PROBE21FRAME gc=20 f=24 type=30 slot=75 info=0x92462b8 bitmap_raw=0x00000042 size=2 bits=0x00000002
PROBE21BAD gc=20 f=24 type=30 slot=77 pay=1 val=0x0cb7cee8 is_ptr=0 bd_gen=0 bd_flags=0x0 deref_ok=1 info=0x0d9de405
PROBE21FRAME gc=20 f=25 type=30 slot=78 info=0x92463f0 bitmap_raw=0x00000001 size=1 bits=0x00000000
PROBE21FRAME gc=20 f=26 type=30 slot=80 info=0x92463f0 bitmap_raw=0x00000001 size=1 bits=0x00000000
PROBE21FRAME gc=20 f=27 type=30 slot=82 info=0x92463f0 bitmap_raw=0x00000001 size=1 bits=0x00000000
PROBE21FRAME gc=20 f=28 type=30 slot=84 info=0x92463f0 bitmap_raw=0x00000001 size=1 bits=0x00000000
PROBE21FRAME gc=20 f=29 type=30 slot=86 info=0x92463f0 bitmap_raw=0x00000001 size=1 bits=0x00000000
PROBE21FRAME gc=20 f=30 type=30 slot=88 info=0x92463f0 bitmap_raw=0x00000001 size=1 bits=0x00000000
PROBE21FRAME gc=20 f=31 type=30 slot=90 info=0x92463f0 bitmap_raw=0x00000001 size=1 bits=0x00000000
PROBE21FRAME gc=20 f=32 type=30 slot=92 info=0x92463f0 bitmap_raw=0x00000001 size=1 bits=0x00000000
PROBE21FRAME gc=20 f=33 type=30 slot=94 info=0x92463f0 bitmap_raw=0x00000001 size=1 bits=0x00000000
PROBE21FRAME gc=20 f=34 type=30 slot=96 info=0x92463f0 bitmap_raw=0x00000001 size=1 bits=0x00000000
PROBE21FRAME gc=20 f=35 type=30 slot=98 info=0x92463f0 bitmap_raw=0x00000001 size=1 bits=0x00000000
PROBE21FRAME gc=20 f=36 type=30 slot=100 info=0x92463f0 bitmap_raw=0x00000001 size=1 bits=0x00000000
PROBE21FRAME gc=20 f=37 type=30 slot=102 info=0x92463f0 bitmap_raw=0x00000001 size=1 bits=0x00000000
PROBE21FRAME gc=20 f=38 type=30 slot=104 info=0x92463f0 bitmap_raw=0x00000001 size=1 bits=0x00000000
PROBE21FRAME gc=20 f=39 type=30 slot=106 info=0x92463f0 bitmap_raw=0x00000001 size=1 bits=0x00000000
PROBE21FRAME gc=20 f=40 type=30 slot=108 info=0x92463f0 bitmap_raw=0x00000001 size=1 bits=0x00000000
PROBE21FRAME gc=20 f=41 type=30 slot=110 info=0x92463f0 bitmap_raw=0x00000001 size=1 bits=0x00000000
PROBE21FRAME gc=20 f=42 type=30 slot=112 info=0x92463f0 bitmap_raw=0x00000001 size=1 bits=0x00000000
PROBE21FRAME gc=20 f=43 type=30 slot=114 info=0x92462b8 bitmap_raw=0x00000042 size=2 bits=0x00000002
PROBE21BAD gc=20 f=43 type=30 slot=116 pay=1 val=0x0cb7a98c is_ptr=0 bd_gen=0 bd_flags=0x0 deref_ok=1 info=0x0cb78f71
PROBE21FRAME gc=20 f=44 type=30 slot=117 info=0x9246294 bitmap_raw=0x00000001 size=1 bits=0x00000000
PROBE21FRAME gc=20 f=45 type=30 slot=119 info=0x92463f0 bitmap_raw=0x00000001 size=1 bits=0x00000000
PROBE21FRAME gc=20 f=46 type=30 slot=121 info=0x92463f0 bitmap_raw=0x00000001 size=1 bits=0x00000000
PROBE21FRAME gc=20 f=47 type=30 slot=123 info=0x92463f0 bitmap_raw=0x00000001 size=1 bits=0x00000000
PROBE21FRAME gc=20 f=48 type=30 slot=125 info=0x92463f0 bitmap_raw=0x00000001 size=1 bits=0x00000000
PROBE21FRAME gc=20 f=49 type=30 slot=127 info=0x92462b8 bitmap_raw=0x00000042 size=2 bits=0x00000002
PROBE21BAD gc=20 f=49 type=30 slot=129 pay=1 val=0x0cb78fcc is_ptr=0 bd_gen=0 bd_flags=0x0 deref_ok=1 info=0x0ce5a91d
PROBE21FRAME gc=20 f=50 type=30 slot=130 info=0x9246294 bitmap_raw=0x00000001 size=1 bits=0x00000000
PROBE21FRAME gc=20 f=51 type=30 slot=132 info=0x92463f0 bitmap_raw=0x00000001 size=1 bits=0x00000000
PROBE21FRAME gc=20 f=52 type=30 slot=134 info=0x92463f0 bitmap_raw=0x00000001 size=1 bits=0x00000000
PROBE21FRAME gc=20 f=53 type=30 slot=136 info=0x92463f0 bitmap_raw=0x00000001 size=1 bits=0x00000000
PROBE21FRAME gc=20 f=54 type=30 slot=138 info=0x92463f0 bitmap_raw=0x00000001 size=1 bits=0x00000000
PROBE21FRAME gc=20 f=55 type=30 slot=140 info=0x92463f0 bitmap_raw=0x00000001 size=1 bits=0x00000000
PROBE21FRAME gc=20 f=56 type=30 slot=142 info=0x92463f0 bitmap_raw=0x00000001 size=1 bits=0x00000000
PROBE21FRAME gc=20 f=57 type=30 slot=144 info=0x92463f0 bitmap_raw=0x00000001 size=1 bits=0x00000000
PROBE21FRAME gc=20 f=58 type=30 slot=146 info=0x92463f0 bitmap_raw=0x00000001 size=1 bits=0x00000000
PROBE21FRAME gc=20 f=59 type=30 slot=148 info=0x92463f0 bitmap_raw=0x00000001 size=1 bits=0x00000000
PROBE21FRAME gc=20 f=60 type=30 slot=150 info=0x921765c bitmap_raw=0x00000000 size=0 bits=0x00000000
PROBE21FRAME gc=20 f=61 type=34 slot=151 info=0x92a27e8 bitmap_raw=0x00000022 size=2 bits=0x00000001
PROBE21FRAME gc=20 f=62 type=30 slot=154 info=0x92463f0 bitmap_raw=0x00000001 size=1 bits=0x00000000
PROBE21FRAME gc=20 f=63 type=30 slot=156 info=0x92463f0 bitmap_raw=0x00000001 size=1 bits=0x00000000
PROBE21FRAME gc=20 f=64 type=30 slot=158 info=0x92463f0 bitmap_raw=0x00000001 size=1 bits=0x00000000
PROBE21FRAME gc=20 f=65 type=30 slot=160 info=0x92463f0 bitmap_raw=0x00000001 size=1 bits=0x00000000
PROBE21FRAME gc=20 f=66 type=30 slot=162 info=0x92463f0 bitmap_raw=0x00000001 size=1 bits=0x00000000
PROBE21FRAME gc=20 f=67 type=30 slot=164 info=0x92463f0 bitmap_raw=0x00000001 size=1 bits=0x00000000
PROBE21FRAME gc=20 f=68 type=30 slot=166 info=0x92463f0 bitmap_raw=0x00000001 size=1 bits=0x00000000
PROBE21FRAME gc=20 f=69 type=30 slot=168 info=0x92463f0 bitmap_raw=0x00000001 size=1 bits=0x00000000
PROBE21FRAME gc=20 f=70 type=30 slot=170 info=0x92463f0 bitmap_raw=0x00000001 size=1 bits=0x00000000
PROBE21FRAME gc=20 f=71 type=30 slot=172 info=0x921765c bitmap_raw=0x00000000 size=0 bits=0x00000000
PROBE21FRAME gc=20 f=72 type=34 slot=173 info=0x92a27e8 bitmap_raw=0x00000022 size=2 bits=0x00000001
PROBE21FRAME gc=20 f=73 type=30 slot=176 info=0x92463f0 bitmap_raw=0x00000001 size=1 bits=0x00000000
PROBE21FRAME gc=20 f=74 type=30 slot=178 info=0x92463f0 bitmap_raw=0x00000001 size=1 bits=0x00000000
PROBE21FRAME gc=20 f=75 type=30 slot=180 info=0x92463f0 bitmap_raw=0x00000001 size=1 bits=0x00000000
PROBE21FRAME gc=20 f=76 type=30 slot=182 info=0x92463f0 bitmap_raw=0x00000001 size=1 bits=0x00000000
PROBE21FRAME gc=20 f=77 type=30 slot=184 info=0x92463f0 bitmap_raw=0x00000001 size=1 bits=0x00000000
PROBE21FRAME gc=20 f=78 type=30 slot=186 info=0x92463f0 bitmap_raw=0x00000001 size=1 bits=0x00000000
PROBE21FRAME gc=20 f=79 type=30 slot=188 info=0x92463f0 bitmap_raw=0x00000001 size=1 bits=0x00000000
PROBE21FRAME gc=20 f=80 type=30 slot=190 info=0x92462b8 bitmap_raw=0x00000042 size=2 bits=0x00000002
PROBE21BAD gc=20 f=80 type=30 slot=192 pay=1 val=0x0cb543d4 is_ptr=0 bd_gen=0 bd_flags=0x0 deref_ok=1 info=0x092a2e04
PROBE21FRAME gc=20 f=81 type=30 slot=193 info=0x92463f0 bitmap_raw=0x00000001 size=1 bits=0x00000000
PROBE21FRAME gc=20 f=82 type=30 slot=195 info=0x92463f0 bitmap_raw=0x00000001 size=1 bits=0x00000000
PROBE21FRAME gc=20 f=83 type=30 slot=197 info=0x92463f0 bitmap_raw=0x00000001 size=1 bits=0x00000000
PROBE21FRAME gc=20 f=84 type=30 slot=199 info=0x92463f0 bitmap_raw=0x00000001 size=1 bits=0x00000000
PROBE21FRAME gc=20 f=85 type=30 slot=201 info=0x92463f0 bitmap_raw=0x00000001 size=1 bits=0x00000000
PROBE21FRAME gc=20 f=86 type=30 slot=203 info=0x92463f0 bitmap_raw=0x00000001 size=1 bits=0x00000000
PROBE21FRAME gc=20 f=87 type=30 slot=205 info=0x92463f0 bitmap_raw=0x00000001 size=1 bits=0x00000000
PROBE21FRAME gc=20 f=88 type=30 slot=207 info=0x92463f0 bitmap_raw=0x00000001 size=1 bits=0x00000000
PROBE21FRAME gc=20 f=89 type=30 slot=209 info=0x92463f0 bitmap_raw=0x00000001 size=1 bits=0x00000000
PROBE21FRAME gc=20 f=90 type=30 slot=211 info=0x924624c bitmap_raw=0x00000043 size=3 bits=0x00000002
PROBE21BAD gc=20 f=90 type=30 slot=213 pay=1 val=0x0cb2ef7c is_ptr=0 bd_gen=0 bd_flags=0x0 deref_ok=1 info=0x0cb2eff1
PROBE21FRAME gc=20 f=91 type=30 slot=215 info=0x92463f0 bitmap_raw=0x00000001 size=1 bits=0x00000000
PROBE21FRAME gc=20 f=92 type=34 slot=217 info=0x92a27e8 bitmap_raw=0x00000022 size=2 bits=0x00000001
PROBE21FRAME gc=20 f=93 type=30 slot=220 info=0x92463f0 bitmap_raw=0x00000001 size=1 bits=0x00000000
PROBE21FRAME gc=20 f=94 type=34 slot=222 info=0x92a27e8 bitmap_raw=0x00000022 size=2 bits=0x00000001
PROBE21FRAME gc=20 f=95 type=30 slot=225 info=0x92a27d0 bitmap_raw=0x00000000 size=0 bits=0x00000000
PROBE21FRAME gc=20 f=96 type=34 slot=226 info=0x92a27e8 bitmap_raw=0x00000022 size=2 bits=0x00000001
PROBE21FRAME gc=20 f=97 type=30 slot=229 info=0x9143d50 bitmap_raw=0x00000043 size=3 bits=0x00000002
PROBE21BAD gc=20 f=97 type=30 slot=231 pay=1 val=0x0cb51339 is_ptr=0 bd_gen=0 bd_flags=0x0 deref_ok=1 info=0x07fb8d17
PROBE21FRAME gc=20 f=98 type=30 slot=233 info=0x92a27c4 bitmap_raw=0x00000000 size=0 bits=0x00000000
PROBE21FRAME gc=20 f=99 type=30 slot=234 info=0x92463f0 bitmap_raw=0x00000001 size=1 bits=0x00000000
PROBE21FRAME gc=20 f=100 type=30 slot=236 info=0x92a27d0 bitmap_raw=0x00000000 size=0 bits=0x00000000
PROBE21FRAME gc=20 f=101 type=34 slot=237 info=0x92a27e8 bitmap_raw=0x00000022 size=2 bits=0x00000001
PROBE21FRAME gc=20 f=102 type=30 slot=240 info=0x9143d50 bitmap_raw=0x00000043 size=3 bits=0x00000002
PROBE21BAD gc=20 f=102 type=30 slot=242 pay=1 val=0x0cb15ed1 is_ptr=0 bd_gen=0 bd_flags=0x0 deref_ok=1 info=0x0cb15ee9
PROBE21FRAME gc=20 f=103 type=30 slot=244 info=0x92a27c4 bitmap_raw=0x00000000 size=0 bits=0x00000000
PROBE21FRAME gc=20 f=104 type=30 slot=245 info=0x92463f0 bitmap_raw=0x00000001 size=1 bits=0x00000000
PROBE21FRAME gc=20 f=105 type=34 slot=247 info=0x92a27e8 bitmap_raw=0x00000022 size=2 bits=0x00000001
PROBE21FRAME gc=20 f=106 type=34 slot=250 info=0x92a27e8 bitmap_raw=0x00000022 size=2 bits=0x00000001
PROBE21FRAME gc=20 f=107 type=34 slot=253 info=0x92a27e8 bitmap_raw=0x00000022 size=2 bits=0x00000001
PROBE21FRAME gc=20 f=108 type=36 slot=256 info=0x92a3148 bitmap_raw=0x00000000 size=0 bits=0x00000000
PROBE20BAD gc_no=21 slot=1497 val=0x0cb85a5e bd_gen=0 bd_flags=0x0
PROBE20BAD gc_no=21 slot=1499 val=0x0cb85a68 bd_gen=0 bd_flags=0x0
PROBE20BAD gc_no=21 slot=1528 val=0x0cb7cee8 bd_gen=0 bd_flags=0x0
PROBE20BAD gc_no=21 slot=1567 val=0x0cb7a98c bd_gen=0 bd_flags=0x0
PROBE20BAD gc_no=21 slot=1580 val=0x0cb78fcc bd_gen=0 bd_flags=0x0
PROBE20BAD gc_no=21 slot=1643 val=0x0cb543d4 bd_gen=0 bd_flags=0x0
PROBE20BAD gc_no=21 slot=1664 val=0x0cb2ef7c bd_gen=0 bd_flags=0x0
PROBE20BAD gc_no=21 slot=1682 val=0x0cb51339 bd_gen=0 bd_flags=0x0
PROBE20BAD gc_no=21 slot=1693 val=0x0cb15ed1 bd_gen=0 bd_flags=0x0
PROBE20 gc_no=21 N=1 major=1 tso=0xd9e17d8 stk=0xcde1000 sp=0xcde7550 end=0xcde9000 words=1708 heap_ptr=842 evacd=833 g0=751 g1=91 other=0 rCurNurs=0xcb01fc0 rCurAlloc=0xcb01860 rCurTSO=0x0
PROBE21FRAME gc=21 f=0 type=30 slot=0 info=0x92a28cc bitmap_raw=0x00000062 size=2 bits=0x00000003
PROBE21FRAME gc=21 f=1 type=30 slot=3 info=0x8cfcaf4 bitmap_raw=0x00000001 size=1 bits=0x00000000
PROBE21FRAME gc=21 f=2 type=30 slot=5 info=0x90ca798 bitmap_raw=0x00000000 size=0 bits=0x00000000
PROBE21FRAME gc=21 f=3 type=30 slot=6 info=0x908e9f0 bitmap_raw=0x00000001 size=1 bits=0x00000000
PROBE21FRAME gc=21 f=6 type=30 slot=12 info=0x908e7d0 bitmap_raw=0x00000000 size=0 bits=0x00000000
PROBE21FRAME gc=21 f=7 type=30 slot=13 info=0x8cd5ee4 bitmap_raw=0x00000001 size=1 bits=0x00000000
PROBE21FRAME gc=21 f=9 type=30 slot=17 info=0x908c0c8 bitmap_raw=0x00000003 size=3 bits=0x00000000
PROBE21FRAME gc=21 f=12 type=30 slot=25 info=0x8e527bc bitmap_raw=0x00000000 size=0 bits=0x00000000
PROBE21FRAME gc=21 f=13 type=30 slot=26 info=0x92463f0 bitmap_raw=0x00000001 size=1 bits=0x00000000
PROBE21FRAME gc=21 f=14 type=30 slot=28 info=0x90c68bc bitmap_raw=0x00000001 size=1 bits=0x00000000
PROBE21FRAME gc=21 f=15 type=30 slot=30 info=0x90c699c bitmap_raw=0x00000083 size=3 bits=0x00000004
PROBE21FRAME gc=21 f=16 type=30 slot=34 info=0x90c69a8 bitmap_raw=0x00000001 size=1 bits=0x00000000
PROBE21FRAME gc=21 f=17 type=30 slot=36 info=0x90c69a8 bitmap_raw=0x00000001 size=1 bits=0x00000000
PROBE21FRAME gc=21 f=18 type=30 slot=38 info=0x90c69a8 bitmap_raw=0x00000001 size=1 bits=0x00000000
PROBE21FRAME gc=21 f=19 type=30 slot=40 info=0x90c69a8 bitmap_raw=0x00000001 size=1 bits=0x00000000
PROBE21FRAME gc=21 f=20 type=30 slot=42 info=0x90c69a8 bitmap_raw=0x00000001 size=1 bits=0x00000000
PROBE21FRAME gc=21 f=21 type=30 slot=44 info=0x90c69a8 bitmap_raw=0x00000001 size=1 bits=0x00000000
PROBE21FRAME gc=21 f=22 type=30 slot=46 info=0x90c69a8 bitmap_raw=0x00000001 size=1 bits=0x00000000
PROBE21FRAME gc=21 f=23 type=30 slot=48 info=0x90c69a8 bitmap_raw=0x00000001 size=1 bits=0x00000000
PROBE21FRAME gc=21 f=24 type=30 slot=50 info=0x90c69a8 bitmap_raw=0x00000001 size=1 bits=0x00000000
PROBE21FRAME gc=21 f=25 type=30 slot=52 info=0x90c69a8 bitmap_raw=0x00000001 size=1 bits=0x00000000
PROBE21FRAME gc=21 f=26 type=30 slot=54 info=0x90c69a8 bitmap_raw=0x00000001 size=1 bits=0x00000000
PROBE21FRAME gc=21 f=27 type=30 slot=56 info=0x90c69a8 bitmap_raw=0x00000001 size=1 bits=0x00000000
PROBE21FRAME gc=21 f=28 type=30 slot=58 info=0x90c69a8 bitmap_raw=0x00000001 size=1 bits=0x00000000
PROBE21FRAME gc=21 f=29 type=30 slot=60 info=0x90c69a8 bitmap_raw=0x00000001 size=1 bits=0x00000000
PROBE21FRAME gc=21 f=30 type=30 slot=62 info=0x90c69a8 bitmap_raw=0x00000001 size=1 bits=0x00000000
PROBE21FRAME gc=21 f=31 type=30 slot=64 info=0x90c69a8 bitmap_raw=0x00000001 size=1 bits=0x00000000
PROBE21FRAME gc=21 f=32 type=30 slot=66 info=0x90c69a8 bitmap_raw=0x00000001 size=1 bits=0x00000000
PROBE21FRAME gc=21 f=33 type=30 slot=68 info=0x90c69a8 bitmap_raw=0x00000001 size=1 bits=0x00000000
PROBE21FRAME gc=21 f=34 type=30 slot=70 info=0x90c69a8 bitmap_raw=0x00000001 size=1 bits=0x00000000
PROBE21FRAME gc=21 f=35 type=30 slot=72 info=0x90c69a8 bitmap_raw=0x00000001 size=1 bits=0x00000000
PROBE21FRAME gc=21 f=36 type=30 slot=74 info=0x90c69a8 bitmap_raw=0x00000001 size=1 bits=0x00000000
PROBE21FRAME gc=21 f=37 type=30 slot=76 info=0x90c69a8 bitmap_raw=0x00000001 size=1 bits=0x00000000
PROBE21FRAME gc=21 f=38 type=30 slot=78 info=0x90c69a8 bitmap_raw=0x00000001 size=1 bits=0x00000000
PROBE21FRAME gc=21 f=39 type=30 slot=80 info=0x90c69a8 bitmap_raw=0x00000001 size=1 bits=0x00000000
PROBE21FRAME gc=21 f=40 type=30 slot=82 info=0x90c69a8 bitmap_raw=0x00000001 size=1 bits=0x00000000
PROBE21FRAME gc=21 f=41 type=30 slot=84 info=0x90c69a8 bitmap_raw=0x00000001 size=1 bits=0x00000000
PROBE21FRAME gc=21 f=42 type=30 slot=86 info=0x90c69a8 bitmap_raw=0x00000001 size=1 bits=0x00000000
PROBE21FRAME gc=21 f=43 type=30 slot=88 info=0x90c69a8 bitmap_raw=0x00000001 size=1 bits=0x00000000
PROBE21FRAME gc=21 f=44 type=30 slot=90 info=0x90c69a8 bitmap_raw=0x00000001 size=1 bits=0x00000000
PROBE21FRAME gc=21 f=45 type=30 slot=92 info=0x90c69a8 bitmap_raw=0x00000001 size=1 bits=0x00000000
PROBE21FRAME gc=21 f=46 type=30 slot=94 info=0x90c69a8 bitmap_raw=0x00000001 size=1 bits=0x00000000
PROBE21FRAME gc=21 f=47 type=30 slot=96 info=0x90c69a8 bitmap_raw=0x00000001 size=1 bits=0x00000000
PROBE21FRAME gc=21 f=48 type=30 slot=98 info=0x90c69a8 bitmap_raw=0x00000001 size=1 bits=0x00000000
PROBE21FRAME gc=21 f=49 type=30 slot=100 info=0x90c69a8 bitmap_raw=0x00000001 size=1 bits=0x00000000
PROBE21FRAME gc=21 f=50 type=30 slot=102 info=0x90c69a8 bitmap_raw=0x00000001 size=1 bits=0x00000000
PROBE21FRAME gc=21 f=51 type=30 slot=104 info=0x90c69a8 bitmap_raw=0x00000001 size=1 bits=0x00000000
PROBE21FRAME gc=21 f=52 type=30 slot=106 info=0x90c69a8 bitmap_raw=0x00000001 size=1 bits=0x00000000
PROBE21FRAME gc=21 f=53 type=30 slot=108 info=0x90c69a8 bitmap_raw=0x00000001 size=1 bits=0x00000000
PROBE21FRAME gc=21 f=54 type=30 slot=110 info=0x90c69a8 bitmap_raw=0x00000001 size=1 bits=0x00000000
PROBE21FRAME gc=21 f=55 type=30 slot=112 info=0x90c69a8 bitmap_raw=0x00000001 size=1 bits=0x00000000
PROBE21FRAME gc=21 f=56 type=30 slot=114 info=0x90c69a8 bitmap_raw=0x00000001 size=1 bits=0x00000000
PROBE21FRAME gc=21 f=57 type=30 slot=116 info=0x90c69a8 bitmap_raw=0x00000001 size=1 bits=0x00000000
PROBE21FRAME gc=21 f=58 type=30 slot=118 info=0x90c69a8 bitmap_raw=0x00000001 size=1 bits=0x00000000
PROBE21FRAME gc=21 f=59 type=30 slot=120 info=0x90c69a8 bitmap_raw=0x00000001 size=1 bits=0x00000000
PROBE21FRAME gc=21 f=60 type=30 slot=122 info=0x90c69a8 bitmap_raw=0x00000001 size=1 bits=0x00000000
PROBE21FRAME gc=21 f=61 type=30 slot=124 info=0x90c69a8 bitmap_raw=0x00000001 size=1 bits=0x00000000
PROBE21FRAME gc=21 f=62 type=30 slot=126 info=0x90c69a8 bitmap_raw=0x00000001 size=1 bits=0x00000000
PROBE21FRAME gc=21 f=63 type=30 slot=128 info=0x90c69a8 bitmap_raw=0x00000001 size=1 bits=0x00000000
PROBE21FRAME gc=21 f=64 type=30 slot=130 info=0x90c69a8 bitmap_raw=0x00000001 size=1 bits=0x00000000
PROBE21FRAME gc=21 f=65 type=30 slot=132 info=0x90c69a8 bitmap_raw=0x00000001 size=1 bits=0x00000000
PROBE21FRAME gc=21 f=66 type=30 slot=134 info=0x90c69a8 bitmap_raw=0x00000001 size=1 bits=0x00000000
PROBE21FRAME gc=21 f=67 type=30 slot=136 info=0x90c69a8 bitmap_raw=0x00000001 size=1 bits=0x00000000
PROBE21FRAME gc=21 f=68 type=30 slot=138 info=0x90c69a8 bitmap_raw=0x00000001 size=1 bits=0x00000000
PROBE21FRAME gc=21 f=69 type=30 slot=140 info=0x90c69a8 bitmap_raw=0x00000001 size=1 bits=0x00000000
PROBE21FRAME gc=21 f=70 type=30 slot=142 info=0x90c69a8 bitmap_raw=0x00000001 size=1 bits=0x00000000
PROBE21FRAME gc=21 f=71 type=30 slot=144 info=0x90c69a8 bitmap_raw=0x00000001 size=1 bits=0x00000000
PROBE21FRAME gc=21 f=72 type=30 slot=146 info=0x90c69a8 bitmap_raw=0x00000001 size=1 bits=0x00000000
PROBE21FRAME gc=21 f=73 type=30 slot=148 info=0x90c69a8 bitmap_raw=0x00000001 size=1 bits=0x00000000
PROBE21FRAME gc=21 f=74 type=30 slot=150 info=0x90c69a8 bitmap_raw=0x00000001 size=1 bits=0x00000000
PROBE21FRAME gc=21 f=75 type=30 slot=152 info=0x90c69a8 bitmap_raw=0x00000001 size=1 bits=0x00000000
PROBE21FRAME gc=21 f=76 type=30 slot=154 info=0x90c69a8 bitmap_raw=0x00000001 size=1 bits=0x00000000
PROBE21FRAME gc=21 f=77 type=30 slot=156 info=0x90c69a8 bitmap_raw=0x00000001 size=1 bits=0x00000000
PROBE21FRAME gc=21 f=78 type=30 slot=158 info=0x90c69a8 bitmap_raw=0x00000001 size=1 bits=0x00000000
PROBE21FRAME gc=21 f=79 type=30 slot=160 info=0x90c69a8 bitmap_raw=0x00000001 size=1 bits=0x00000000
PROBE21FRAME gc=21 f=80 type=30 slot=162 info=0x90c69a8 bitmap_raw=0x00000001 size=1 bits=0x00000000
PROBE21FRAME gc=21 f=81 type=30 slot=164 info=0x90c69a8 bitmap_raw=0x00000001 size=1 bits=0x00000000
PROBE21FRAME gc=21 f=82 type=30 slot=166 info=0x90c69a8 bitmap_raw=0x00000001 size=1 bits=0x00000000
PROBE21FRAME gc=21 f=83 type=30 slot=168 info=0x90c69a8 bitmap_raw=0x00000001 size=1 bits=0x00000000
PROBE21FRAME gc=21 f=84 type=30 slot=170 info=0x90c69a8 bitmap_raw=0x00000001 size=1 bits=0x00000000
PROBE21FRAME gc=21 f=85 type=30 slot=172 info=0x90c69a8 bitmap_raw=0x00000001 size=1 bits=0x00000000
PROBE21FRAME gc=21 f=86 type=30 slot=174 info=0x90c69a8 bitmap_raw=0x00000001 size=1 bits=0x00000000
PROBE21FRAME gc=21 f=87 type=30 slot=176 info=0x90c69a8 bitmap_raw=0x00000001 size=1 bits=0x00000000
PROBE21FRAME gc=21 f=88 type=30 slot=178 info=0x90c69a8 bitmap_raw=0x00000001 size=1 bits=0x00000000
PROBE21FRAME gc=21 f=89 type=30 slot=180 info=0x90c69a8 bitmap_raw=0x00000001 size=1 bits=0x00000000
PROBE21FRAME gc=21 f=90 type=30 slot=182 info=0x90c69a8 bitmap_raw=0x00000001 size=1 bits=0x00000000
PROBE21FRAME gc=21 f=91 type=30 slot=184 info=0x90c69a8 bitmap_raw=0x00000001 size=1 bits=0x00000000
PROBE21FRAME gc=21 f=92 type=30 slot=186 info=0x90c69a8 bitmap_raw=0x00000001 size=1 bits=0x00000000
PROBE21FRAME gc=21 f=93 type=30 slot=188 info=0x90c69a8 bitmap_raw=0x00000001 size=1 bits=0x00000000
PROBE21FRAME gc=21 f=94 type=30 slot=190 info=0x90c69a8 bitmap_raw=0x00000001 size=1 bits=0x00000000
PROBE21FRAME gc=21 f=95 type=30 slot=192 info=0x90c69a8 bitmap_raw=0x00000001 size=1 bits=0x00000000
PROBE21FRAME gc=21 f=96 type=30 slot=194 info=0x90c69a8 bitmap_raw=0x00000001 size=1 bits=0x00000000
PROBE21FRAME gc=21 f=97 type=30 slot=196 info=0x90c69a8 bitmap_raw=0x00000001 size=1 bits=0x00000000
PROBE21FRAME gc=21 f=98 type=30 slot=198 info=0x90c69a8 bitmap_raw=0x00000001 size=1 bits=0x00000000
PROBE21FRAME gc=21 f=99 type=30 slot=200 info=0x90c69a8 bitmap_raw=0x00000001 size=1 bits=0x00000000
PROBE21FRAME gc=21 f=100 type=30 slot=202 info=0x90c69a8 bitmap_raw=0x00000001 size=1 bits=0x00000000
PROBE21FRAME gc=21 f=101 type=30 slot=204 info=0x90c69a8 bitmap_raw=0x00000001 size=1 bits=0x00000000
PROBE21FRAME gc=21 f=102 type=30 slot=206 info=0x90c69a8 bitmap_raw=0x00000001 size=1 bits=0x00000000
PROBE21FRAME gc=21 f=103 type=30 slot=208 info=0x90c69a8 bitmap_raw=0x00000001 size=1 bits=0x00000000
PROBE21FRAME gc=21 f=104 type=30 slot=210 info=0x90c69a8 bitmap_raw=0x00000001 size=1 bits=0x00000000
PROBE21FRAME gc=21 f=105 type=30 slot=212 info=0x90c69a8 bitmap_raw=0x00000001 size=1 bits=0x00000000
PROBE21FRAME gc=21 f=106 type=30 slot=214 info=0x90c69a8 bitmap_raw=0x00000001 size=1 bits=0x00000000
PROBE21FRAME gc=21 f=107 type=30 slot=216 info=0x90c69a8 bitmap_raw=0x00000001 size=1 bits=0x00000000
PROBE21FRAME gc=21 f=108 type=30 slot=218 info=0x90c69a8 bitmap_raw=0x00000001 size=1 bits=0x00000000
PROBE21FRAME gc=21 f=109 type=30 slot=220 info=0x90c69a8 bitmap_raw=0x00000001 size=1 bits=0x00000000
PROBE21FRAME gc=21 f=110 type=30 slot=222 info=0x90c69a8 bitmap_raw=0x00000001 size=1 bits=0x00000000
PROBE21FRAME gc=21 f=111 type=30 slot=224 info=0x90c69a8 bitmap_raw=0x00000001 size=1 bits=0x00000000
PROBE21FRAME gc=21 f=112 type=30 slot=226 info=0x90c69a8 bitmap_raw=0x00000001 size=1 bits=0x00000000
PROBE21FRAME gc=21 f=113 type=30 slot=228 info=0x90c69a8 bitmap_raw=0x00000001 size=1 bits=0x00000000
PROBE21FRAME gc=21 f=114 type=30 slot=230 info=0x90c69a8 bitmap_raw=0x00000001 size=1 bits=0x00000000
PROBE21FRAME gc=21 f=115 type=30 slot=232 info=0x90c69a8 bitmap_raw=0x00000001 size=1 bits=0x00000000
PROBE21FRAME gc=21 f=116 type=30 slot=234 info=0x90c69a8 bitmap_raw=0x00000001 size=1 bits=0x00000000
PROBE21FRAME gc=21 f=117 type=30 slot=236 info=0x90c69a8 bitmap_raw=0x00000001 size=1 bits=0x00000000
PROBE21FRAME gc=21 f=118 type=30 slot=238 info=0x90c69a8 bitmap_raw=0x00000001 size=1 bits=0x00000000
PROBE21FRAME gc=21 f=119 type=30 slot=240 info=0x90c69a8 bitmap_raw=0x00000001 size=1 bits=0x00000000
PROBE21FRAME gc=21 f=120 type=30 slot=242 info=0x90c69a8 bitmap_raw=0x00000001 size=1 bits=0x00000000
PROBE21FRAME gc=21 f=121 type=30 slot=244 info=0x90c69a8 bitmap_raw=0x00000001 size=1 bits=0x00000000
PROBE21FRAME gc=21 f=122 type=30 slot=246 info=0x90c69a8 bitmap_raw=0x00000001 size=1 bits=0x00000000
PROBE21FRAME gc=21 f=123 type=30 slot=248 info=0x90c69a8 bitmap_raw=0x00000001 size=1 bits=0x00000000
PROBE21FRAME gc=21 f=124 type=30 slot=250 info=0x90c69a8 bitmap_raw=0x00000001 size=1 bits=0x00000000
PROBE21FRAME gc=21 f=125 type=30 slot=252 info=0x90c69a8 bitmap_raw=0x00000001 size=1 bits=0x00000000
PROBE21FRAME gc=21 f=126 type=30 slot=254 info=0x90c69a8 bitmap_raw=0x00000001 size=1 bits=0x00000000
PROBE21FRAME gc=21 f=127 type=30 slot=256 info=0x90c69a8 bitmap_raw=0x00000001 size=1 bits=0x00000000
PROBE21FRAME gc=21 f=128 type=30 slot=258 info=0x90c69a8 bitmap_raw=0x00000001 size=1 bits=0x00000000
PROBE21FRAME gc=21 f=129 type=30 slot=260 info=0x90c69a8 bitmap_raw=0x00000001 size=1 bits=0x00000000
PROBE21FRAME gc=21 f=130 type=30 slot=262 info=0x90c69a8 bitmap_raw=0x00000001 size=1 bits=0x00000000
PROBE21FRAME gc=21 f=131 type=30 slot=264 info=0x90c69a8 bitmap_raw=0x00000001 size=1 bits=0x00000000
PROBE21FRAME gc=21 f=132 type=30 slot=266 info=0x90c69a8 bitmap_raw=0x00000001 size=1 bits=0x00000000
PROBE21FRAME gc=21 f=133 type=30 slot=268 info=0x90c69a8 bitmap_raw=0x00000001 size=1 bits=0x00000000
PROBE21FRAME gc=21 f=134 type=30 slot=270 info=0x90c69a8 bitmap_raw=0x00000001 size=1 bits=0x00000000
PROBE21FRAME gc=21 f=135 type=30 slot=272 info=0x90c69a8 bitmap_raw=0x00000001 size=1 bits=0x00000000
PROBE21FRAME gc=21 f=136 type=30 slot=274 info=0x90c69a8 bitmap_raw=0x00000001 size=1 bits=0x00000000
PROBE21FRAME gc=21 f=137 type=30 slot=276 info=0x90c69a8 bitmap_raw=0x00000001 size=1 bits=0x00000000
PROBE21FRAME gc=21 f=138 type=30 slot=278 info=0x90c69a8 bitmap_raw=0x00000001 size=1 bits=0x00000000
PROBE21FRAME gc=21 f=139 type=30 slot=280 info=0x90c69a8 bitmap_raw=0x00000001 size=1 bits=0x00000000
PROBE21FRAME gc=21 f=140 type=30 slot=282 info=0x90c69a8 bitmap_raw=0x00000001 size=1 bits=0x00000000
PROBE21FRAME gc=21 f=141 type=30 slot=284 info=0x90c69a8 bitmap_raw=0x00000001 size=1 bits=0x00000000
PROBE21FRAME gc=21 f=142 type=30 slot=286 info=0x90c69a8 bitmap_raw=0x00000001 size=1 bits=0x00000000
PROBE21FRAME gc=21 f=143 type=30 slot=288 info=0x90c69a8 bitmap_raw=0x00000001 size=1 bits=0x00000000
PROBE21FRAME gc=21 f=144 type=30 slot=290 info=0x90c69a8 bitmap_raw=0x00000001 size=1 bits=0x00000000
PROBE21FRAME gc=21 f=145 type=30 slot=292 info=0x90c69a8 bitmap_raw=0x00000001 size=1 bits=0x00000000
PROBE21FRAME gc=21 f=146 type=30 slot=294 info=0x90c69a8 bitmap_raw=0x00000001 size=1 bits=0x00000000
PROBE21FRAME gc=21 f=147 type=30 slot=296 info=0x90c69a8 bitmap_raw=0x00000001 size=1 bits=0x00000000
PROBE21FRAME gc=21 f=148 type=30 slot=298 info=0x90c69a8 bitmap_raw=0x00000001 size=1 bits=0x00000000
PROBE21FRAME gc=21 f=149 type=30 slot=300 info=0x90c69a8 bitmap_raw=0x00000001 size=1 bits=0x00000000
PROBE21FRAME gc=21 f=150 type=30 slot=302 info=0x90c69a8 bitmap_raw=0x00000001 size=1 bits=0x00000000
PROBE21FRAME gc=21 f=151 type=30 slot=304 info=0x90c69a8 bitmap_raw=0x00000001 size=1 bits=0x00000000
PROBE21FRAME gc=21 f=152 type=30 slot=306 info=0x90c69a8 bitmap_raw=0x00000001 size=1 bits=0x00000000
PROBE21FRAME gc=21 f=153 type=30 slot=308 info=0x90c69a8 bitmap_raw=0x00000001 size=1 bits=0x00000000
PROBE21FRAME gc=21 f=154 type=30 slot=310 info=0x90c69a8 bitmap_raw=0x00000001 size=1 bits=0x00000000
PROBE21FRAME gc=21 f=155 type=30 slot=312 info=0x90c69a8 bitmap_raw=0x00000001 size=1 bits=0x00000000
PROBE21FRAME gc=21 f=156 type=30 slot=314 info=0x90c69a8 bitmap_raw=0x00000001 size=1 bits=0x00000000
PROBE21FRAME gc=21 f=157 type=30 slot=316 info=0x90c69a8 bitmap_raw=0x00000001 size=1 bits=0x00000000
PROBE21FRAME gc=21 f=158 type=30 slot=318 info=0x90c69a8 bitmap_raw=0x00000001 size=1 bits=0x00000000
PROBE21FRAME gc=21 f=159 type=30 slot=320 info=0x90c69a8 bitmap_raw=0x00000001 size=1 bits=0x00000000
PROBE21FRAME gc=21 f=160 type=30 slot=322 info=0x90c69a8 bitmap_raw=0x00000001 size=1 bits=0x00000000
PROBE21FRAME gc=21 f=161 type=30 slot=324 info=0x90c69a8 bitmap_raw=0x00000001 size=1 bits=0x00000000
PROBE21FRAME gc=21 f=162 type=30 slot=326 info=0x90c69a8 bitmap_raw=0x00000001 size=1 bits=0x00000000
PROBE21FRAME gc=21 f=163 type=30 slot=328 info=0x90c69a8 bitmap_raw=0x00000001 size=1 bits=0x00000000
PROBE21FRAME gc=21 f=164 type=30 slot=330 info=0x90c69a8 bitmap_raw=0x00000001 size=1 bits=0x00000000
PROBE21FRAME gc=21 f=165 type=30 slot=332 info=0x90c69a8 bitmap_raw=0x00000001 size=1 bits=0x00000000
PROBE21FRAME gc=21 f=166 type=30 slot=334 info=0x90c69a8 bitmap_raw=0x00000001 size=1 bits=0x00000000
PROBE21FRAME gc=21 f=167 type=30 slot=336 info=0x90c69a8 bitmap_raw=0x00000001 size=1 bits=0x00000000
PROBE21FRAME gc=21 f=168 type=30 slot=338 info=0x90c69a8 bitmap_raw=0x00000001 size=1 bits=0x00000000
PROBE21FRAME gc=21 f=169 type=30 slot=340 info=0x90c69a8 bitmap_raw=0x00000001 size=1 bits=0x00000000
PROBE21FRAME gc=21 f=170 type=30 slot=342 info=0x90c69a8 bitmap_raw=0x00000001 size=1 bits=0x00000000
PROBE21FRAME gc=21 f=171 type=30 slot=344 info=0x90c69a8 bitmap_raw=0x00000001 size=1 bits=0x00000000
PROBE21FRAME gc=21 f=172 type=30 slot=346 info=0x90c69a8 bitmap_raw=0x00000001 size=1 bits=0x00000000
PROBE21FRAME gc=21 f=173 type=30 slot=348 info=0x90c69a8 bitmap_raw=0x00000001 size=1 bits=0x00000000
PROBE21FRAME gc=21 f=174 type=30 slot=350 info=0x90c69a8 bitmap_raw=0x00000001 size=1 bits=0x00000000
PROBE21FRAME gc=21 f=175 type=30 slot=352 info=0x90c69a8 bitmap_raw=0x00000001 size=1 bits=0x00000000
PROBE21FRAME gc=21 f=176 type=30 slot=354 info=0x90c69a8 bitmap_raw=0x00000001 size=1 bits=0x00000000
PROBE21FRAME gc=21 f=177 type=30 slot=356 info=0x90c69a8 bitmap_raw=0x00000001 size=1 bits=0x00000000
PROBE21FRAME gc=21 f=178 type=30 slot=358 info=0x90c69a8 bitmap_raw=0x00000001 size=1 bits=0x00000000
PROBE21FRAME gc=21 f=179 type=30 slot=360 info=0x90c69a8 bitmap_raw=0x00000001 size=1 bits=0x00000000
PROBE21FRAME gc=21 f=180 type=30 slot=362 info=0x90c69a8 bitmap_raw=0x00000001 size=1 bits=0x00000000
PROBE21FRAME gc=21 f=181 type=30 slot=364 info=0x90c69a8 bitmap_raw=0x00000001 size=1 bits=0x00000000
PROBE21FRAME gc=21 f=182 type=30 slot=366 info=0x90c69a8 bitmap_raw=0x00000001 size=1 bits=0x00000000
PROBE21FRAME gc=21 f=183 type=30 slot=368 info=0x90c69a8 bitmap_raw=0x00000001 size=1 bits=0x00000000
PROBE21FRAME gc=21 f=184 type=30 slot=370 info=0x90c69a8 bitmap_raw=0x00000001 size=1 bits=0x00000000
PROBE21FRAME gc=21 f=185 type=30 slot=372 info=0x90c69a8 bitmap_raw=0x00000001 size=1 bits=0x00000000
PROBE21FRAME gc=21 f=186 type=30 slot=374 info=0x90c69a8 bitmap_raw=0x00000001 size=1 bits=0x00000000
PROBE21FRAME gc=21 f=187 type=30 slot=376 info=0x90c69a8 bitmap_raw=0x00000001 size=1 bits=0x00000000
PROBE21FRAME gc=21 f=188 type=30 slot=378 info=0x90c69a8 bitmap_raw=0x00000001 size=1 bits=0x00000000
PROBE21FRAME gc=21 f=189 type=30 slot=380 info=0x90c69a8 bitmap_raw=0x00000001 size=1 bits=0x00000000
PROBE21FRAME gc=21 f=190 type=30 slot=382 info=0x90c69a8 bitmap_raw=0x00000001 size=1 bits=0x00000000
PROBE21FRAME gc=21 f=191 type=30 slot=384 info=0x90c69a8 bitmap_raw=0x00000001 size=1 bits=0x00000000
PROBE21FRAME gc=21 f=192 type=30 slot=386 info=0x90c69a8 bitmap_raw=0x00000001 size=1 bits=0x00000000
PROBE21FRAME gc=21 f=193 type=30 slot=388 info=0x90c69a8 bitmap_raw=0x00000001 size=1 bits=0x00000000
PROBE21FRAME gc=21 f=194 type=30 slot=390 info=0x90c69a8 bitmap_raw=0x00000001 size=1 bits=0x00000000
PROBE21FRAME gc=21 f=195 type=30 slot=392 info=0x90c69a8 bitmap_raw=0x00000001 size=1 bits=0x00000000
PROBE21FRAME gc=21 f=196 type=30 slot=394 info=0x90c69a8 bitmap_raw=0x00000001 size=1 bits=0x00000000
PROBE21FRAME gc=21 f=197 type=30 slot=396 info=0x90c69a8 bitmap_raw=0x00000001 size=1 bits=0x00000000
PROBE21FRAME gc=21 f=198 type=30 slot=398 info=0x90c69a8 bitmap_raw=0x00000001 size=1 bits=0x00000000
PROBE21FRAME gc=21 f=199 type=30 slot=400 info=0x90c69a8 bitmap_raw=0x00000001 size=1 bits=0x00000000
PROBE21FRAME gc=21 f=200 type=30 slot=402 info=0x90c69a8 bitmap_raw=0x00000001 size=1 bits=0x00000000
PROBE21FRAME gc=21 f=201 type=30 slot=404 info=0x90c69a8 bitmap_raw=0x00000001 size=1 bits=0x00000000
PROBE21FRAME gc=21 f=202 type=30 slot=406 info=0x90c69a8 bitmap_raw=0x00000001 size=1 bits=0x00000000
PROBE21FRAME gc=21 f=203 type=30 slot=408 info=0x90c69a8 bitmap_raw=0x00000001 size=1 bits=0x00000000
PROBE21FRAME gc=21 f=204 type=30 slot=410 info=0x90c69a8 bitmap_raw=0x00000001 size=1 bits=0x00000000
PROBE21FRAME gc=21 f=205 type=30 slot=412 info=0x90c69a8 bitmap_raw=0x00000001 size=1 bits=0x00000000
PROBE21FRAME gc=21 f=206 type=30 slot=414 info=0x90c69a8 bitmap_raw=0x00000001 size=1 bits=0x00000000
PROBE21FRAME gc=21 f=207 type=30 slot=416 info=0x90c69a8 bitmap_raw=0x00000001 size=1 bits=0x00000000
PROBE21FRAME gc=21 f=208 type=30 slot=418 info=0x90c69a8 bitmap_raw=0x00000001 size=1 bits=0x00000000
PROBE21FRAME gc=21 f=209 type=30 slot=420 info=0x90c69a8 bitmap_raw=0x00000001 size=1 bits=0x00000000
PROBE21FRAME gc=21 f=210 type=30 slot=422 info=0x90c69a8 bitmap_raw=0x00000001 size=1 bits=0x00000000
PROBE21FRAME gc=21 f=211 type=30 slot=424 info=0x90c69a8 bitmap_raw=0x00000001 size=1 bits=0x00000000
PROBE21FRAME gc=21 f=212 type=30 slot=426 info=0x90c69a8 bitmap_raw=0x00000001 size=1 bits=0x00000000
PROBE21FRAME gc=21 f=213 type=30 slot=428 info=0x90c69a8 bitmap_raw=0x00000001 size=1 bits=0x00000000
PROBE21FRAME gc=21 f=214 type=30 slot=430 info=0x90c69a8 bitmap_raw=0x00000001 size=1 bits=0x00000000
PROBE21FRAME gc=21 f=215 type=30 slot=432 info=0x90c69a8 bitmap_raw=0x00000001 size=1 bits=0x00000000
PROBE21FRAME gc=21 f=216 type=30 slot=434 info=0x90c69a8 bitmap_raw=0x00000001 size=1 bits=0x00000000
PROBE21FRAME gc=21 f=217 type=30 slot=436 info=0x90c69a8 bitmap_raw=0x00000001 size=1 bits=0x00000000
PROBE21FRAME gc=21 f=218 type=30 slot=438 info=0x90c69a8 bitmap_raw=0x00000001 size=1 bits=0x00000000
PROBE21FRAME gc=21 f=219 type=30 slot=440 info=0x90c69a8 bitmap_raw=0x00000001 size=1 bits=0x00000000
PROBE21FRAME gc=21 f=220 type=30 slot=442 info=0x90c69a8 bitmap_raw=0x00000001 size=1 bits=0x00000000
PROBE21FRAME gc=21 f=221 type=30 slot=444 info=0x90c69a8 bitmap_raw=0x00000001 size=1 bits=0x00000000
PROBE21FRAME gc=21 f=222 type=30 slot=446 info=0x90c69a8 bitmap_raw=0x00000001 size=1 bits=0x00000000
PROBE21FRAME gc=21 f=223 type=30 slot=448 info=0x90c69a8 bitmap_raw=0x00000001 size=1 bits=0x00000000
PROBE21FRAME gc=21 f=224 type=30 slot=450 info=0x90c69a8 bitmap_raw=0x00000001 size=1 bits=0x00000000
PROBE21FRAME gc=21 f=225 type=30 slot=452 info=0x90c69a8 bitmap_raw=0x00000001 size=1 bits=0x00000000
PROBE21FRAME gc=21 f=226 type=30 slot=454 info=0x90c69a8 bitmap_raw=0x00000001 size=1 bits=0x00000000
PROBE21FRAME gc=21 f=227 type=30 slot=456 info=0x90c69a8 bitmap_raw=0x00000001 size=1 bits=0x00000000
PROBE21FRAME gc=21 f=228 type=30 slot=458 info=0x90c69a8 bitmap_raw=0x00000001 size=1 bits=0x00000000
PROBE21FRAME gc=21 f=229 type=30 slot=460 info=0x90c69a8 bitmap_raw=0x00000001 size=1 bits=0x00000000
PROBE21FRAME gc=21 f=230 type=30 slot=462 info=0x90c69a8 bitmap_raw=0x00000001 size=1 bits=0x00000000
PROBE21FRAME gc=21 f=231 type=30 slot=464 info=0x90c69a8 bitmap_raw=0x00000001 size=1 bits=0x00000000
PROBE21FRAME gc=21 f=232 type=30 slot=466 info=0x90c69a8 bitmap_raw=0x00000001 size=1 bits=0x00000000
PROBE21FRAME gc=21 f=233 type=30 slot=468 info=0x90c69a8 bitmap_raw=0x00000001 size=1 bits=0x00000000
PROBE21FRAME gc=21 f=234 type=30 slot=470 info=0x90c69a8 bitmap_raw=0x00000001 size=1 bits=0x00000000
PROBE21FRAME gc=21 f=235 type=30 slot=472 info=0x90c69a8 bitmap_raw=0x00000001 size=1 bits=0x00000000
PROBE21FRAME gc=21 f=236 type=30 slot=474 info=0x90c69a8 bitmap_raw=0x00000001 size=1 bits=0x00000000
PROBE21FRAME gc=21 f=237 type=30 slot=476 info=0x90c69a8 bitmap_raw=0x00000001 size=1 bits=0x00000000
PROBE21FRAME gc=21 f=238 type=30 slot=478 info=0x90c69a8 bitmap_raw=0x00000001 size=1 bits=0x00000000
PROBE21FRAME gc=21 f=239 type=30 slot=480 info=0x90c69a8 bitmap_raw=0x00000001 size=1 bits=0x00000000
PROBE21FRAME gc=21 f=240 type=30 slot=482 info=0x90c69a8 bitmap_raw=0x00000001 size=1 bits=0x00000000
PROBE21FRAME gc=21 f=241 type=30 slot=484 info=0x90c69a8 bitmap_raw=0x00000001 size=1 bits=0x00000000
PROBE21FRAME gc=21 f=242 type=30 slot=486 info=0x90c69a8 bitmap_raw=0x00000001 size=1 bits=0x00000000
PROBE21FRAME gc=21 f=243 type=30 slot=488 info=0x90c69a8 bitmap_raw=0x00000001 size=1 bits=0x00000000
PROBE21FRAME gc=21 f=244 type=30 slot=490 info=0x90c69a8 bitmap_raw=0x00000001 size=1 bits=0x00000000
PROBE21FRAME gc=21 f=245 type=30 slot=492 info=0x90c69a8 bitmap_raw=0x00000001 size=1 bits=0x00000000
PROBE21FRAME gc=21 f=246 type=30 slot=494 info=0x90c69a8 bitmap_raw=0x00000001 size=1 bits=0x00000000
PROBE21FRAME gc=21 f=247 type=30 slot=496 info=0x90c69a8 bitmap_raw=0x00000001 size=1 bits=0x00000000
PROBE21FRAME gc=21 f=248 type=30 slot=498 info=0x90c69a8 bitmap_raw=0x00000001 size=1 bits=0x00000000
PROBE21FRAME gc=21 f=249 type=30 slot=500 info=0x90c69a8 bitmap_raw=0x00000001 size=1 bits=0x00000000
PROBE21FRAME gc=21 f=250 type=30 slot=502 info=0x90c69a8 bitmap_raw=0x00000001 size=1 bits=0x00000000
PROBE21FRAME gc=21 f=251 type=30 slot=504 info=0x90c69a8 bitmap_raw=0x00000001 size=1 bits=0x00000000
PROBE21FRAME gc=21 f=252 type=30 slot=506 info=0x90c69a8 bitmap_raw=0x00000001 size=1 bits=0x00000000
PROBE21FRAME gc=21 f=253 type=30 slot=508 info=0x90c69a8 bitmap_raw=0x00000001 size=1 bits=0x00000000
PROBE21FRAME gc=21 f=254 type=30 slot=510 info=0x90c69a8 bitmap_raw=0x00000001 size=1 bits=0x00000000
PROBE21FRAME gc=21 f=255 type=30 slot=512 info=0x90c69a8 bitmap_raw=0x00000001 size=1 bits=0x00000000
PROBE21FRAME gc=21 f=256 type=30 slot=514 info=0x90c69a8 bitmap_raw=0x00000001 size=1 bits=0x00000000
PROBE21FRAME gc=21 f=257 type=30 slot=516 info=0x90c69a8 bitmap_raw=0x00000001 size=1 bits=0x00000000
PROBE21FRAME gc=21 f=258 type=30 slot=518 info=0x90c69a8 bitmap_raw=0x00000001 size=1 bits=0x00000000
PROBE21FRAME gc=21 f=259 type=30 slot=520 info=0x90c69a8 bitmap_raw=0x00000001 size=1 bits=0x00000000
PROBE21FRAME gc=21 f=260 type=30 slot=522 info=0x90c69a8 bitmap_raw=0x00000001 size=1 bits=0x00000000
PROBE21FRAME gc=21 f=261 type=30 slot=524 info=0x90c69a8 bitmap_raw=0x00000001 size=1 bits=0x00000000
PROBE21FRAME gc=21 f=262 type=30 slot=526 info=0x90c69a8 bitmap_raw=0x00000001 size=1 bits=0x00000000
PROBE21FRAME gc=21 f=263 type=30 slot=528 info=0x90c69a8 bitmap_raw=0x00000001 size=1 bits=0x00000000
PROBE21FRAME gc=21 f=264 type=30 slot=530 info=0x90c69a8 bitmap_raw=0x00000001 size=1 bits=0x00000000
PROBE21FRAME gc=21 f=265 type=30 slot=532 info=0x90c69a8 bitmap_raw=0x00000001 size=1 bits=0x00000000
PROBE21FRAME gc=21 f=266 type=30 slot=534 info=0x90c69a8 bitmap_raw=0x00000001 size=1 bits=0x00000000
PROBE21FRAME gc=21 f=267 type=30 slot=536 info=0x90c69a8 bitmap_raw=0x00000001 size=1 bits=0x00000000
PROBE21FRAME gc=21 f=268 type=30 slot=538 info=0x90c69a8 bitmap_raw=0x00000001 size=1 bits=0x00000000
PROBE21FRAME gc=21 f=269 type=30 slot=540 info=0x90c69a8 bitmap_raw=0x00000001 size=1 bits=0x00000000
PROBE21FRAME gc=21 f=270 type=30 slot=542 info=0x90c69a8 bitmap_raw=0x00000001 size=1 bits=0x00000000
PROBE21FRAME gc=21 f=271 type=30 slot=544 info=0x90c69a8 bitmap_raw=0x00000001 size=1 bits=0x00000000
PROBE21FRAME gc=21 f=272 type=30 slot=546 info=0x90c69a8 bitmap_raw=0x00000001 size=1 bits=0x00000000
PROBE21FRAME gc=21 f=273 type=30 slot=548 info=0x90c69a8 bitmap_raw=0x00000001 size=1 bits=0x00000000
PROBE21FRAME gc=21 f=274 type=30 slot=550 info=0x90c69a8 bitmap_raw=0x00000001 size=1 bits=0x00000000
PROBE21FRAME gc=21 f=275 type=30 slot=552 info=0x90c69a8 bitmap_raw=0x00000001 size=1 bits=0x00000000
PROBE21FRAME gc=21 f=276 type=30 slot=554 info=0x90c69a8 bitmap_raw=0x00000001 size=1 bits=0x00000000
PROBE21FRAME gc=21 f=277 type=30 slot=556 info=0x90c69a8 bitmap_raw=0x00000001 size=1 bits=0x00000000
PROBE21FRAME gc=21 f=278 type=30 slot=558 info=0x90c69a8 bitmap_raw=0x00000001 size=1 bits=0x00000000
PROBE21FRAME gc=21 f=279 type=30 slot=560 info=0x90c69a8 bitmap_raw=0x00000001 size=1 bits=0x00000000
PROBE21FRAME gc=21 f=280 type=30 slot=562 info=0x90c69a8 bitmap_raw=0x00000001 size=1 bits=0x00000000
PROBE21FRAME gc=21 f=281 type=30 slot=564 info=0x90c69a8 bitmap_raw=0x00000001 size=1 bits=0x00000000
PROBE21FRAME gc=21 f=282 type=30 slot=566 info=0x90c69a8 bitmap_raw=0x00000001 size=1 bits=0x00000000
PROBE21FRAME gc=21 f=283 type=30 slot=568 info=0x90c69a8 bitmap_raw=0x00000001 size=1 bits=0x00000000
PROBE21FRAME gc=21 f=284 type=30 slot=570 info=0x90c69a8 bitmap_raw=0x00000001 size=1 bits=0x00000000
PROBE21FRAME gc=21 f=285 type=30 slot=572 info=0x90c69a8 bitmap_raw=0x00000001 size=1 bits=0x00000000
PROBE21FRAME gc=21 f=286 type=30 slot=574 info=0x90c69a8 bitmap_raw=0x00000001 size=1 bits=0x00000000
PROBE21FRAME gc=21 f=287 type=30 slot=576 info=0x90c69a8 bitmap_raw=0x00000001 size=1 bits=0x00000000
PROBE21FRAME gc=21 f=288 type=30 slot=578 info=0x90c69a8 bitmap_raw=0x00000001 size=1 bits=0x00000000
PROBE21FRAME gc=21 f=289 type=30 slot=580 info=0x90c69a8 bitmap_raw=0x00000001 size=1 bits=0x00000000
PROBE21FRAME gc=21 f=290 type=30 slot=582 info=0x90c69a8 bitmap_raw=0x00000001 size=1 bits=0x00000000
PROBE21FRAME gc=21 f=291 type=30 slot=584 info=0x90c69a8 bitmap_raw=0x00000001 size=1 bits=0x00000000
PROBE21FRAME gc=21 f=292 type=30 slot=586 info=0x90c69a8 bitmap_raw=0x00000001 size=1 bits=0x00000000
PROBE21FRAME gc=21 f=293 type=30 slot=588 info=0x90c69a8 bitmap_raw=0x00000001 size=1 bits=0x00000000
PROBE21FRAME gc=21 f=294 type=30 slot=590 info=0x90c69a8 bitmap_raw=0x00000001 size=1 bits=0x00000000
PROBE21FRAME gc=21 f=295 type=30 slot=592 info=0x90c69a8 bitmap_raw=0x00000001 size=1 bits=0x00000000
PROBE21FRAME gc=21 f=296 type=30 slot=594 info=0x90c69a8 bitmap_raw=0x00000001 size=1 bits=0x00000000
PROBE21FRAME gc=21 f=297 type=30 slot=596 info=0x90c69a8 bitmap_raw=0x00000001 size=1 bits=0x00000000
PROBE21FRAME gc=21 f=298 type=30 slot=598 info=0x90c69a8 bitmap_raw=0x00000001 size=1 bits=0x00000000
PROBE21FRAME gc=21 f=299 type=30 slot=600 info=0x90c69a8 bitmap_raw=0x00000001 size=1 bits=0x00000000
PROBE21FRAME gc=21 f=300 type=30 slot=602 info=0x90c69a8 bitmap_raw=0x00000001 size=1 bits=0x00000000
PROBE21FRAME gc=21 f=301 type=30 slot=604 info=0x90c69a8 bitmap_raw=0x00000001 size=1 bits=0x00000000
PROBE21FRAME gc=21 f=302 type=30 slot=606 info=0x90c69a8 bitmap_raw=0x00000001 size=1 bits=0x00000000
PROBE21FRAME gc=21 f=303 type=30 slot=608 info=0x90c69a8 bitmap_raw=0x00000001 size=1 bits=0x00000000
PROBE21FRAME gc=21 f=304 type=30 slot=610 info=0x90c69a8 bitmap_raw=0x00000001 size=1 bits=0x00000000
PROBE21FRAME gc=21 f=305 type=30 slot=612 info=0x90c69a8 bitmap_raw=0x00000001 size=1 bits=0x00000000
PROBE21FRAME gc=21 f=306 type=30 slot=614 info=0x90c69a8 bitmap_raw=0x00000001 size=1 bits=0x00000000
PROBE21FRAME gc=21 f=307 type=30 slot=616 info=0x90c69a8 bitmap_raw=0x00000001 size=1 bits=0x00000000
PROBE21FRAME gc=21 f=308 type=30 slot=618 info=0x90c69a8 bitmap_raw=0x00000001 size=1 bits=0x00000000
PROBE21FRAME gc=21 f=309 type=30 slot=620 info=0x90c69a8 bitmap_raw=0x00000001 size=1 bits=0x00000000
PROBE21FRAME gc=21 f=310 type=30 slot=622 info=0x90c69a8 bitmap_raw=0x00000001 size=1 bits=0x00000000
PROBE21FRAME gc=21 f=311 type=30 slot=624 info=0x90c69a8 bitmap_raw=0x00000001 size=1 bits=0x00000000
PROBE21FRAME gc=21 f=312 type=30 slot=626 info=0x90c69a8 bitmap_raw=0x00000001 size=1 bits=0x00000000
PROBE21FRAME gc=21 f=313 type=30 slot=628 info=0x90c69a8 bitmap_raw=0x00000001 size=1 bits=0x00000000
PROBE21FRAME gc=21 f=314 type=30 slot=630 info=0x90c69a8 bitmap_raw=0x00000001 size=1 bits=0x00000000
PROBE21FRAME gc=21 f=315 type=30 slot=632 info=0x90c69a8 bitmap_raw=0x00000001 size=1 bits=0x00000000
PROBE21FRAME gc=21 f=316 type=30 slot=634 info=0x90c69a8 bitmap_raw=0x00000001 size=1 bits=0x00000000
PROBE21FRAME gc=21 f=317 type=30 slot=636 info=0x90c69a8 bitmap_raw=0x00000001 size=1 bits=0x00000000
PROBE21FRAME gc=21 f=318 type=30 slot=638 info=0x90c69a8 bitmap_raw=0x00000001 size=1 bits=0x00000000
PROBE21FRAME gc=21 f=319 type=30 slot=640 info=0x90c69a8 bitmap_raw=0x00000001 size=1 bits=0x00000000
PROBE21FRAME gc=21 f=320 type=30 slot=642 info=0x90c69a8 bitmap_raw=0x00000001 size=1 bits=0x00000000
PROBE21FRAME gc=21 f=321 type=30 slot=644 info=0x90c69a8 bitmap_raw=0x00000001 size=1 bits=0x00000000
PROBE21FRAME gc=21 f=322 type=30 slot=646 info=0x90c69a8 bitmap_raw=0x00000001 size=1 bits=0x00000000
PROBE21FRAME gc=21 f=323 type=30 slot=648 info=0x90c69a8 bitmap_raw=0x00000001 size=1 bits=0x00000000
PROBE21FRAME gc=21 f=324 type=30 slot=650 info=0x90c69a8 bitmap_raw=0x00000001 size=1 bits=0x00000000
PROBE21FRAME gc=21 f=325 type=30 slot=652 info=0x90c69a8 bitmap_raw=0x00000001 size=1 bits=0x00000000
PROBE21FRAME gc=21 f=326 type=30 slot=654 info=0x90c69a8 bitmap_raw=0x00000001 size=1 bits=0x00000000
PROBE21FRAME gc=21 f=327 type=30 slot=656 info=0x90c69a8 bitmap_raw=0x00000001 size=1 bits=0x00000000
PROBE21FRAME gc=21 f=328 type=30 slot=658 info=0x90c69a8 bitmap_raw=0x00000001 size=1 bits=0x00000000
PROBE21FRAME gc=21 f=329 type=30 slot=660 info=0x90c69a8 bitmap_raw=0x00000001 size=1 bits=0x00000000
PROBE21FRAME gc=21 f=330 type=30 slot=662 info=0x90c69a8 bitmap_raw=0x00000001 size=1 bits=0x00000000
PROBE21FRAME gc=21 f=331 type=30 slot=664 info=0x90c69a8 bitmap_raw=0x00000001 size=1 bits=0x00000000
PROBE21FRAME gc=21 f=332 type=30 slot=666 info=0x90c69a8 bitmap_raw=0x00000001 size=1 bits=0x00000000
PROBE21FRAME gc=21 f=333 type=30 slot=668 info=0x90c69a8 bitmap_raw=0x00000001 size=1 bits=0x00000000
PROBE21FRAME gc=21 f=334 type=30 slot=670 info=0x90c69a8 bitmap_raw=0x00000001 size=1 bits=0x00000000
PROBE21FRAME gc=21 f=335 type=30 slot=672 info=0x90c69a8 bitmap_raw=0x00000001 size=1 bits=0x00000000
PROBE21FRAME gc=21 f=336 type=30 slot=674 info=0x90c69a8 bitmap_raw=0x00000001 size=1 bits=0x00000000
PROBE21FRAME gc=21 f=337 type=30 slot=676 info=0x90c69a8 bitmap_raw=0x00000001 size=1 bits=0x00000000
PROBE21FRAME gc=21 f=338 type=30 slot=678 info=0x90c69a8 bitmap_raw=0x00000001 size=1 bits=0x00000000
PROBE21FRAME gc=21 f=339 type=30 slot=680 info=0x90c69a8 bitmap_raw=0x00000001 size=1 bits=0x00000000
PROBE21FRAME gc=21 f=340 type=30 slot=682 info=0x90c69a8 bitmap_raw=0x00000001 size=1 bits=0x00000000
PROBE21FRAME gc=21 f=341 type=30 slot=684 info=0x90c69a8 bitmap_raw=0x00000001 size=1 bits=0x00000000
PROBE21FRAME gc=21 f=342 type=30 slot=686 info=0x90c69a8 bitmap_raw=0x00000001 size=1 bits=0x00000000
PROBE21FRAME gc=21 f=343 type=30 slot=688 info=0x90c69a8 bitmap_raw=0x00000001 size=1 bits=0x00000000
PROBE21FRAME gc=21 f=344 type=30 slot=690 info=0x90c69a8 bitmap_raw=0x00000001 size=1 bits=0x00000000
PROBE21FRAME gc=21 f=345 type=30 slot=692 info=0x90c69a8 bitmap_raw=0x00000001 size=1 bits=0x00000000
PROBE21FRAME gc=21 f=346 type=30 slot=694 info=0x90c69a8 bitmap_raw=0x00000001 size=1 bits=0x00000000
PROBE21FRAME gc=21 f=347 type=30 slot=696 info=0x90c69a8 bitmap_raw=0x00000001 size=1 bits=0x00000000
PROBE21FRAME gc=21 f=348 type=30 slot=698 info=0x90c69a8 bitmap_raw=0x00000001 size=1 bits=0x00000000
PROBE21FRAME gc=21 f=349 type=30 slot=700 info=0x90c69a8 bitmap_raw=0x00000001 size=1 bits=0x00000000
PROBE21FRAME gc=21 f=350 type=30 slot=702 info=0x90c69a8 bitmap_raw=0x00000001 size=1 bits=0x00000000
PROBE21FRAME gc=21 f=351 type=30 slot=704 info=0x90c69a8 bitmap_raw=0x00000001 size=1 bits=0x00000000
PROBE21FRAME gc=21 f=352 type=30 slot=706 info=0x90c69a8 bitmap_raw=0x00000001 size=1 bits=0x00000000
PROBE21FRAME gc=21 f=353 type=30 slot=708 info=0x90c69a8 bitmap_raw=0x00000001 size=1 bits=0x00000000
PROBE21FRAME gc=21 f=354 type=30 slot=710 info=0x90c69a8 bitmap_raw=0x00000001 size=1 bits=0x00000000
PROBE21FRAME gc=21 f=355 type=30 slot=712 info=0x90c69a8 bitmap_raw=0x00000001 size=1 bits=0x00000000
PROBE21FRAME gc=21 f=356 type=30 slot=714 info=0x90c69a8 bitmap_raw=0x00000001 size=1 bits=0x00000000
PROBE21FRAME gc=21 f=357 type=30 slot=716 info=0x90c69a8 bitmap_raw=0x00000001 size=1 bits=0x00000000
PROBE21FRAME gc=21 f=358 type=30 slot=718 info=0x90c69a8 bitmap_raw=0x00000001 size=1 bits=0x00000000
PROBE21FRAME gc=21 f=359 type=30 slot=720 info=0x90c69a8 bitmap_raw=0x00000001 size=1 bits=0x00000000
PROBE21FRAME gc=21 f=360 type=30 slot=722 info=0x90c69a8 bitmap_raw=0x00000001 size=1 bits=0x00000000
PROBE21FRAME gc=21 f=361 type=30 slot=724 info=0x90c69a8 bitmap_raw=0x00000001 size=1 bits=0x00000000
PROBE21FRAME gc=21 f=362 type=30 slot=726 info=0x90c69a8 bitmap_raw=0x00000001 size=1 bits=0x00000000
PROBE21FRAME gc=21 f=363 type=30 slot=728 info=0x90c69a8 bitmap_raw=0x00000001 size=1 bits=0x00000000
PROBE21FRAME gc=21 f=364 type=30 slot=730 info=0x90c69a8 bitmap_raw=0x00000001 size=1 bits=0x00000000
PROBE21FRAME gc=21 f=365 type=30 slot=732 info=0x90c69a8 bitmap_raw=0x00000001 size=1 bits=0x00000000
PROBE21FRAME gc=21 f=366 type=30 slot=734 info=0x90c69a8 bitmap_raw=0x00000001 size=1 bits=0x00000000
PROBE21FRAME gc=21 f=367 type=30 slot=736 info=0x90c69a8 bitmap_raw=0x00000001 size=1 bits=0x00000000
PROBE21FRAME gc=21 f=368 type=30 slot=738 info=0x90c69a8 bitmap_raw=0x00000001 size=1 bits=0x00000000
PROBE21FRAME gc=21 f=369 type=30 slot=740 info=0x90c69a8 bitmap_raw=0x00000001 size=1 bits=0x00000000
PROBE21FRAME gc=21 f=370 type=30 slot=742 info=0x90c69a8 bitmap_raw=0x00000001 size=1 bits=0x00000000
PROBE21FRAME gc=21 f=371 type=30 slot=744 info=0x90c69a8 bitmap_raw=0x00000001 size=1 bits=0x00000000
PROBE21FRAME gc=21 f=372 type=30 slot=746 info=0x90c69a8 bitmap_raw=0x00000001 size=1 bits=0x00000000
PROBE21FRAME gc=21 f=373 type=30 slot=748 info=0x90c69a8 bitmap_raw=0x00000001 size=1 bits=0x00000000
PROBE21FRAME gc=21 f=374 type=30 slot=750 info=0x90c69a8 bitmap_raw=0x00000001 size=1 bits=0x00000000
PROBE21FRAME gc=21 f=375 type=30 slot=752 info=0x90c69a8 bitmap_raw=0x00000001 size=1 bits=0x00000000
PROBE21FRAME gc=21 f=376 type=30 slot=754 info=0x90c69a8 bitmap_raw=0x00000001 size=1 bits=0x00000000
PROBE21FRAME gc=21 f=377 type=30 slot=756 info=0x90c69a8 bitmap_raw=0x00000001 size=1 bits=0x00000000
PROBE21FRAME gc=21 f=378 type=30 slot=758 info=0x90c69a8 bitmap_raw=0x00000001 size=1 bits=0x00000000
PROBE21FRAME gc=21 f=379 type=30 slot=760 info=0x90c69a8 bitmap_raw=0x00000001 size=1 bits=0x00000000
PROBE21FRAME gc=21 f=380 type=30 slot=762 info=0x90c69a8 bitmap_raw=0x00000001 size=1 bits=0x00000000
PROBE21FRAME gc=21 f=381 type=30 slot=764 info=0x90c69a8 bitmap_raw=0x00000001 size=1 bits=0x00000000
PROBE21FRAME gc=21 f=382 type=30 slot=766 info=0x90c69a8 bitmap_raw=0x00000001 size=1 bits=0x00000000
PROBE21FRAME gc=21 f=383 type=30 slot=768 info=0x90c69a8 bitmap_raw=0x00000001 size=1 bits=0x00000000
PROBE21FRAME gc=21 f=384 type=30 slot=770 info=0x90c69a8 bitmap_raw=0x00000001 size=1 bits=0x00000000
PROBE21FRAME gc=21 f=385 type=30 slot=772 info=0x90c69a8 bitmap_raw=0x00000001 size=1 bits=0x00000000
PROBE21FRAME gc=21 f=386 type=30 slot=774 info=0x90c69a8 bitmap_raw=0x00000001 size=1 bits=0x00000000
PROBE21FRAME gc=21 f=387 type=30 slot=776 info=0x90c69a8 bitmap_raw=0x00000001 size=1 bits=0x00000000
PROBE21FRAME gc=21 f=388 type=30 slot=778 info=0x90c69a8 bitmap_raw=0x00000001 size=1 bits=0x00000000
PROBE21FRAME gc=21 f=389 type=30 slot=780 info=0x90c69a8 bitmap_raw=0x00000001 size=1 bits=0x00000000
PROBE21FRAME gc=21 f=390 type=30 slot=782 info=0x90c69a8 bitmap_raw=0x00000001 size=1 bits=0x00000000
PROBE21FRAME gc=21 f=391 type=30 slot=784 info=0x90c69a8 bitmap_raw=0x00000001 size=1 bits=0x00000000
PROBE21FRAME gc=21 f=392 type=30 slot=786 info=0x90c69a8 bitmap_raw=0x00000001 size=1 bits=0x00000000
PROBE21FRAME gc=21 f=393 type=30 slot=788 info=0x90c69a8 bitmap_raw=0x00000001 size=1 bits=0x00000000
PROBE21FRAME gc=21 f=394 type=30 slot=790 info=0x90c69a8 bitmap_raw=0x00000001 size=1 bits=0x00000000
PROBE21FRAME gc=21 f=395 type=30 slot=792 info=0x90c69a8 bitmap_raw=0x00000001 size=1 bits=0x00000000
PROBE21FRAME gc=21 f=396 type=30 slot=794 info=0x90c69a8 bitmap_raw=0x00000001 size=1 bits=0x00000000
PROBE21FRAME gc=21 f=397 type=30 slot=796 info=0x90c69a8 bitmap_raw=0x00000001 size=1 bits=0x00000000
PROBE21FRAME gc=21 f=398 type=30 slot=798 info=0x90c69a8 bitmap_raw=0x00000001 size=1 bits=0x00000000
PROBE21FRAME gc=21 f=399 type=30 slot=800 info=0x90c69a8 bitmap_raw=0x00000001 size=1 bits=0x00000000
PROBE21FRAME gc=21 f=400 type=30 slot=802 info=0x90c69a8 bitmap_raw=0x00000001 size=1 bits=0x00000000
PROBE21FRAME gc=21 f=401 type=30 slot=804 info=0x90c69a8 bitmap_raw=0x00000001 size=1 bits=0x00000000
PROBE21FRAME gc=21 f=402 type=30 slot=806 info=0x90c69a8 bitmap_raw=0x00000001 size=1 bits=0x00000000
PROBE21FRAME gc=21 f=403 type=30 slot=808 info=0x90c69a8 bitmap_raw=0x00000001 size=1 bits=0x00000000
PROBE21FRAME gc=21 f=404 type=30 slot=810 info=0x90c69a8 bitmap_raw=0x00000001 size=1 bits=0x00000000
PROBE21FRAME gc=21 f=405 type=30 slot=812 info=0x90c69a8 bitmap_raw=0x00000001 size=1 bits=0x00000000
PROBE21FRAME gc=21 f=406 type=30 slot=814 info=0x90c69a8 bitmap_raw=0x00000001 size=1 bits=0x00000000
PROBE21FRAME gc=21 f=407 type=30 slot=816 info=0x90c69a8 bitmap_raw=0x00000001 size=1 bits=0x00000000
PROBE21FRAME gc=21 f=408 type=30 slot=818 info=0x90c69a8 bitmap_raw=0x00000001 size=1 bits=0x00000000
PROBE21FRAME gc=21 f=409 type=30 slot=820 info=0x90c69a8 bitmap_raw=0x00000001 size=1 bits=0x00000000
PROBE21FRAME gc=21 f=410 type=30 slot=822 info=0x90c69a8 bitmap_raw=0x00000001 size=1 bits=0x00000000
PROBE21FRAME gc=21 f=411 type=30 slot=824 info=0x90c69a8 bitmap_raw=0x00000001 size=1 bits=0x00000000
PROBE21FRAME gc=21 f=412 type=30 slot=826 info=0x90c69a8 bitmap_raw=0x00000001 size=1 bits=0x00000000
PROBE21FRAME gc=21 f=413 type=30 slot=828 info=0x90c69a8 bitmap_raw=0x00000001 size=1 bits=0x00000000
PROBE21FRAME gc=21 f=414 type=30 slot=830 info=0x90c69a8 bitmap_raw=0x00000001 size=1 bits=0x00000000
PROBE21FRAME gc=21 f=415 type=30 slot=832 info=0x90c69a8 bitmap_raw=0x00000001 size=1 bits=0x00000000
PROBE21FRAME gc=21 f=416 type=30 slot=834 info=0x90c69a8 bitmap_raw=0x00000001 size=1 bits=0x00000000
PROBE21FRAME gc=21 f=417 type=30 slot=836 info=0x90c69a8 bitmap_raw=0x00000001 size=1 bits=0x00000000
PROBE21FRAME gc=21 f=418 type=30 slot=838 info=0x90c69a8 bitmap_raw=0x00000001 size=1 bits=0x00000000
PROBE21FRAME gc=21 f=419 type=30 slot=840 info=0x90c69a8 bitmap_raw=0x00000001 size=1 bits=0x00000000
PROBE21FRAME gc=21 f=420 type=30 slot=842 info=0x90c69a8 bitmap_raw=0x00000001 size=1 bits=0x00000000
PROBE21FRAME gc=21 f=421 type=30 slot=844 info=0x90c69a8 bitmap_raw=0x00000001 size=1 bits=0x00000000
PROBE21FRAME gc=21 f=422 type=30 slot=846 info=0x90c69a8 bitmap_raw=0x00000001 size=1 bits=0x00000000
PROBE21FRAME gc=21 f=423 type=30 slot=848 info=0x90c69a8 bitmap_raw=0x00000001 size=1 bits=0x00000000
PROBE21FRAME gc=21 f=424 type=30 slot=850 info=0x90c69a8 bitmap_raw=0x00000001 size=1 bits=0x00000000
PROBE21FRAME gc=21 f=425 type=30 slot=852 info=0x90c69a8 bitmap_raw=0x00000001 size=1 bits=0x00000000
PROBE21FRAME gc=21 f=426 type=30 slot=854 info=0x90c69a8 bitmap_raw=0x00000001 size=1 bits=0x00000000
PROBE21FRAME gc=21 f=427 type=30 slot=856 info=0x90c69a8 bitmap_raw=0x00000001 size=1 bits=0x00000000
PROBE21FRAME gc=21 f=428 type=30 slot=858 info=0x90c69a8 bitmap_raw=0x00000001 size=1 bits=0x00000000
PROBE21FRAME gc=21 f=429 type=30 slot=860 info=0x90c69a8 bitmap_raw=0x00000001 size=1 bits=0x00000000
PROBE21FRAME gc=21 f=430 type=30 slot=862 info=0x90c69a8 bitmap_raw=0x00000001 size=1 bits=0x00000000
PROBE21FRAME gc=21 f=431 type=30 slot=864 info=0x90c69a8 bitmap_raw=0x00000001 size=1 bits=0x00000000
PROBE21FRAME gc=21 f=432 type=30 slot=866 info=0x90c69a8 bitmap_raw=0x00000001 size=1 bits=0x00000000
PROBE21FRAME gc=21 f=433 type=30 slot=868 info=0x90c69a8 bitmap_raw=0x00000001 size=1 bits=0x00000000
PROBE21FRAME gc=21 f=434 type=30 slot=870 info=0x90c69a8 bitmap_raw=0x00000001 size=1 bits=0x00000000
PROBE21FRAME gc=21 f=435 type=30 slot=872 info=0x90c69a8 bitmap_raw=0x00000001 size=1 bits=0x00000000
PROBE21FRAME gc=21 f=436 type=30 slot=874 info=0x90c69a8 bitmap_raw=0x00000001 size=1 bits=0x00000000
PROBE21FRAME gc=21 f=437 type=30 slot=876 info=0x90c69a8 bitmap_raw=0x00000001 size=1 bits=0x00000000
PROBE21FRAME gc=21 f=438 type=30 slot=878 info=0x90c69a8 bitmap_raw=0x00000001 size=1 bits=0x00000000
PROBE21FRAME gc=21 f=439 type=30 slot=880 info=0x90c69a8 bitmap_raw=0x00000001 size=1 bits=0x00000000
PROBE21FRAME gc=21 f=440 type=30 slot=882 info=0x90c69a8 bitmap_raw=0x00000001 size=1 bits=0x00000000
PROBE21FRAME gc=21 f=441 type=30 slot=884 info=0x90c69a8 bitmap_raw=0x00000001 size=1 bits=0x00000000
PROBE21FRAME gc=21 f=442 type=30 slot=886 info=0x90c69a8 bitmap_raw=0x00000001 size=1 bits=0x00000000
PROBE21FRAME gc=21 f=443 type=30 slot=888 info=0x90c69a8 bitmap_raw=0x00000001 size=1 bits=0x00000000
PROBE21FRAME gc=21 f=444 type=30 slot=890 info=0x90c69a8 bitmap_raw=0x00000001 size=1 bits=0x00000000
PROBE21FRAME gc=21 f=445 type=30 slot=892 info=0x90c69a8 bitmap_raw=0x00000001 size=1 bits=0x00000000
PROBE21FRAME gc=21 f=446 type=30 slot=894 info=0x90c69a8 bitmap_raw=0x00000001 size=1 bits=0x00000000
PROBE21FRAME gc=21 f=447 type=30 slot=896 info=0x90c69a8 bitmap_raw=0x00000001 size=1 bits=0x00000000
PROBE21FRAME gc=21 f=448 type=30 slot=898 info=0x90c69a8 bitmap_raw=0x00000001 size=1 bits=0x00000000
PROBE21FRAME gc=21 f=449 type=30 slot=900 info=0x90c69a8 bitmap_raw=0x00000001 size=1 bits=0x00000000
PROBE21FRAME gc=21 f=450 type=30 slot=902 info=0x90c69a8 bitmap_raw=0x00000001 size=1 bits=0x00000000
PROBE21FRAME gc=21 f=451 type=30 slot=904 info=0x90c69a8 bitmap_raw=0x00000001 size=1 bits=0x00000000
PROBE21FRAME gc=21 f=452 type=30 slot=906 info=0x90c69a8 bitmap_raw=0x00000001 size=1 bits=0x00000000
PROBE21FRAME gc=21 f=453 type=30 slot=908 info=0x90c69a8 bitmap_raw=0x00000001 size=1 bits=0x00000000
PROBE21FRAME gc=21 f=454 type=30 slot=910 info=0x90c69a8 bitmap_raw=0x00000001 size=1 bits=0x00000000
PROBE21FRAME gc=21 f=455 type=30 slot=912 info=0x90c69a8 bitmap_raw=0x00000001 size=1 bits=0x00000000
PROBE21FRAME gc=21 f=456 type=30 slot=914 info=0x90c69a8 bitmap_raw=0x00000001 size=1 bits=0x00000000
PROBE21FRAME gc=21 f=457 type=30 slot=916 info=0x90c69a8 bitmap_raw=0x00000001 size=1 bits=0x00000000
PROBE21FRAME gc=21 f=458 type=30 slot=918 info=0x90c69a8 bitmap_raw=0x00000001 size=1 bits=0x00000000
PROBE21FRAME gc=21 f=459 type=30 slot=920 info=0x90c69a8 bitmap_raw=0x00000001 size=1 bits=0x00000000
PROBE21FRAME gc=21 f=460 type=30 slot=922 info=0x90c69a8 bitmap_raw=0x00000001 size=1 bits=0x00000000
PROBE21FRAME gc=21 f=461 type=30 slot=924 info=0x90c69a8 bitmap_raw=0x00000001 size=1 bits=0x00000000
PROBE21FRAME gc=21 f=462 type=30 slot=926 info=0x90c69a8 bitmap_raw=0x00000001 size=1 bits=0x00000000
PROBE21FRAME gc=21 f=463 type=30 slot=928 info=0x90c69a8 bitmap_raw=0x00000001 size=1 bits=0x00000000
PROBE21FRAME gc=21 f=464 type=30 slot=930 info=0x90c69a8 bitmap_raw=0x00000001 size=1 bits=0x00000000
PROBE21FRAME gc=21 f=465 type=30 slot=932 info=0x90c69a8 bitmap_raw=0x00000001 size=1 bits=0x00000000
PROBE21FRAME gc=21 f=466 type=30 slot=934 info=0x90c69a8 bitmap_raw=0x00000001 size=1 bits=0x00000000
PROBE21FRAME gc=21 f=467 type=30 slot=936 info=0x90c69a8 bitmap_raw=0x00000001 size=1 bits=0x00000000
PROBE21FRAME gc=21 f=468 type=30 slot=938 info=0x90c69a8 bitmap_raw=0x00000001 size=1 bits=0x00000000
PROBE21FRAME gc=21 f=469 type=30 slot=940 info=0x90c69a8 bitmap_raw=0x00000001 size=1 bits=0x00000000
PROBE21FRAME gc=21 f=470 type=30 slot=942 info=0x90c69a8 bitmap_raw=0x00000001 size=1 bits=0x00000000
PROBE21FRAME gc=21 f=471 type=30 slot=944 info=0x90c69a8 bitmap_raw=0x00000001 size=1 bits=0x00000000
PROBE21FRAME gc=21 f=472 type=30 slot=946 info=0x90c69a8 bitmap_raw=0x00000001 size=1 bits=0x00000000
PROBE21FRAME gc=21 f=473 type=30 slot=948 info=0x90c69a8 bitmap_raw=0x00000001 size=1 bits=0x00000000
PROBE21FRAME gc=21 f=474 type=30 slot=950 info=0x90c69a8 bitmap_raw=0x00000001 size=1 bits=0x00000000
PROBE21FRAME gc=21 f=475 type=30 slot=952 info=0x90c69a8 bitmap_raw=0x00000001 size=1 bits=0x00000000
PROBE21FRAME gc=21 f=476 type=30 slot=954 info=0x90c69a8 bitmap_raw=0x00000001 size=1 bits=0x00000000
PROBE21FRAME gc=21 f=477 type=30 slot=956 info=0x90c69a8 bitmap_raw=0x00000001 size=1 bits=0x00000000
PROBE21FRAME gc=21 f=478 type=30 slot=958 info=0x90c69a8 bitmap_raw=0x00000001 size=1 bits=0x00000000
PROBE21FRAME gc=21 f=479 type=30 slot=960 info=0x90c69a8 bitmap_raw=0x00000001 size=1 bits=0x00000000
PROBE21FRAME gc=21 f=480 type=30 slot=962 info=0x90c69a8 bitmap_raw=0x00000001 size=1 bits=0x00000000
PROBE21FRAME gc=21 f=481 type=30 slot=964 info=0x90c69a8 bitmap_raw=0x00000001 size=1 bits=0x00000000
PROBE21FRAME gc=21 f=482 type=30 slot=966 info=0x90c69a8 bitmap_raw=0x00000001 size=1 bits=0x00000000
PROBE21FRAME gc=21 f=483 type=30 slot=968 info=0x90c69a8 bitmap_raw=0x00000001 size=1 bits=0x00000000
PROBE21FRAME gc=21 f=484 type=30 slot=970 info=0x90c69a8 bitmap_raw=0x00000001 size=1 bits=0x00000000
PROBE21FRAME gc=21 f=485 type=30 slot=972 info=0x90c69a8 bitmap_raw=0x00000001 size=1 bits=0x00000000
PROBE21FRAME gc=21 f=486 type=30 slot=974 info=0x90c69a8 bitmap_raw=0x00000001 size=1 bits=0x00000000
PROBE21FRAME gc=21 f=487 type=30 slot=976 info=0x90c69a8 bitmap_raw=0x00000001 size=1 bits=0x00000000
PROBE21FRAME gc=21 f=488 type=30 slot=978 info=0x90c69a8 bitmap_raw=0x00000001 size=1 bits=0x00000000
PROBE21FRAME gc=21 f=489 type=30 slot=980 info=0x90c69a8 bitmap_raw=0x00000001 size=1 bits=0x00000000
PROBE21FRAME gc=21 f=490 type=30 slot=982 info=0x90c69a8 bitmap_raw=0x00000001 size=1 bits=0x00000000
PROBE21FRAME gc=21 f=491 type=30 slot=984 info=0x90c69a8 bitmap_raw=0x00000001 size=1 bits=0x00000000
PROBE21FRAME gc=21 f=492 type=30 slot=986 info=0x90c69a8 bitmap_raw=0x00000001 size=1 bits=0x00000000
PROBE21FRAME gc=21 f=493 type=30 slot=988 info=0x90c69a8 bitmap_raw=0x00000001 size=1 bits=0x00000000
PROBE21FRAME gc=21 f=494 type=30 slot=990 info=0x90c69a8 bitmap_raw=0x00000001 size=1 bits=0x00000000
PROBE21FRAME gc=21 f=495 type=30 slot=992 info=0x90c69a8 bitmap_raw=0x00000001 size=1 bits=0x00000000
PROBE21FRAME gc=21 f=496 type=30 slot=994 info=0x90c69a8 bitmap_raw=0x00000001 size=1 bits=0x00000000
PROBE21FRAME gc=21 f=497 type=30 slot=996 info=0x90c69a8 bitmap_raw=0x00000001 size=1 bits=0x00000000
PROBE21FRAME gc=21 f=498 type=30 slot=998 info=0x90c69a8 bitmap_raw=0x00000001 size=1 bits=0x00000000
PROBE21FRAME gc=21 f=499 type=30 slot=1000 info=0x90c69a8 bitmap_raw=0x00000001 size=1 bits=0x00000000
PROBE21FRAME gc=21 f=500 type=30 slot=1002 info=0x90c69a8 bitmap_raw=0x00000001 size=1 bits=0x00000000
PROBE21FRAME gc=21 f=501 type=30 slot=1004 info=0x90c69a8 bitmap_raw=0x00000001 size=1 bits=0x00000000
PROBE21FRAME gc=21 f=502 type=30 slot=1006 info=0x90c69a8 bitmap_raw=0x00000001 size=1 bits=0x00000000
PROBE21FRAME gc=21 f=503 type=30 slot=1008 info=0x90c69a8 bitmap_raw=0x00000001 size=1 bits=0x00000000
PROBE21FRAME gc=21 f=504 type=30 slot=1010 info=0x90c69a8 bitmap_raw=0x00000001 size=1 bits=0x00000000
PROBE21FRAME gc=21 f=505 type=30 slot=1012 info=0x90c69a8 bitmap_raw=0x00000001 size=1 bits=0x00000000
PROBE21FRAME gc=21 f=506 type=30 slot=1014 info=0x90c69a8 bitmap_raw=0x00000001 size=1 bits=0x00000000
PROBE21FRAME gc=21 f=507 type=30 slot=1016 info=0x90c69a8 bitmap_raw=0x00000001 size=1 bits=0x00000000
PROBE21FRAME gc=21 f=508 type=30 slot=1018 info=0x90c69a8 bitmap_raw=0x00000001 size=1 bits=0x00000000
PROBE21FRAME gc=21 f=509 type=30 slot=1020 info=0x90c69a8 bitmap_raw=0x00000001 size=1 bits=0x00000000
PROBE21FRAME gc=21 f=510 type=30 slot=1022 info=0x90c69a8 bitmap_raw=0x00000001 size=1 bits=0x00000000
PROBE21FRAME gc=21 f=511 type=30 slot=1024 info=0x90c69a8 bitmap_raw=0x00000001 size=1 bits=0x00000000
PROBE21FRAME gc=21 f=512 type=30 slot=1026 info=0x90c69a8 bitmap_raw=0x00000001 size=1 bits=0x00000000
PROBE21FRAME gc=21 f=513 type=30 slot=1028 info=0x90c69a8 bitmap_raw=0x00000001 size=1 bits=0x00000000
PROBE21FRAME gc=21 f=514 type=30 slot=1030 info=0x90c69a8 bitmap_raw=0x00000001 size=1 bits=0x00000000
PROBE21FRAME gc=21 f=515 type=30 slot=1032 info=0x90c69a8 bitmap_raw=0x00000001 size=1 bits=0x00000000
PROBE21FRAME gc=21 f=516 type=30 slot=1034 info=0x90c69a8 bitmap_raw=0x00000001 size=1 bits=0x00000000
PROBE21FRAME gc=21 f=517 type=30 slot=1036 info=0x90c69a8 bitmap_raw=0x00000001 size=1 bits=0x00000000
PROBE21FRAME gc=21 f=518 type=30 slot=1038 info=0x90c69a8 bitmap_raw=0x00000001 size=1 bits=0x00000000
PROBE21FRAME gc=21 f=519 type=30 slot=1040 info=0x90c69a8 bitmap_raw=0x00000001 size=1 bits=0x00000000
PROBE21FRAME gc=21 f=520 type=30 slot=1042 info=0x90c69a8 bitmap_raw=0x00000001 size=1 bits=0x00000000
PROBE21FRAME gc=21 f=521 type=30 slot=1044 info=0x90c69a8 bitmap_raw=0x00000001 size=1 bits=0x00000000
PROBE21FRAME gc=21 f=522 type=30 slot=1046 info=0x90c69a8 bitmap_raw=0x00000001 size=1 bits=0x00000000
PROBE21FRAME gc=21 f=523 type=30 slot=1048 info=0x90c69a8 bitmap_raw=0x00000001 size=1 bits=0x00000000
PROBE21FRAME gc=21 f=524 type=30 slot=1050 info=0x90c69a8 bitmap_raw=0x00000001 size=1 bits=0x00000000
PROBE21FRAME gc=21 f=525 type=30 slot=1052 info=0x90c69a8 bitmap_raw=0x00000001 size=1 bits=0x00000000
PROBE21FRAME gc=21 f=526 type=30 slot=1054 info=0x90c69a8 bitmap_raw=0x00000001 size=1 bits=0x00000000
PROBE21FRAME gc=21 f=527 type=30 slot=1056 info=0x90c69a8 bitmap_raw=0x00000001 size=1 bits=0x00000000
PROBE21FRAME gc=21 f=528 type=30 slot=1058 info=0x90c69a8 bitmap_raw=0x00000001 size=1 bits=0x00000000
PROBE21FRAME gc=21 f=529 type=30 slot=1060 info=0x90c69a8 bitmap_raw=0x00000001 size=1 bits=0x00000000
PROBE21FRAME gc=21 f=530 type=30 slot=1062 info=0x90c69a8 bitmap_raw=0x00000001 size=1 bits=0x00000000
PROBE21FRAME gc=21 f=531 type=30 slot=1064 info=0x90c69a8 bitmap_raw=0x00000001 size=1 bits=0x00000000
PROBE21FRAME gc=21 f=532 type=30 slot=1066 info=0x90c69a8 bitmap_raw=0x00000001 size=1 bits=0x00000000
PROBE21FRAME gc=21 f=533 type=30 slot=1068 info=0x90c69a8 bitmap_raw=0x00000001 size=1 bits=0x00000000
PROBE21FRAME gc=21 f=534 type=30 slot=1070 info=0x90c69a8 bitmap_raw=0x00000001 size=1 bits=0x00000000
PROBE21FRAME gc=21 f=535 type=30 slot=1072 info=0x90c69a8 bitmap_raw=0x00000001 size=1 bits=0x00000000
PROBE21FRAME gc=21 f=536 type=30 slot=1074 info=0x90c69a8 bitmap_raw=0x00000001 size=1 bits=0x00000000
PROBE21FRAME gc=21 f=537 type=30 slot=1076 info=0x90c69a8 bitmap_raw=0x00000001 size=1 bits=0x00000000
PROBE21FRAME gc=21 f=538 type=30 slot=1078 info=0x90c69a8 bitmap_raw=0x00000001 size=1 bits=0x00000000
PROBE21FRAME gc=21 f=539 type=30 slot=1080 info=0x90c69a8 bitmap_raw=0x00000001 size=1 bits=0x00000000
PROBE21FRAME gc=21 f=540 type=30 slot=1082 info=0x90c69a8 bitmap_raw=0x00000001 size=1 bits=0x00000000
PROBE21FRAME gc=21 f=541 type=30 slot=1084 info=0x90c69a8 bitmap_raw=0x00000001 size=1 bits=0x00000000
PROBE21FRAME gc=21 f=542 type=30 slot=1086 info=0x90c69a8 bitmap_raw=0x00000001 size=1 bits=0x00000000
PROBE21FRAME gc=21 f=543 type=30 slot=1088 info=0x90c69a8 bitmap_raw=0x00000001 size=1 bits=0x00000000
PROBE21FRAME gc=21 f=544 type=30 slot=1090 info=0x90c69a8 bitmap_raw=0x00000001 size=1 bits=0x00000000
PROBE21FRAME gc=21 f=545 type=30 slot=1092 info=0x90c69a8 bitmap_raw=0x00000001 size=1 bits=0x00000000
PROBE21FRAME gc=21 f=546 type=30 slot=1094 info=0x90c69a8 bitmap_raw=0x00000001 size=1 bits=0x00000000
PROBE21FRAME gc=21 f=547 type=30 slot=1096 info=0x90c69a8 bitmap_raw=0x00000001 size=1 bits=0x00000000
PROBE21FRAME gc=21 f=548 type=30 slot=1098 info=0x90c69a8 bitmap_raw=0x00000001 size=1 bits=0x00000000
PROBE21FRAME gc=21 f=549 type=30 slot=1100 info=0x90c69a8 bitmap_raw=0x00000001 size=1 bits=0x00000000
PROBE21FRAME gc=21 f=550 type=30 slot=1102 info=0x90c69a8 bitmap_raw=0x00000001 size=1 bits=0x00000000
PROBE21FRAME gc=21 f=551 type=30 slot=1104 info=0x90c69a8 bitmap_raw=0x00000001 size=1 bits=0x00000000
PROBE21FRAME gc=21 f=552 type=30 slot=1106 info=0x90c69a8 bitmap_raw=0x00000001 size=1 bits=0x00000000
PROBE21FRAME gc=21 f=553 type=30 slot=1108 info=0x90c69a8 bitmap_raw=0x00000001 size=1 bits=0x00000000
PROBE21FRAME gc=21 f=554 type=30 slot=1110 info=0x90c69a8 bitmap_raw=0x00000001 size=1 bits=0x00000000
PROBE21FRAME gc=21 f=555 type=30 slot=1112 info=0x90c69a8 bitmap_raw=0x00000001 size=1 bits=0x00000000
PROBE21FRAME gc=21 f=556 type=30 slot=1114 info=0x90c69a8 bitmap_raw=0x00000001 size=1 bits=0x00000000
PROBE21FRAME gc=21 f=557 type=30 slot=1116 info=0x90c69a8 bitmap_raw=0x00000001 size=1 bits=0x00000000
PROBE21FRAME gc=21 f=558 type=30 slot=1118 info=0x90c69a8 bitmap_raw=0x00000001 size=1 bits=0x00000000
PROBE21FRAME gc=21 f=559 type=30 slot=1120 info=0x90c69a8 bitmap_raw=0x00000001 size=1 bits=0x00000000
PROBE21FRAME gc=21 f=560 type=30 slot=1122 info=0x90c69a8 bitmap_raw=0x00000001 size=1 bits=0x00000000
PROBE21FRAME gc=21 f=561 type=30 slot=1124 info=0x90c69a8 bitmap_raw=0x00000001 size=1 bits=0x00000000
PROBE21FRAME gc=21 f=562 type=30 slot=1126 info=0x90c69a8 bitmap_raw=0x00000001 size=1 bits=0x00000000
PROBE21FRAME gc=21 f=563 type=30 slot=1128 info=0x90c69a8 bitmap_raw=0x00000001 size=1 bits=0x00000000
PROBE21FRAME gc=21 f=564 type=30 slot=1130 info=0x90c69a8 bitmap_raw=0x00000001 size=1 bits=0x00000000
PROBE21FRAME gc=21 f=565 type=30 slot=1132 info=0x90c69a8 bitmap_raw=0x00000001 size=1 bits=0x00000000
PROBE21FRAME gc=21 f=566 type=30 slot=1134 info=0x90c69a8 bitmap_raw=0x00000001 size=1 bits=0x00000000
PROBE21FRAME gc=21 f=567 type=30 slot=1136 info=0x90c69a8 bitmap_raw=0x00000001 size=1 bits=0x00000000
PROBE21FRAME gc=21 f=568 type=30 slot=1138 info=0x90c69a8 bitmap_raw=0x00000001 size=1 bits=0x00000000
PROBE21FRAME gc=21 f=569 type=30 slot=1140 info=0x90c69a8 bitmap_raw=0x00000001 size=1 bits=0x00000000
PROBE21FRAME gc=21 f=570 type=30 slot=1142 info=0x90c69a8 bitmap_raw=0x00000001 size=1 bits=0x00000000
PROBE21FRAME gc=21 f=571 type=30 slot=1144 info=0x90c69a8 bitmap_raw=0x00000001 size=1 bits=0x00000000
PROBE21FRAME gc=21 f=572 type=30 slot=1146 info=0x90c69a8 bitmap_raw=0x00000001 size=1 bits=0x00000000
PROBE21FRAME gc=21 f=573 type=30 slot=1148 info=0x90c69a8 bitmap_raw=0x00000001 size=1 bits=0x00000000
PROBE21FRAME gc=21 f=574 type=30 slot=1150 info=0x90c69a8 bitmap_raw=0x00000001 size=1 bits=0x00000000
PROBE21FRAME gc=21 f=575 type=30 slot=1152 info=0x90c69a8 bitmap_raw=0x00000001 size=1 bits=0x00000000
PROBE21FRAME gc=21 f=576 type=30 slot=1154 info=0x90c69a8 bitmap_raw=0x00000001 size=1 bits=0x00000000
PROBE21FRAME gc=21 f=577 type=30 slot=1156 info=0x90c69a8 bitmap_raw=0x00000001 size=1 bits=0x00000000
PROBE21FRAME gc=21 f=578 type=30 slot=1158 info=0x90c69a8 bitmap_raw=0x00000001 size=1 bits=0x00000000
PROBE21FRAME gc=21 f=579 type=30 slot=1160 info=0x90c69a8 bitmap_raw=0x00000001 size=1 bits=0x00000000
PROBE21FRAME gc=21 f=580 type=30 slot=1162 info=0x90c69a8 bitmap_raw=0x00000001 size=1 bits=0x00000000
PROBE21FRAME gc=21 f=581 type=30 slot=1164 info=0x90c69a8 bitmap_raw=0x00000001 size=1 bits=0x00000000
PROBE21FRAME gc=21 f=582 type=30 slot=1166 info=0x90c69a8 bitmap_raw=0x00000001 size=1 bits=0x00000000
PROBE21FRAME gc=21 f=583 type=30 slot=1168 info=0x90c69a8 bitmap_raw=0x00000001 size=1 bits=0x00000000
PROBE21FRAME gc=21 f=584 type=30 slot=1170 info=0x90c69a8 bitmap_raw=0x00000001 size=1 bits=0x00000000
PROBE21FRAME gc=21 f=585 type=30 slot=1172 info=0x90c69a8 bitmap_raw=0x00000001 size=1 bits=0x00000000
PROBE21FRAME gc=21 f=586 type=30 slot=1174 info=0x90c69a8 bitmap_raw=0x00000001 size=1 bits=0x00000000
PROBE21FRAME gc=21 f=587 type=30 slot=1176 info=0x90c69a8 bitmap_raw=0x00000001 size=1 bits=0x00000000
PROBE21FRAME gc=21 f=588 type=30 slot=1178 info=0x90c69a8 bitmap_raw=0x00000001 size=1 bits=0x00000000
PROBE21FRAME gc=21 f=589 type=30 slot=1180 info=0x90c69a8 bitmap_raw=0x00000001 size=1 bits=0x00000000
PROBE21FRAME gc=21 f=590 type=30 slot=1182 info=0x90c69a8 bitmap_raw=0x00000001 size=1 bits=0x00000000
PROBE21FRAME gc=21 f=591 type=30 slot=1184 info=0x90c69a8 bitmap_raw=0x00000001 size=1 bits=0x00000000
PROBE21FRAME gc=21 f=592 type=30 slot=1186 info=0x90c69a8 bitmap_raw=0x00000001 size=1 bits=0x00000000
PROBE21FRAME gc=21 f=593 type=30 slot=1188 info=0x90c69a8 bitmap_raw=0x00000001 size=1 bits=0x00000000
PROBE21FRAME gc=21 f=594 type=30 slot=1190 info=0x90c69a8 bitmap_raw=0x00000001 size=1 bits=0x00000000
PROBE21FRAME gc=21 f=595 type=30 slot=1192 info=0x90c69a8 bitmap_raw=0x00000001 size=1 bits=0x00000000
PROBE21FRAME gc=21 f=596 type=30 slot=1194 info=0x90c69a8 bitmap_raw=0x00000001 size=1 bits=0x00000000
PROBE21FRAME gc=21 f=597 type=30 slot=1196 info=0x90c69a8 bitmap_raw=0x00000001 size=1 bits=0x00000000
PROBE21FRAME gc=21 f=598 type=30 slot=1198 info=0x90c69a8 bitmap_raw=0x00000001 size=1 bits=0x00000000
PROBE21FRAME gc=21 f=599 type=30 slot=1200 info=0x90c69a8 bitmap_raw=0x00000001 size=1 bits=0x00000000
PROBE21FRAME gc=21 f=600 type=30 slot=1202 info=0x90c69a8 bitmap_raw=0x00000001 size=1 bits=0x00000000
PROBE21FRAME gc=21 f=601 type=30 slot=1204 info=0x90c69a8 bitmap_raw=0x00000001 size=1 bits=0x00000000
PROBE21FRAME gc=21 f=602 type=30 slot=1206 info=0x90c69a8 bitmap_raw=0x00000001 size=1 bits=0x00000000
PROBE21FRAME gc=21 f=603 type=30 slot=1208 info=0x90c69a8 bitmap_raw=0x00000001 size=1 bits=0x00000000
PROBE21FRAME gc=21 f=604 type=30 slot=1210 info=0x90c69a8 bitmap_raw=0x00000001 size=1 bits=0x00000000
PROBE21FRAME gc=21 f=605 type=30 slot=1212 info=0x90c69a8 bitmap_raw=0x00000001 size=1 bits=0x00000000
PROBE21FRAME gc=21 f=606 type=30 slot=1214 info=0x90c69a8 bitmap_raw=0x00000001 size=1 bits=0x00000000
PROBE21FRAME gc=21 f=607 type=30 slot=1216 info=0x90c69a8 bitmap_raw=0x00000001 size=1 bits=0x00000000
PROBE21FRAME gc=21 f=608 type=30 slot=1218 info=0x90c69a8 bitmap_raw=0x00000001 size=1 bits=0x00000000
PROBE21FRAME gc=21 f=609 type=30 slot=1220 info=0x90c69a8 bitmap_raw=0x00000001 size=1 bits=0x00000000
PROBE21FRAME gc=21 f=610 type=30 slot=1222 info=0x90c69a8 bitmap_raw=0x00000001 size=1 bits=0x00000000
PROBE21FRAME gc=21 f=611 type=30 slot=1224 info=0x90c69a8 bitmap_raw=0x00000001 size=1 bits=0x00000000
PROBE21FRAME gc=21 f=612 type=30 slot=1226 info=0x90c69a8 bitmap_raw=0x00000001 size=1 bits=0x00000000
PROBE21FRAME gc=21 f=613 type=30 slot=1228 info=0x90c69a8 bitmap_raw=0x00000001 size=1 bits=0x00000000
PROBE21FRAME gc=21 f=614 type=30 slot=1230 info=0x90c69a8 bitmap_raw=0x00000001 size=1 bits=0x00000000
PROBE21FRAME gc=21 f=615 type=30 slot=1232 info=0x90c69a8 bitmap_raw=0x00000001 size=1 bits=0x00000000
PROBE21FRAME gc=21 f=616 type=30 slot=1234 info=0x90c69a8 bitmap_raw=0x00000001 size=1 bits=0x00000000
PROBE21FRAME gc=21 f=617 type=30 slot=1236 info=0x90c69a8 bitmap_raw=0x00000001 size=1 bits=0x00000000
PROBE21FRAME gc=21 f=618 type=30 slot=1238 info=0x90c69a8 bitmap_raw=0x00000001 size=1 bits=0x00000000
PROBE21FRAME gc=21 f=619 type=30 slot=1240 info=0x90c69a8 bitmap_raw=0x00000001 size=1 bits=0x00000000
PROBE21FRAME gc=21 f=620 type=30 slot=1242 info=0x90c69a8 bitmap_raw=0x00000001 size=1 bits=0x00000000
PROBE21FRAME gc=21 f=621 type=30 slot=1244 info=0x90c69a8 bitmap_raw=0x00000001 size=1 bits=0x00000000
PROBE21FRAME gc=21 f=622 type=30 slot=1246 info=0x90c69a8 bitmap_raw=0x00000001 size=1 bits=0x00000000
PROBE21FRAME gc=21 f=623 type=30 slot=1248 info=0x90c69a8 bitmap_raw=0x00000001 size=1 bits=0x00000000
PROBE21FRAME gc=21 f=624 type=30 slot=1250 info=0x90c69a8 bitmap_raw=0x00000001 size=1 bits=0x00000000
PROBE21FRAME gc=21 f=625 type=30 slot=1252 info=0x90c69a8 bitmap_raw=0x00000001 size=1 bits=0x00000000
PROBE21FRAME gc=21 f=626 type=30 slot=1254 info=0x90c69a8 bitmap_raw=0x00000001 size=1 bits=0x00000000
PROBE21FRAME gc=21 f=627 type=30 slot=1256 info=0x90c69a8 bitmap_raw=0x00000001 size=1 bits=0x00000000
PROBE21FRAME gc=21 f=628 type=30 slot=1258 info=0x90c69a8 bitmap_raw=0x00000001 size=1 bits=0x00000000
PROBE21FRAME gc=21 f=629 type=30 slot=1260 info=0x90c69a8 bitmap_raw=0x00000001 size=1 bits=0x00000000
PROBE21FRAME gc=21 f=630 type=30 slot=1262 info=0x90c69a8 bitmap_raw=0x00000001 size=1 bits=0x00000000
PROBE21FRAME gc=21 f=631 type=30 slot=1264 info=0x90c69a8 bitmap_raw=0x00000001 size=1 bits=0x00000000
PROBE21FRAME gc=21 f=632 type=30 slot=1266 info=0x90c69a8 bitmap_raw=0x00000001 size=1 bits=0x00000000
PROBE21FRAME gc=21 f=633 type=30 slot=1268 info=0x90c69a8 bitmap_raw=0x00000001 size=1 bits=0x00000000
PROBE21FRAME gc=21 f=634 type=30 slot=1270 info=0x90c69a8 bitmap_raw=0x00000001 size=1 bits=0x00000000
PROBE21FRAME gc=21 f=635 type=30 slot=1272 info=0x90c69a8 bitmap_raw=0x00000001 size=1 bits=0x00000000
PROBE21FRAME gc=21 f=636 type=30 slot=1274 info=0x90c69a8 bitmap_raw=0x00000001 size=1 bits=0x00000000
PROBE21FRAME gc=21 f=637 type=30 slot=1276 info=0x90c69a8 bitmap_raw=0x00000001 size=1 bits=0x00000000
PROBE21FRAME gc=21 f=638 type=30 slot=1278 info=0x90c69a8 bitmap_raw=0x00000001 size=1 bits=0x00000000
PROBE21FRAME gc=21 f=639 type=30 slot=1280 info=0x90c69a8 bitmap_raw=0x00000001 size=1 bits=0x00000000
PROBE21FRAME gc=21 f=640 type=30 slot=1282 info=0x90c69a8 bitmap_raw=0x00000001 size=1 bits=0x00000000
PROBE21FRAME gc=21 f=641 type=30 slot=1284 info=0x90c69a8 bitmap_raw=0x00000001 size=1 bits=0x00000000
PROBE21FRAME gc=21 f=642 type=30 slot=1286 info=0x90c69a8 bitmap_raw=0x00000001 size=1 bits=0x00000000
PROBE21FRAME gc=21 f=643 type=30 slot=1288 info=0x90c69a8 bitmap_raw=0x00000001 size=1 bits=0x00000000
PROBE21FRAME gc=21 f=644 type=30 slot=1290 info=0x90c69a8 bitmap_raw=0x00000001 size=1 bits=0x00000000
PROBE21FRAME gc=21 f=645 type=30 slot=1292 info=0x90c69a8 bitmap_raw=0x00000001 size=1 bits=0x00000000
PROBE21FRAME gc=21 f=646 type=30 slot=1294 info=0x90c69a8 bitmap_raw=0x00000001 size=1 bits=0x00000000
PROBE21FRAME gc=21 f=647 type=30 slot=1296 info=0x90c69a8 bitmap_raw=0x00000001 size=1 bits=0x00000000
PROBE21FRAME gc=21 f=648 type=30 slot=1298 info=0x90c69a8 bitmap_raw=0x00000001 size=1 bits=0x00000000
PROBE21FRAME gc=21 f=649 type=30 slot=1300 info=0x90c69a8 bitmap_raw=0x00000001 size=1 bits=0x00000000
PROBE21FRAME gc=21 f=650 type=30 slot=1302 info=0x90c69a8 bitmap_raw=0x00000001 size=1 bits=0x00000000
PROBE21FRAME gc=21 f=651 type=30 slot=1304 info=0x90c69a8 bitmap_raw=0x00000001 size=1 bits=0x00000000
PROBE21FRAME gc=21 f=652 type=30 slot=1306 info=0x90c69a8 bitmap_raw=0x00000001 size=1 bits=0x00000000
PROBE21FRAME gc=21 f=653 type=30 slot=1308 info=0x90c69a8 bitmap_raw=0x00000001 size=1 bits=0x00000000
PROBE21FRAME gc=21 f=654 type=30 slot=1310 info=0x90c69a8 bitmap_raw=0x00000001 size=1 bits=0x00000000
PROBE21FRAME gc=21 f=655 type=30 slot=1312 info=0x90c69a8 bitmap_raw=0x00000001 size=1 bits=0x00000000
PROBE21FRAME gc=21 f=656 type=30 slot=1314 info=0x90c69a8 bitmap_raw=0x00000001 size=1 bits=0x00000000
PROBE21FRAME gc=21 f=657 type=30 slot=1316 info=0x90c69a8 bitmap_raw=0x00000001 size=1 bits=0x00000000
PROBE21FRAME gc=21 f=658 type=30 slot=1318 info=0x90c69a8 bitmap_raw=0x00000001 size=1 bits=0x00000000
PROBE21FRAME gc=21 f=659 type=30 slot=1320 info=0x90c69a8 bitmap_raw=0x00000001 size=1 bits=0x00000000
PROBE21FRAME gc=21 f=660 type=30 slot=1322 info=0x90c69a8 bitmap_raw=0x00000001 size=1 bits=0x00000000
PROBE21FRAME gc=21 f=661 type=30 slot=1324 info=0x90c69a8 bitmap_raw=0x00000001 size=1 bits=0x00000000
PROBE21FRAME gc=21 f=662 type=30 slot=1326 info=0x90c69a8 bitmap_raw=0x00000001 size=1 bits=0x00000000
PROBE21FRAME gc=21 f=663 type=30 slot=1328 info=0x90c69a8 bitmap_raw=0x00000001 size=1 bits=0x00000000
PROBE21FRAME gc=21 f=664 type=30 slot=1330 info=0x90c69a8 bitmap_raw=0x00000001 size=1 bits=0x00000000
PROBE21FRAME gc=21 f=665 type=30 slot=1332 info=0x90c69a8 bitmap_raw=0x00000001 size=1 bits=0x00000000
PROBE21FRAME gc=21 f=666 type=30 slot=1334 info=0x90c69a8 bitmap_raw=0x00000001 size=1 bits=0x00000000
PROBE21FRAME gc=21 f=667 type=30 slot=1336 info=0x90c69a8 bitmap_raw=0x00000001 size=1 bits=0x00000000
PROBE21FRAME gc=21 f=668 type=30 slot=1338 info=0x90c69a8 bitmap_raw=0x00000001 size=1 bits=0x00000000
PROBE21FRAME gc=21 f=669 type=30 slot=1340 info=0x90c69a8 bitmap_raw=0x00000001 size=1 bits=0x00000000
PROBE21FRAME gc=21 f=670 type=30 slot=1342 info=0x90c69a8 bitmap_raw=0x00000001 size=1 bits=0x00000000
PROBE21FRAME gc=21 f=671 type=30 slot=1344 info=0x90c69a8 bitmap_raw=0x00000001 size=1 bits=0x00000000
PROBE21FRAME gc=21 f=672 type=30 slot=1346 info=0x90c69a8 bitmap_raw=0x00000001 size=1 bits=0x00000000
PROBE21FRAME gc=21 f=673 type=30 slot=1348 info=0x90c69a8 bitmap_raw=0x00000001 size=1 bits=0x00000000
PROBE21FRAME gc=21 f=674 type=30 slot=1350 info=0x90c69a8 bitmap_raw=0x00000001 size=1 bits=0x00000000
PROBE21FRAME gc=21 f=675 type=30 slot=1352 info=0x90c69a8 bitmap_raw=0x00000001 size=1 bits=0x00000000
PROBE21FRAME gc=21 f=676 type=30 slot=1354 info=0x90c69a8 bitmap_raw=0x00000001 size=1 bits=0x00000000
PROBE21FRAME gc=21 f=677 type=30 slot=1356 info=0x90c69a8 bitmap_raw=0x00000001 size=1 bits=0x00000000
PROBE21FRAME gc=21 f=678 type=30 slot=1358 info=0x90c69a8 bitmap_raw=0x00000001 size=1 bits=0x00000000
PROBE21FRAME gc=21 f=679 type=30 slot=1360 info=0x90c69a8 bitmap_raw=0x00000001 size=1 bits=0x00000000
PROBE21FRAME gc=21 f=680 type=30 slot=1362 info=0x90c69a8 bitmap_raw=0x00000001 size=1 bits=0x00000000
PROBE21FRAME gc=21 f=681 type=30 slot=1364 info=0x90c69a8 bitmap_raw=0x00000001 size=1 bits=0x00000000
PROBE21FRAME gc=21 f=682 type=30 slot=1366 info=0x90c69a8 bitmap_raw=0x00000001 size=1 bits=0x00000000
PROBE21FRAME gc=21 f=683 type=30 slot=1368 info=0x90c69a8 bitmap_raw=0x00000001 size=1 bits=0x00000000
PROBE21FRAME gc=21 f=684 type=30 slot=1370 info=0x90c69a8 bitmap_raw=0x00000001 size=1 bits=0x00000000
PROBE21FRAME gc=21 f=685 type=30 slot=1372 info=0x90c69a8 bitmap_raw=0x00000001 size=1 bits=0x00000000
PROBE21FRAME gc=21 f=686 type=30 slot=1374 info=0x90c69a8 bitmap_raw=0x00000001 size=1 bits=0x00000000
PROBE21FRAME gc=21 f=687 type=30 slot=1376 info=0x90c69a8 bitmap_raw=0x00000001 size=1 bits=0x00000000
PROBE21FRAME gc=21 f=688 type=30 slot=1378 info=0x90c69a8 bitmap_raw=0x00000001 size=1 bits=0x00000000
PROBE21FRAME gc=21 f=689 type=30 slot=1380 info=0x90c69a8 bitmap_raw=0x00000001 size=1 bits=0x00000000
PROBE21FRAME gc=21 f=690 type=30 slot=1382 info=0x90c69a8 bitmap_raw=0x00000001 size=1 bits=0x00000000
PROBE21FRAME gc=21 f=691 type=30 slot=1384 info=0x90c69a8 bitmap_raw=0x00000001 size=1 bits=0x00000000
PROBE21FRAME gc=21 f=692 type=30 slot=1386 info=0x90c69a8 bitmap_raw=0x00000001 size=1 bits=0x00000000
PROBE21FRAME gc=21 f=693 type=30 slot=1388 info=0x90c69a8 bitmap_raw=0x00000001 size=1 bits=0x00000000
PROBE21FRAME gc=21 f=694 type=30 slot=1390 info=0x90c69a8 bitmap_raw=0x00000001 size=1 bits=0x00000000
PROBE21FRAME gc=21 f=695 type=30 slot=1392 info=0x90c69a8 bitmap_raw=0x00000001 size=1 bits=0x00000000
PROBE21FRAME gc=21 f=696 type=30 slot=1394 info=0x90c69a8 bitmap_raw=0x00000001 size=1 bits=0x00000000
PROBE21FRAME gc=21 f=697 type=30 slot=1396 info=0x90c69a8 bitmap_raw=0x00000001 size=1 bits=0x00000000
PROBE21FRAME gc=21 f=698 type=30 slot=1398 info=0x90c69a8 bitmap_raw=0x00000001 size=1 bits=0x00000000
PROBE21FRAME gc=21 f=699 type=30 slot=1400 info=0x90c69a8 bitmap_raw=0x00000001 size=1 bits=0x00000000
PROBE21FRAME gc=21 f=700 type=30 slot=1402 info=0x90c69a8 bitmap_raw=0x00000001 size=1 bits=0x00000000
PROBE21FRAME gc=21 f=701 type=30 slot=1404 info=0x90c69a8 bitmap_raw=0x00000001 size=1 bits=0x00000000
PROBE21FRAME gc=21 f=702 type=30 slot=1406 info=0x90c69a8 bitmap_raw=0x00000001 size=1 bits=0x00000000
PROBE21FRAME gc=21 f=703 type=30 slot=1408 info=0x90c69a8 bitmap_raw=0x00000001 size=1 bits=0x00000000
PROBE21FRAME gc=21 f=704 type=30 slot=1410 info=0x90c69a8 bitmap_raw=0x00000001 size=1 bits=0x00000000
PROBE21FRAME gc=21 f=705 type=30 slot=1412 info=0x90c69a8 bitmap_raw=0x00000001 size=1 bits=0x00000000
PROBE21FRAME gc=21 f=706 type=30 slot=1414 info=0x90c69a8 bitmap_raw=0x00000001 size=1 bits=0x00000000
PROBE21FRAME gc=21 f=707 type=30 slot=1416 info=0x90c69a8 bitmap_raw=0x00000001 size=1 bits=0x00000000
PROBE21FRAME gc=21 f=708 type=30 slot=1418 info=0x90c69a8 bitmap_raw=0x00000001 size=1 bits=0x00000000
PROBE21FRAME gc=21 f=709 type=30 slot=1420 info=0x90c69a8 bitmap_raw=0x00000001 size=1 bits=0x00000000
PROBE21FRAME gc=21 f=710 type=30 slot=1422 info=0x90c69a8 bitmap_raw=0x00000001 size=1 bits=0x00000000
PROBE21FRAME gc=21 f=711 type=30 slot=1424 info=0x90c69a8 bitmap_raw=0x00000001 size=1 bits=0x00000000
PROBE21FRAME gc=21 f=712 type=30 slot=1426 info=0x90c69a8 bitmap_raw=0x00000001 size=1 bits=0x00000000
PROBE21FRAME gc=21 f=713 type=30 slot=1428 info=0x90c69a8 bitmap_raw=0x00000001 size=1 bits=0x00000000
PROBE21FRAME gc=21 f=714 type=30 slot=1430 info=0x90c69a8 bitmap_raw=0x00000001 size=1 bits=0x00000000
PROBE21FRAME gc=21 f=715 type=30 slot=1432 info=0x90c69a8 bitmap_raw=0x00000001 size=1 bits=0x00000000
PROBE21FRAME gc=21 f=716 type=30 slot=1434 info=0x90c69a8 bitmap_raw=0x00000001 size=1 bits=0x00000000
PROBE21FRAME gc=21 f=717 type=30 slot=1436 info=0x90c69a8 bitmap_raw=0x00000001 size=1 bits=0x00000000
PROBE21FRAME gc=21 f=718 type=30 slot=1438 info=0x90c69a8 bitmap_raw=0x00000001 size=1 bits=0x00000000
PROBE21FRAME gc=21 f=719 type=30 slot=1440 info=0x90c69a8 bitmap_raw=0x00000001 size=1 bits=0x00000000
PROBE21FRAME gc=21 f=720 type=30 slot=1442 info=0x90c69a8 bitmap_raw=0x00000001 size=1 bits=0x00000000
PROBE21FRAME gc=21 f=721 type=30 slot=1444 info=0x90c69a8 bitmap_raw=0x00000001 size=1 bits=0x00000000
PROBE21FRAME gc=21 f=722 type=30 slot=1446 info=0x90c69a8 bitmap_raw=0x00000001 size=1 bits=0x00000000
PROBE21FRAME gc=21 f=723 type=30 slot=1448 info=0x90c69a8 bitmap_raw=0x00000001 size=1 bits=0x00000000
PROBE21FRAME gc=21 f=724 type=30 slot=1450 info=0x90c69a8 bitmap_raw=0x00000001 size=1 bits=0x00000000
PROBE21FRAME gc=21 f=725 type=30 slot=1452 info=0x90c69a8 bitmap_raw=0x00000001 size=1 bits=0x00000000
PROBE21FRAME gc=21 f=726 type=30 slot=1454 info=0x90c69a8 bitmap_raw=0x00000001 size=1 bits=0x00000000
PROBE21FRAME gc=21 f=727 type=30 slot=1456 info=0x90c69a8 bitmap_raw=0x00000001 size=1 bits=0x00000000
PROBE21FRAME gc=21 f=728 type=30 slot=1458 info=0x90c69a8 bitmap_raw=0x00000001 size=1 bits=0x00000000
PROBE21FRAME gc=21 f=729 type=30 slot=1460 info=0x90c69a8 bitmap_raw=0x00000001 size=1 bits=0x00000000
PROBE21FRAME gc=21 f=730 type=30 slot=1462 info=0x90c69a8 bitmap_raw=0x00000001 size=1 bits=0x00000000
PROBE21FRAME gc=21 f=731 type=30 slot=1464 info=0x90c69a8 bitmap_raw=0x00000001 size=1 bits=0x00000000
PROBE21FRAME gc=21 f=732 type=30 slot=1466 info=0x90c69a8 bitmap_raw=0x00000001 size=1 bits=0x00000000
PROBE21FRAME gc=21 f=733 type=30 slot=1468 info=0x90c69a8 bitmap_raw=0x00000001 size=1 bits=0x00000000
PROBE21FRAME gc=21 f=734 type=30 slot=1470 info=0x90c69a8 bitmap_raw=0x00000001 size=1 bits=0x00000000
PROBE21FRAME gc=21 f=735 type=30 slot=1472 info=0x90c69a8 bitmap_raw=0x00000001 size=1 bits=0x00000000
PROBE21FRAME gc=21 f=736 type=30 slot=1474 info=0x90c69a8 bitmap_raw=0x00000001 size=1 bits=0x00000000
PROBE21FRAME gc=21 f=737 type=30 slot=1476 info=0x90c69a8 bitmap_raw=0x00000001 size=1 bits=0x00000000
PROBE21FRAME gc=21 f=738 type=30 slot=1478 info=0x90c69a8 bitmap_raw=0x00000001 size=1 bits=0x00000000
PROBE21FRAME gc=21 f=739 type=30 slot=1480 info=0x90c69a8 bitmap_raw=0x00000001 size=1 bits=0x00000000
PROBE21FRAME gc=21 f=740 type=30 slot=1482 info=0x90c69a8 bitmap_raw=0x00000001 size=1 bits=0x00000000
PROBE21FRAME gc=21 f=741 type=30 slot=1484 info=0x90c69a8 bitmap_raw=0x00000001 size=1 bits=0x00000000
PROBE21FRAME gc=21 f=742 type=30 slot=1486 info=0x90c69a8 bitmap_raw=0x00000001 size=1 bits=0x00000000
PROBE21FRAME gc=21 f=743 type=30 slot=1488 info=0x90c69a8 bitmap_raw=0x00000001 size=1 bits=0x00000000
PROBE21FRAME gc=21 f=744 type=30 slot=1490 info=0x92463f0 bitmap_raw=0x00000001 size=1 bits=0x00000000
PROBE21FRAME gc=21 f=745 type=30 slot=1492 info=0x8e52acc bitmap_raw=0x00000f09 size=9 bits=0x00000078
PROBE21BAD gc=21 f=745 type=30 slot=1497 pay=4 val=0x0cb85a5e is_ptr=0 bd_gen=0 bd_flags=0x0 deref_ok=1 info=0x0cb85a39
PROBE21BAD gc=21 f=745 type=30 slot=1499 pay=6 val=0x0cb85a68 is_ptr=0 bd_gen=0 bd_flags=0x0 deref_ok=1 info=0x0959ab9a
PROBE21FRAME gc=21 f=746 type=30 slot=1502 info=0x921765c bitmap_raw=0x00000000 size=0 bits=0x00000000
PROBE21FRAME gc=21 f=747 type=34 slot=1503 info=0x92a27e8 bitmap_raw=0x00000022 size=2 bits=0x00000001
PROBE21FRAME gc=21 f=748 type=30 slot=1506 info=0x92463f0 bitmap_raw=0x00000001 size=1 bits=0x00000000
PROBE21FRAME gc=21 f=749 type=30 slot=1508 info=0x92463f0 bitmap_raw=0x00000001 size=1 bits=0x00000000
PROBE21FRAME gc=21 f=750 type=30 slot=1510 info=0x92463f0 bitmap_raw=0x00000001 size=1 bits=0x00000000
PROBE21FRAME gc=21 f=751 type=30 slot=1512 info=0x92463f0 bitmap_raw=0x00000001 size=1 bits=0x00000000
PROBE21FRAME gc=21 f=752 type=30 slot=1514 info=0x92463f0 bitmap_raw=0x00000001 size=1 bits=0x00000000
PROBE21FRAME gc=21 f=753 type=30 slot=1516 info=0x92463f0 bitmap_raw=0x00000001 size=1 bits=0x00000000
PROBE21FRAME gc=21 f=754 type=30 slot=1518 info=0x92463f0 bitmap_raw=0x00000001 size=1 bits=0x00000000
PROBE21FRAME gc=21 f=755 type=30 slot=1520 info=0x92463f0 bitmap_raw=0x00000001 size=1 bits=0x00000000
PROBE21FRAME gc=21 f=756 type=30 slot=1522 info=0x92463f0 bitmap_raw=0x00000001 size=1 bits=0x00000000
PROBE21FRAME gc=21 f=757 type=30 slot=1524 info=0x92463f0 bitmap_raw=0x00000001 size=1 bits=0x00000000
PROBE21FRAME gc=21 f=758 type=30 slot=1526 info=0x92462b8 bitmap_raw=0x00000042 size=2 bits=0x00000002
PROBE21BAD gc=21 f=758 type=30 slot=1528 pay=1 val=0x0cb7cee8 is_ptr=0 bd_gen=0 bd_flags=0x0 deref_ok=1 info=0x0000003a
PROBE21FRAME gc=21 f=759 type=30 slot=1529 info=0x92463f0 bitmap_raw=0x00000001 size=1 bits=0x00000000
PROBE21FRAME gc=21 f=760 type=30 slot=1531 info=0x92463f0 bitmap_raw=0x00000001 size=1 bits=0x00000000
PROBE21FRAME gc=21 f=761 type=30 slot=1533 info=0x92463f0 bitmap_raw=0x00000001 size=1 bits=0x00000000
PROBE21FRAME gc=21 f=762 type=30 slot=1535 info=0x92463f0 bitmap_raw=0x00000001 size=1 bits=0x00000000
PROBE21FRAME gc=21 f=763 type=30 slot=1537 info=0x92463f0 bitmap_raw=0x00000001 size=1 bits=0x00000000
PROBE21FRAME gc=21 f=764 type=30 slot=1539 info=0x92463f0 bitmap_raw=0x00000001 size=1 bits=0x00000000
PROBE21FRAME gc=21 f=765 type=30 slot=1541 info=0x92463f0 bitmap_raw=0x00000001 size=1 bits=0x00000000
PROBE21FRAME gc=21 f=766 type=30 slot=1543 info=0x92463f0 bitmap_raw=0x00000001 size=1 bits=0x00000000
PROBE21FRAME gc=21 f=767 type=30 slot=1545 info=0x92463f0 bitmap_raw=0x00000001 size=1 bits=0x00000000
PROBE21FRAME gc=21 f=768 type=30 slot=1547 info=0x92463f0 bitmap_raw=0x00000001 size=1 bits=0x00000000
PROBE21FRAME gc=21 f=769 type=30 slot=1549 info=0x92463f0 bitmap_raw=0x00000001 size=1 bits=0x00000000
PROBE21FRAME gc=21 f=770 type=30 slot=1551 info=0x92463f0 bitmap_raw=0x00000001 size=1 bits=0x00000000
PROBE21FRAME gc=21 f=771 type=30 slot=1553 info=0x92463f0 bitmap_raw=0x00000001 size=1 bits=0x00000000
PROBE21FRAME gc=21 f=772 type=30 slot=1555 info=0x92463f0 bitmap_raw=0x00000001 size=1 bits=0x00000000
PROBE21FRAME gc=21 f=773 type=30 slot=1557 info=0x92463f0 bitmap_raw=0x00000001 size=1 bits=0x00000000
PROBE21FRAME gc=21 f=774 type=30 slot=1559 info=0x92463f0 bitmap_raw=0x00000001 size=1 bits=0x00000000
PROBE21FRAME gc=21 f=775 type=30 slot=1561 info=0x92463f0 bitmap_raw=0x00000001 size=1 bits=0x00000000
PROBE21FRAME gc=21 f=776 type=30 slot=1563 info=0x92463f0 bitmap_raw=0x00000001 size=1 bits=0x00000000
PROBE21FRAME gc=21 f=777 type=30 slot=1565 info=0x92462b8 bitmap_raw=0x00000042 size=2 bits=0x00000002
PROBE21BAD gc=21 f=777 type=30 slot=1567 pay=1 val=0x0cb7a98c is_ptr=0 bd_gen=0 bd_flags=0x0 deref_ok=1 info=0x092809a8
PROBE21FRAME gc=21 f=778 type=30 slot=1568 info=0x9246294 bitmap_raw=0x00000001 size=1 bits=0x00000000
PROBE21FRAME gc=21 f=779 type=30 slot=1570 info=0x92463f0 bitmap_raw=0x00000001 size=1 bits=0x00000000
PROBE21FRAME gc=21 f=780 type=30 slot=1572 info=0x92463f0 bitmap_raw=0x00000001 size=1 bits=0x00000000
PROBE21FRAME gc=21 f=781 type=30 slot=1574 info=0x92463f0 bitmap_raw=0x00000001 size=1 bits=0x00000000
PROBE21FRAME gc=21 f=782 type=30 slot=1576 info=0x92463f0 bitmap_raw=0x00000001 size=1 bits=0x00000000
PROBE21FRAME gc=21 f=783 type=30 slot=1578 info=0x92462b8 bitmap_raw=0x00000042 size=2 bits=0x00000002
PROBE21BAD gc=21 f=783 type=30 slot=1580 pay=1 val=0x0cb78fcc is_ptr=0 bd_gen=0 bd_flags=0x0 deref_ok=1 info=0x00007ec7
PROBE21FRAME gc=21 f=784 type=30 slot=1581 info=0x9246294 bitmap_raw=0x00000001 size=1 bits=0x00000000
PROBE21FRAME gc=21 f=785 type=30 slot=1583 info=0x92463f0 bitmap_raw=0x00000001 size=1 bits=0x00000000
PROBE21FRAME gc=21 f=786 type=30 slot=1585 info=0x92463f0 bitmap_raw=0x00000001 size=1 bits=0x00000000
PROBE21FRAME gc=21 f=787 type=30 slot=1587 info=0x92463f0 bitmap_raw=0x00000001 size=1 bits=0x00000000
PROBE21FRAME gc=21 f=788 type=30 slot=1589 info=0x92463f0 bitmap_raw=0x00000001 size=1 bits=0x00000000
PROBE21FRAME gc=21 f=789 type=30 slot=1591 info=0x92463f0 bitmap_raw=0x00000001 size=1 bits=0x00000000
PROBE21FRAME gc=21 f=790 type=30 slot=1593 info=0x92463f0 bitmap_raw=0x00000001 size=1 bits=0x00000000
PROBE21FRAME gc=21 f=791 type=30 slot=1595 info=0x92463f0 bitmap_raw=0x00000001 size=1 bits=0x00000000
PROBE21FRAME gc=21 f=792 type=30 slot=1597 info=0x92463f0 bitmap_raw=0x00000001 size=1 bits=0x00000000
PROBE21FRAME gc=21 f=793 type=30 slot=1599 info=0x92463f0 bitmap_raw=0x00000001 size=1 bits=0x00000000
PROBE21FRAME gc=21 f=794 type=30 slot=1601 info=0x921765c bitmap_raw=0x00000000 size=0 bits=0x00000000
PROBE21FRAME gc=21 f=795 type=34 slot=1602 info=0x92a27e8 bitmap_raw=0x00000022 size=2 bits=0x00000001
PROBE21FRAME gc=21 f=796 type=30 slot=1605 info=0x92463f0 bitmap_raw=0x00000001 size=1 bits=0x00000000
PROBE21FRAME gc=21 f=797 type=30 slot=1607 info=0x92463f0 bitmap_raw=0x00000001 size=1 bits=0x00000000
PROBE21FRAME gc=21 f=798 type=30 slot=1609 info=0x92463f0 bitmap_raw=0x00000001 size=1 bits=0x00000000
PROBE21FRAME gc=21 f=799 type=30 slot=1611 info=0x92463f0 bitmap_raw=0x00000001 size=1 bits=0x00000000
PROBE21FRAME gc=21 f=800 type=30 slot=1613 info=0x92463f0 bitmap_raw=0x00000001 size=1 bits=0x00000000
PROBE21FRAME gc=21 f=801 type=30 slot=1615 info=0x92463f0 bitmap_raw=0x00000001 size=1 bits=0x00000000
PROBE21FRAME gc=21 f=802 type=30 slot=1617 info=0x92463f0 bitmap_raw=0x00000001 size=1 bits=0x00000000
PROBE21FRAME gc=21 f=803 type=30 slot=1619 info=0x92463f0 bitmap_raw=0x00000001 size=1 bits=0x00000000
PROBE21FRAME gc=21 f=804 type=30 slot=1621 info=0x92463f0 bitmap_raw=0x00000001 size=1 bits=0x00000000
PROBE21FRAME gc=21 f=805 type=30 slot=1623 info=0x921765c bitmap_raw=0x00000000 size=0 bits=0x00000000
PROBE21FRAME gc=21 f=806 type=34 slot=1624 info=0x92a27e8 bitmap_raw=0x00000022 size=2 bits=0x00000001
PROBE21FRAME gc=21 f=807 type=30 slot=1627 info=0x92463f0 bitmap_raw=0x00000001 size=1 bits=0x00000000
PROBE21FRAME gc=21 f=808 type=30 slot=1629 info=0x92463f0 bitmap_raw=0x00000001 size=1 bits=0x00000000
PROBE21FRAME gc=21 f=809 type=30 slot=1631 info=0x92463f0 bitmap_raw=0x00000001 size=1 bits=0x00000000
PROBE21FRAME gc=21 f=810 type=30 slot=1633 info=0x92463f0 bitmap_raw=0x00000001 size=1 bits=0x00000000
PROBE21FRAME gc=21 f=811 type=30 slot=1635 info=0x92463f0 bitmap_raw=0x00000001 size=1 bits=0x00000000
PROBE21FRAME gc=21 f=812 type=30 slot=1637 info=0x92463f0 bitmap_raw=0x00000001 size=1 bits=0x00000000
PROBE21FRAME gc=21 f=813 type=30 slot=1639 info=0x92463f0 bitmap_raw=0x00000001 size=1 bits=0x00000000
PROBE21FRAME gc=21 f=814 type=30 slot=1641 info=0x92462b8 bitmap_raw=0x00000042 size=2 bits=0x00000002
PROBE21BAD gc=21 f=814 type=30 slot=1643 pay=1 val=0x0cb543d4 is_ptr=0 bd_gen=0 bd_flags=0x0 deref_ok=1 info=0x00000018
PROBE21FRAME gc=21 f=815 type=30 slot=1644 info=0x92463f0 bitmap_raw=0x00000001 size=1 bits=0x00000000
PROBE21FRAME gc=21 f=816 type=30 slot=1646 info=0x92463f0 bitmap_raw=0x00000001 size=1 bits=0x00000000
PROBE21FRAME gc=21 f=817 type=30 slot=1648 info=0x92463f0 bitmap_raw=0x00000001 size=1 bits=0x00000000
PROBE21FRAME gc=21 f=818 type=30 slot=1650 info=0x92463f0 bitmap_raw=0x00000001 size=1 bits=0x00000000
PROBE21FRAME gc=21 f=819 type=30 slot=1652 info=0x92463f0 bitmap_raw=0x00000001 size=1 bits=0x00000000
PROBE21FRAME gc=21 f=820 type=30 slot=1654 info=0x92463f0 bitmap_raw=0x00000001 size=1 bits=0x00000000
PROBE21FRAME gc=21 f=821 type=30 slot=1656 info=0x92463f0 bitmap_raw=0x00000001 size=1 bits=0x00000000
PROBE21FRAME gc=21 f=822 type=30 slot=1658 info=0x92463f0 bitmap_raw=0x00000001 size=1 bits=0x00000000
PROBE21FRAME gc=21 f=823 type=30 slot=1660 info=0x92463f0 bitmap_raw=0x00000001 size=1 bits=0x00000000
PROBE21FRAME gc=21 f=824 type=30 slot=1662 info=0x924624c bitmap_raw=0x00000043 size=3 bits=0x00000002
PROBE21BAD gc=21 f=824 type=30 slot=1664 pay=1 val=0x0cb2ef7c is_ptr=0 bd_gen=0 bd_flags=0x0 deref_ok=1 info=0x092a2e04
PROBE21FRAME gc=21 f=825 type=30 slot=1666 info=0x92463f0 bitmap_raw=0x00000001 size=1 bits=0x00000000
PROBE21FRAME gc=21 f=826 type=34 slot=1668 info=0x92a27e8 bitmap_raw=0x00000022 size=2 bits=0x00000001
PROBE21FRAME gc=21 f=827 type=30 slot=1671 info=0x92463f0 bitmap_raw=0x00000001 size=1 bits=0x00000000
PROBE21FRAME gc=21 f=828 type=34 slot=1673 info=0x92a27e8 bitmap_raw=0x00000022 size=2 bits=0x00000001
PROBE21FRAME gc=21 f=829 type=30 slot=1676 info=0x92a27d0 bitmap_raw=0x00000000 size=0 bits=0x00000000
PROBE21FRAME gc=21 f=830 type=34 slot=1677 info=0x92a27e8 bitmap_raw=0x00000022 size=2 bits=0x00000001
PROBE21FRAME gc=21 f=831 type=30 slot=1680 info=0x9143d50 bitmap_raw=0x00000043 size=3 bits=0x00000002
PROBE21BAD gc=21 f=831 type=30 slot=1682 pay=1 val=0x0cb51339 is_ptr=0 bd_gen=0 bd_flags=0x0 deref_ok=1 info=0x0cba424d
PROBE21FRAME gc=21 f=832 type=30 slot=1684 info=0x92a27c4 bitmap_raw=0x00000000 size=0 bits=0x00000000
PROBE21FRAME gc=21 f=833 type=30 slot=1685 info=0x92463f0 bitmap_raw=0x00000001 size=1 bits=0x00000000
PROBE21FRAME gc=21 f=834 type=30 slot=1687 info=0x92a27d0 bitmap_raw=0x00000000 size=0 bits=0x00000000
PROBE21FRAME gc=21 f=835 type=34 slot=1688 info=0x92a27e8 bitmap_raw=0x00000022 size=2 bits=0x00000001
PROBE21FRAME gc=21 f=836 type=30 slot=1691 info=0x9143d50 bitmap_raw=0x00000043 size=3 bits=0x00000002
PROBE21BAD gc=21 f=836 type=30 slot=1693 pay=1 val=0x0cb15ed1 is_ptr=0 bd_gen=0 bd_flags=0x0 deref_ok=1 info=0x092a2e04
PROBE21FRAME gc=21 f=837 type=30 slot=1695 info=0x92a27c4 bitmap_raw=0x00000000 size=0 bits=0x00000000
PROBE21FRAME gc=21 f=838 type=30 slot=1696 info=0x92463f0 bitmap_raw=0x00000001 size=1 bits=0x00000000
PROBE21FRAME gc=21 f=839 type=34 slot=1698 info=0x92a27e8 bitmap_raw=0x00000022 size=2 bits=0x00000001
PROBE21FRAME gc=21 f=840 type=34 slot=1701 info=0x92a27e8 bitmap_raw=0x00000022 size=2 bits=0x00000001
PROBE21FRAME gc=21 f=841 type=34 slot=1704 info=0x92a27e8 bitmap_raw=0x00000022 size=2 bits=0x00000001
PROBE21FRAME gc=21 f=842 type=36 slot=1707 info=0x92a3148 bitmap_raw=0x00000000 size=0 bits=0x00000000
PROBE20BAD gc_no=22 slot=31 val=0x0cbfb714 bd_gen=0 bd_flags=0x0
PROBE20BAD gc_no=22 slot=38 val=0x0cbfbeb0 bd_gen=0 bd_flags=0x0
PROBE20BAD gc_no=22 slot=47 val=0x0cbfbde0 bd_gen=0 bd_flags=0x0
PROBE20BAD gc_no=22 slot=84 val=0x0cb543d4 bd_gen=0 bd_flags=0x0
PROBE20BAD gc_no=22 slot=105 val=0x0cb2ef7c bd_gen=0 bd_flags=0x0
PROBE20BAD gc_no=22 slot=123 val=0x0cb51339 bd_gen=0 bd_flags=0x0
PROBE20BAD gc_no=22 slot=134 val=0x0cb15ed1 bd_gen=0 bd_flags=0x0
PROBE20 gc_no=22 N=0 major=0 tso=0xd9e17d8 stk=0xcde1000 sp=0xcde8dac end=0xcde9000 words=149 heap_ptr=65 evacd=58 g0=33 g1=32 other=0 rCurNurs=0xcb01fc0 rCurAlloc=0xcb013a0 rCurTSO=0x0
PROBE21FRAME gc=22 f=0 type=30 slot=0 info=0x92a2950 bitmap_raw=0x00000062 size=2 bits=0x00000003
PROBE21FRAME gc=22 f=1 type=30 slot=3 info=0x9241340 bitmap_raw=0x00000001 size=1 bits=0x00000000
PROBE21FRAME gc=22 f=2 type=30 slot=5 info=0x924e274 bitmap_raw=0x00000000 size=0 bits=0x00000000
PROBE21FRAME gc=22 f=4 type=30 slot=8 info=0x8fe90ac bitmap_raw=0x00000004 size=4 bits=0x00000000
PROBE21FRAME gc=22 f=6 type=30 slot=15 info=0x8fe95b8 bitmap_raw=0x00000002 size=2 bits=0x00000000
PROBE21FRAME gc=22 f=8 type=30 slot=20 info=0x92464dc bitmap_raw=0x00000001 size=1 bits=0x00000000
PROBE21FRAME gc=22 f=10 type=30 slot=24 info=0x9039e84 bitmap_raw=0x00000001 size=1 bits=0x00000000
PROBE21FRAME gc=22 f=12 type=30 slot=28 info=0x92719ac bitmap_raw=0x00000083 size=3 bits=0x00000004
PROBE21BAD gc=22 f=12 type=30 slot=31 pay=2 val=0x0cbfb714 is_ptr=0 bd_gen=0 bd_flags=0x0 deref_ok=1 info=0x0db75089
PROBE21FRAME gc=22 f=15 type=30 slot=36 info=0x9180f8c bitmap_raw=0x00000062 size=2 bits=0x00000003
PROBE21BAD gc=22 f=15 type=30 slot=38 pay=1 val=0x0cbfbeb0 is_ptr=0 bd_gen=0 bd_flags=0x0 deref_ok=1 info=0x0db750a5
PROBE21FRAME gc=22 f=16 type=30 slot=39 info=0x903a38c bitmap_raw=0x00000002 size=2 bits=0x00000000
PROBE21FRAME gc=22 f=17 type=30 slot=42 info=0x92a3538 bitmap_raw=0x00000001 size=1 bits=0x00000000
PROBE21FRAME gc=22 f=18 type=30 slot=44 info=0x92a34d8 bitmap_raw=0x00000000 size=0 bits=0x00000000
PROBE21FRAME gc=22 f=19 type=30 slot=45 info=0x92462b8 bitmap_raw=0x00000042 size=2 bits=0x00000002
PROBE21BAD gc=22 f=19 type=30 slot=47 pay=1 val=0x0cbfbde0 is_ptr=0 bd_gen=0 bd_flags=0x0 deref_ok=1 info=0x092a2e04
PROBE21FRAME gc=22 f=20 type=30 slot=48 info=0x92463f0 bitmap_raw=0x00000001 size=1 bits=0x00000000
PROBE21FRAME gc=22 f=21 type=30 slot=50 info=0x92463f0 bitmap_raw=0x00000001 size=1 bits=0x00000000
PROBE21FRAME gc=22 f=22 type=30 slot=52 info=0x92463f0 bitmap_raw=0x00000001 size=1 bits=0x00000000
PROBE21FRAME gc=22 f=23 type=30 slot=54 info=0x92463f0 bitmap_raw=0x00000001 size=1 bits=0x00000000
PROBE21FRAME gc=22 f=24 type=30 slot=56 info=0x92463f0 bitmap_raw=0x00000001 size=1 bits=0x00000000
PROBE21FRAME gc=22 f=25 type=30 slot=58 info=0x92463f0 bitmap_raw=0x00000001 size=1 bits=0x00000000
PROBE21FRAME gc=22 f=26 type=30 slot=60 info=0x92463f0 bitmap_raw=0x00000001 size=1 bits=0x00000000
PROBE21FRAME gc=22 f=27 type=30 slot=62 info=0x92463f0 bitmap_raw=0x00000001 size=1 bits=0x00000000
PROBE21FRAME gc=22 f=28 type=30 slot=64 info=0x921765c bitmap_raw=0x00000000 size=0 bits=0x00000000
PROBE21FRAME gc=22 f=29 type=34 slot=65 info=0x92a27e8 bitmap_raw=0x00000022 size=2 bits=0x00000001
PROBE21FRAME gc=22 f=30 type=30 slot=68 info=0x92463f0 bitmap_raw=0x00000001 size=1 bits=0x00000000
PROBE21FRAME gc=22 f=31 type=30 slot=70 info=0x92463f0 bitmap_raw=0x00000001 size=1 bits=0x00000000
PROBE21FRAME gc=22 f=32 type=30 slot=72 info=0x92463f0 bitmap_raw=0x00000001 size=1 bits=0x00000000
PROBE21FRAME gc=22 f=33 type=30 slot=74 info=0x92463f0 bitmap_raw=0x00000001 size=1 bits=0x00000000
PROBE21FRAME gc=22 f=34 type=30 slot=76 info=0x92463f0 bitmap_raw=0x00000001 size=1 bits=0x00000000
PROBE21FRAME gc=22 f=35 type=30 slot=78 info=0x92463f0 bitmap_raw=0x00000001 size=1 bits=0x00000000
PROBE21FRAME gc=22 f=36 type=30 slot=80 info=0x92463f0 bitmap_raw=0x00000001 size=1 bits=0x00000000
PROBE21FRAME gc=22 f=37 type=30 slot=82 info=0x92462b8 bitmap_raw=0x00000042 size=2 bits=0x00000002
PROBE21BAD gc=22 f=37 type=30 slot=84 pay=1 val=0x0cb543d4 is_ptr=0 bd_gen=0 bd_flags=0x0 deref_ok=1 info=0x0cb543a5
PROBE21FRAME gc=22 f=38 type=30 slot=85 info=0x92463f0 bitmap_raw=0x00000001 size=1 bits=0x00000000
PROBE21FRAME gc=22 f=39 type=30 slot=87 info=0x92463f0 bitmap_raw=0x00000001 size=1 bits=0x00000000
PROBE21FRAME gc=22 f=40 type=30 slot=89 info=0x92463f0 bitmap_raw=0x00000001 size=1 bits=0x00000000
PROBE21FRAME gc=22 f=41 type=30 slot=91 info=0x92463f0 bitmap_raw=0x00000001 size=1 bits=0x00000000
PROBE21FRAME gc=22 f=42 type=30 slot=93 info=0x92463f0 bitmap_raw=0x00000001 size=1 bits=0x00000000
PROBE21FRAME gc=22 f=43 type=30 slot=95 info=0x92463f0 bitmap_raw=0x00000001 size=1 bits=0x00000000
PROBE21FRAME gc=22 f=44 type=30 slot=97 info=0x92463f0 bitmap_raw=0x00000001 size=1 bits=0x00000000
PROBE21FRAME gc=22 f=45 type=30 slot=99 info=0x92463f0 bitmap_raw=0x00000001 size=1 bits=0x00000000
PROBE21FRAME gc=22 f=46 type=30 slot=101 info=0x92463f0 bitmap_raw=0x00000001 size=1 bits=0x00000000
PROBE21FRAME gc=22 f=47 type=30 slot=103 info=0x924624c bitmap_raw=0x00000043 size=3 bits=0x00000002
PROBE21BAD gc=22 f=47 type=30 slot=105 pay=1 val=0x0cb2ef7c is_ptr=0 bd_gen=0 bd_flags=0x0 deref_ok=1 info=0x092a2e04
PROBE21FRAME gc=22 f=48 type=30 slot=107 info=0x92463f0 bitmap_raw=0x00000001 size=1 bits=0x00000000
PROBE21FRAME gc=22 f=49 type=34 slot=109 info=0x92a27e8 bitmap_raw=0x00000022 size=2 bits=0x00000001
PROBE21FRAME gc=22 f=50 type=30 slot=112 info=0x92463f0 bitmap_raw=0x00000001 size=1 bits=0x00000000
PROBE21FRAME gc=22 f=51 type=34 slot=114 info=0x92a27e8 bitmap_raw=0x00000022 size=2 bits=0x00000001
PROBE21FRAME gc=22 f=52 type=30 slot=117 info=0x92a27d0 bitmap_raw=0x00000000 size=0 bits=0x00000000
PROBE21FRAME gc=22 f=53 type=34 slot=118 info=0x92a27e8 bitmap_raw=0x00000022 size=2 bits=0x00000001
PROBE21FRAME gc=22 f=54 type=30 slot=121 info=0x9143d50 bitmap_raw=0x00000043 size=3 bits=0x00000002
PROBE21BAD gc=22 f=54 type=30 slot=123 pay=1 val=0x0cb51339 is_ptr=0 bd_gen=0 bd_flags=0x0 deref_ok=1 info=0x092a2e04
PROBE21FRAME gc=22 f=55 type=30 slot=125 info=0x92a27c4 bitmap_raw=0x00000000 size=0 bits=0x00000000
PROBE21FRAME gc=22 f=56 type=30 slot=126 info=0x92463f0 bitmap_raw=0x00000001 size=1 bits=0x00000000
PROBE21FRAME gc=22 f=57 type=30 slot=128 info=0x92a27d0 bitmap_raw=0x00000000 size=0 bits=0x00000000
PROBE21FRAME gc=22 f=58 type=34 slot=129 info=0x92a27e8 bitmap_raw=0x00000022 size=2 bits=0x00000001
PROBE21FRAME gc=22 f=59 type=30 slot=132 info=0x9143d50 bitmap_raw=0x00000043 size=3 bits=0x00000002
PROBE21BAD gc=22 f=59 type=30 slot=134 pay=1 val=0x0cb15ed1 is_ptr=0 bd_gen=0 bd_flags=0x0 deref_ok=1 info=0x092a2704
PROBE21FRAME gc=22 f=60 type=30 slot=136 info=0x92a27c4 bitmap_raw=0x00000000 size=0 bits=0x00000000
PROBE21FRAME gc=22 f=61 type=30 slot=137 info=0x92463f0 bitmap_raw=0x00000001 size=1 bits=0x00000000
PROBE21FRAME gc=22 f=62 type=34 slot=139 info=0x92a27e8 bitmap_raw=0x00000022 size=2 bits=0x00000001
PROBE21FRAME gc=22 f=63 type=34 slot=142 info=0x92a27e8 bitmap_raw=0x00000022 size=2 bits=0x00000001
PROBE21FRAME gc=22 f=64 type=34 slot=145 info=0x92a27e8 bitmap_raw=0x00000022 size=2 bits=0x00000001
PROBE21FRAME gc=22 f=65 type=36 slot=148 info=0x92a3148 bitmap_raw=0x00000000 size=0 bits=0x00000000
PROBE20BAD gc_no=23 slot=4 val=0x0cbfefe9 bd_gen=0 bd_flags=0x0
PROBE20BAD gc_no=23 slot=8 val=0x0cbfefe9 bd_gen=0 bd_flags=0x0
PROBE20BAD gc_no=23 slot=12 val=0x0db57e79 bd_gen=0 bd_flags=0x0
PROBE20BAD gc_no=23 slot=17 val=0x0db78b18 bd_gen=0 bd_flags=0x0
PROBE20BAD gc_no=23 slot=22 val=0x0cb4ad28 bd_gen=0 bd_flags=0x0
PROBE20BAD gc_no=23 slot=30 val=0x0cb4acc8 bd_gen=0 bd_flags=0x0
PROBE20BAD gc_no=23 slot=39 val=0x0cf13d3c bd_gen=0 bd_flags=0x0
PROBE20BAD gc_no=23 slot=45 val=0x0cb4a400 bd_gen=0 bd_flags=0x0
PROBE20BAD gc_no=23 slot=49 val=0x0cb4a865 bd_gen=0 bd_flags=0x0
PROBE20BAD gc_no=23 slot=53 val=0x0cb47d08 bd_gen=0 bd_flags=0x0
PROBE20BAD gc_no=23 slot=54 val=0x0cf13d08 bd_gen=0 bd_flags=0x0
PROBE20BAD gc_no=23 slot=80 val=0x0cb2ef7c bd_gen=0 bd_flags=0x0
PROBE20BAD gc_no=23 slot=98 val=0x0cb51339 bd_gen=0 bd_flags=0x0
PROBE20BAD gc_no=23 slot=109 val=0x0cb15ed1 bd_gen=0 bd_flags=0x0
PROBE20 gc_no=23 N=0 major=0 tso=0xd9e17d8 stk=0xcde1000 sp=0xcde8e10 end=0xcde9000 words=124 heap_ptr=58 evacd=44 g0=40 g1=18 other=0 rCurNurs=0xcb01fc0 rCurAlloc=0xcb01560 rCurTSO=0x0
PROBE21FRAME gc=23 f=0 type=30 slot=0 info=0x92a2830 bitmap_raw=0x00000001 size=1 bits=0x00000000
PROBE21FRAME gc=23 f=1 type=30 slot=2 info=0x90b5ea0 bitmap_raw=0x00000042 size=2 bits=0x00000002
PROBE21BAD gc=23 f=1 type=30 slot=4 pay=1 val=0x0cbfefe9 is_ptr=0 bd_gen=0 bd_flags=0x0 deref_ok=1 info=0x0db43001
PROBE21FRAME gc=23 f=2 type=30 slot=5 info=0x92719c4 bitmap_raw=0x00000083 size=3 bits=0x00000004
PROBE21BAD gc=23 f=2 type=30 slot=8 pay=2 val=0x0cbfefe9 is_ptr=0 bd_gen=0 bd_flags=0x0 deref_ok=1 info=0x0db43001
PROBE21FRAME gc=23 f=3 type=30 slot=9 info=0x92719c4 bitmap_raw=0x00000083 size=3 bits=0x00000004
PROBE21BAD gc=23 f=3 type=30 slot=12 pay=2 val=0x0db57e79 is_ptr=0 bd_gen=0 bd_flags=0x0 deref_ok=1 info=0x0db86ec5
PROBE21FRAME gc=23 f=5 type=30 slot=15 info=0x9180f8c bitmap_raw=0x00000062 size=2 bits=0x00000003
PROBE21BAD gc=23 f=5 type=30 slot=17 pay=1 val=0x0db78b18 is_ptr=0 bd_gen=0 bd_flags=0x0 deref_ok=1 info=0x0db6b9b1
PROBE21FRAME gc=23 f=7 type=30 slot=20 info=0x92389c4 bitmap_raw=0x00000042 size=2 bits=0x00000002
PROBE21BAD gc=23 f=7 type=30 slot=22 pay=1 val=0x0cb4ad28 is_ptr=0 bd_gen=0 bd_flags=0x0 deref_ok=1 info=0x0db43045
PROBE21FRAME gc=23 f=9 type=30 slot=25 info=0x923e570 bitmap_raw=0x00000000 size=0 bits=0x00000000
PROBE21FRAME gc=23 f=11 type=30 slot=28 info=0x90c3f24 bitmap_raw=0x00000042 size=2 bits=0x00000002
PROBE21BAD gc=23 f=11 type=30 slot=30 pay=1 val=0x0cb4acc8 is_ptr=0 bd_gen=0 bd_flags=0x0 deref_ok=1 info=0x0db43065
PROBE21FRAME gc=23 f=12 type=30 slot=31 info=0x92463fc bitmap_raw=0x00000001 size=1 bits=0x00000000
PROBE21FRAME gc=23 f=13 type=30 slot=33 info=0x92463fc bitmap_raw=0x00000001 size=1 bits=0x00000000
PROBE21FRAME gc=23 f=14 type=30 slot=35 info=0x90c6cb4 bitmap_raw=0x00000106 size=6 bits=0x00000008
PROBE21BAD gc=23 f=14 type=30 slot=39 pay=3 val=0x0cf13d3c is_ptr=0 bd_gen=0 bd_flags=0x0 deref_ok=1 info=0x092a2e04
PROBE21FRAME gc=23 f=15 type=30 slot=42 info=0x90c6f40 bitmap_raw=0x000008e7 size=7 bits=0x00000047
PROBE21BAD gc=23 f=15 type=30 slot=45 pay=2 val=0x0cb4a400 is_ptr=0 bd_gen=0 bd_flags=0x0 deref_ok=1 info=0x092a2e04
PROBE21BAD gc=23 f=15 type=30 slot=49 pay=6 val=0x0cb4a865 is_ptr=0 bd_gen=0 bd_flags=0x0 deref_ok=1 info=0x092a203c
PROBE21FRAME gc=23 f=16 type=30 slot=50 info=0x90c6cc0 bitmap_raw=0x00000185 size=5 bits=0x0000000c
PROBE21BAD gc=23 f=16 type=30 slot=53 pay=2 val=0x0cb47d08 is_ptr=0 bd_gen=0 bd_flags=0x0 deref_ok=1 info=0x092a2e04
PROBE21BAD gc=23 f=16 type=30 slot=54 pay=3 val=0x0cf13d08 is_ptr=0 bd_gen=0 bd_flags=0x0 deref_ok=1 info=0x092a2e04
PROBE21FRAME gc=23 f=17 type=30 slot=56 info=0x92463fc bitmap_raw=0x00000001 size=1 bits=0x00000000
PROBE21FRAME gc=23 f=18 type=30 slot=58 info=0x92463f0 bitmap_raw=0x00000001 size=1 bits=0x00000000
PROBE21FRAME gc=23 f=19 type=30 slot=60 info=0x92463f0 bitmap_raw=0x00000001 size=1 bits=0x00000000
PROBE21FRAME gc=23 f=20 type=30 slot=62 info=0x92463f0 bitmap_raw=0x00000001 size=1 bits=0x00000000
PROBE21FRAME gc=23 f=21 type=30 slot=64 info=0x92463f0 bitmap_raw=0x00000001 size=1 bits=0x00000000
PROBE21FRAME gc=23 f=22 type=30 slot=66 info=0x92463f0 bitmap_raw=0x00000001 size=1 bits=0x00000000
PROBE21FRAME gc=23 f=23 type=30 slot=68 info=0x92463f0 bitmap_raw=0x00000001 size=1 bits=0x00000000
PROBE21FRAME gc=23 f=24 type=30 slot=70 info=0x92463f0 bitmap_raw=0x00000001 size=1 bits=0x00000000
PROBE21FRAME gc=23 f=25 type=30 slot=72 info=0x92463f0 bitmap_raw=0x00000001 size=1 bits=0x00000000
PROBE21FRAME gc=23 f=26 type=30 slot=74 info=0x92463f0 bitmap_raw=0x00000001 size=1 bits=0x00000000
PROBE21FRAME gc=23 f=27 type=30 slot=76 info=0x92463f0 bitmap_raw=0x00000001 size=1 bits=0x00000000
PROBE21FRAME gc=23 f=28 type=30 slot=78 info=0x924624c bitmap_raw=0x00000043 size=3 bits=0x00000002
PROBE21BAD gc=23 f=28 type=30 slot=80 pay=1 val=0x0cb2ef7c is_ptr=0 bd_gen=0 bd_flags=0x0 deref_ok=1 info=0x0cb2ef5c
PROBE21FRAME gc=23 f=29 type=30 slot=82 info=0x92463f0 bitmap_raw=0x00000001 size=1 bits=0x00000000
PROBE21FRAME gc=23 f=30 type=34 slot=84 info=0x92a27e8 bitmap_raw=0x00000022 size=2 bits=0x00000001
PROBE21FRAME gc=23 f=31 type=30 slot=87 info=0x92463f0 bitmap_raw=0x00000001 size=1 bits=0x00000000
PROBE21FRAME gc=23 f=32 type=34 slot=89 info=0x92a27e8 bitmap_raw=0x00000022 size=2 bits=0x00000001
PROBE21FRAME gc=23 f=33 type=30 slot=92 info=0x92a27d0 bitmap_raw=0x00000000 size=0 bits=0x00000000
PROBE21FRAME gc=23 f=34 type=34 slot=93 info=0x92a27e8 bitmap_raw=0x00000022 size=2 bits=0x00000001
PROBE21FRAME gc=23 f=35 type=30 slot=96 info=0x9143d50 bitmap_raw=0x00000043 size=3 bits=0x00000002
PROBE21BAD gc=23 f=35 type=30 slot=98 pay=1 val=0x0cb51339 is_ptr=0 bd_gen=0 bd_flags=0x0 deref_ok=1 info=0x0dbdbbe9
PROBE21FRAME gc=23 f=36 type=30 slot=100 info=0x92a27c4 bitmap_raw=0x00000000 size=0 bits=0x00000000
PROBE21FRAME gc=23 f=37 type=30 slot=101 info=0x92463f0 bitmap_raw=0x00000001 size=1 bits=0x00000000
PROBE21FRAME gc=23 f=38 type=30 slot=103 info=0x92a27d0 bitmap_raw=0x00000000 size=0 bits=0x00000000
PROBE21FRAME gc=23 f=39 type=34 slot=104 info=0x92a27e8 bitmap_raw=0x00000022 size=2 bits=0x00000001
PROBE21FRAME gc=23 f=40 type=30 slot=107 info=0x9143d50 bitmap_raw=0x00000043 size=3 bits=0x00000002
PROBE21BAD gc=23 f=40 type=30 slot=109 pay=1 val=0x0cb15ed1 is_ptr=0 bd_gen=0 bd_flags=0x0 deref_ok=1 info=0x0cb16132
PROBE21FRAME gc=23 f=41 type=30 slot=111 info=0x92a27c4 bitmap_raw=0x00000000 size=0 bits=0x00000000
PROBE21FRAME gc=23 f=42 type=30 slot=112 info=0x92463f0 bitmap_raw=0x00000001 size=1 bits=0x00000000
PROBE21FRAME gc=23 f=43 type=34 slot=114 info=0x92a27e8 bitmap_raw=0x00000022 size=2 bits=0x00000001
PROBE21FRAME gc=23 f=44 type=34 slot=117 info=0x92a27e8 bitmap_raw=0x00000022 size=2 bits=0x00000001
PROBE21FRAME gc=23 f=45 type=34 slot=120 info=0x92a27e8 bitmap_raw=0x00000022 size=2 bits=0x00000001
PROBE21FRAME gc=23 f=46 type=36 slot=123 info=0x92a3148 bitmap_raw=0x00000000 size=0 bits=0x00000000
PROBE20BAD gc_no=24 slot=13 val=0x0cdd0ed8 bd_gen=0 bd_flags=0x0
PROBE20BAD gc_no=24 slot=14 val=0x0cdd0ecc bd_gen=0 bd_flags=0x0
PROBE20BAD gc_no=24 slot=29 val=0x0cdd0ced bd_gen=0 bd_flags=0x0
PROBE20BAD gc_no=24 slot=46 val=0x0cb2ef7c bd_gen=0 bd_flags=0x0
PROBE20BAD gc_no=24 slot=64 val=0x0cb51339 bd_gen=0 bd_flags=0x0
PROBE20BAD gc_no=24 slot=75 val=0x0cb15ed1 bd_gen=0 bd_flags=0x0
PROBE20 gc_no=24 N=0 major=0 tso=0xd9e17d8 stk=0xcde1000 sp=0xcde8e98 end=0xcde9000 words=90 heap_ptr=42 evacd=36 g0=25 g1=17 other=0 rCurNurs=0xce00ae0 rCurAlloc=0xcd01a20 rCurTSO=0x0
PROBE21FRAME gc=24 f=0 type=30 slot=0 info=0x92a2968 bitmap_raw=0x00000022 size=2 bits=0x00000001
PROBE21FRAME gc=24 f=1 type=30 slot=3 info=0x8e523b0 bitmap_raw=0x00000427 size=7 bits=0x00000021
PROBE21FRAME gc=24 f=2 type=30 slot=11 info=0x8e52580 bitmap_raw=0x000083cb size=11 bits=0x0000041e
PROBE21BAD gc=24 f=2 type=30 slot=13 pay=1 val=0x0cdd0ed8 is_ptr=0 bd_gen=0 bd_flags=0x0 deref_ok=1 info=0x0cc2ab61
PROBE21BAD gc=24 f=2 type=30 slot=14 pay=2 val=0x0cdd0ecc is_ptr=0 bd_gen=0 bd_flags=0x0 deref_ok=1 info=0x0cc2ab69
PROBE21FRAME gc=24 f=3 type=30 slot=23 info=0x8e526fc bitmap_raw=0x00000608 size=8 bits=0x00000030
PROBE21BAD gc=24 f=3 type=30 slot=29 pay=5 val=0x0cdd0ced is_ptr=0 bd_gen=0 bd_flags=0x0 deref_ok=1 info=0x0cecb061
PROBE21FRAME gc=24 f=4 type=30 slot=32 info=0x92463f0 bitmap_raw=0x00000001 size=1 bits=0x00000000
PROBE21FRAME gc=24 f=5 type=30 slot=34 info=0x92463f0 bitmap_raw=0x00000001 size=1 bits=0x00000000
PROBE21FRAME gc=24 f=6 type=30 slot=36 info=0x92463f0 bitmap_raw=0x00000001 size=1 bits=0x00000000
PROBE21FRAME gc=24 f=7 type=30 slot=38 info=0x92463f0 bitmap_raw=0x00000001 size=1 bits=0x00000000
PROBE21FRAME gc=24 f=8 type=30 slot=40 info=0x92463f0 bitmap_raw=0x00000001 size=1 bits=0x00000000
PROBE21FRAME gc=24 f=9 type=30 slot=42 info=0x92463f0 bitmap_raw=0x00000001 size=1 bits=0x00000000
PROBE21FRAME gc=24 f=10 type=30 slot=44 info=0x924624c bitmap_raw=0x00000043 size=3 bits=0x00000002
PROBE21BAD gc=24 f=10 type=30 slot=46 pay=1 val=0x0cb2ef7c is_ptr=0 bd_gen=0 bd_flags=0x0 deref_ok=1 info=0x0cb2ef5c
PROBE21FRAME gc=24 f=11 type=30 slot=48 info=0x92463f0 bitmap_raw=0x00000001 size=1 bits=0x00000000
PROBE21FRAME gc=24 f=12 type=34 slot=50 info=0x92a27e8 bitmap_raw=0x00000022 size=2 bits=0x00000001
PROBE21FRAME gc=24 f=13 type=30 slot=53 info=0x92463f0 bitmap_raw=0x00000001 size=1 bits=0x00000000
PROBE21FRAME gc=24 f=14 type=34 slot=55 info=0x92a27e8 bitmap_raw=0x00000022 size=2 bits=0x00000001
PROBE21FRAME gc=24 f=15 type=30 slot=58 info=0x92a27d0 bitmap_raw=0x00000000 size=0 bits=0x00000000
PROBE21FRAME gc=24 f=16 type=34 slot=59 info=0x92a27e8 bitmap_raw=0x00000022 size=2 bits=0x00000001
PROBE21FRAME gc=24 f=17 type=30 slot=62 info=0x9143d50 bitmap_raw=0x00000043 size=3 bits=0x00000002
PROBE21BAD gc=24 f=17 type=30 slot=64 pay=1 val=0x0cb51339 is_ptr=0 bd_gen=0 bd_flags=0x0 deref_ok=1 info=0x0dbdbbe9
PROBE21FRAME gc=24 f=18 type=30 slot=66 info=0x92a27c4 bitmap_raw=0x00000000 size=0 bits=0x00000000
PROBE21FRAME gc=24 f=19 type=30 slot=67 info=0x92463f0 bitmap_raw=0x00000001 size=1 bits=0x00000000
PROBE21FRAME gc=24 f=20 type=30 slot=69 info=0x92a27d0 bitmap_raw=0x00000000 size=0 bits=0x00000000
PROBE21FRAME gc=24 f=21 type=34 slot=70 info=0x92a27e8 bitmap_raw=0x00000022 size=2 bits=0x00000001
PROBE21FRAME gc=24 f=22 type=30 slot=73 info=0x9143d50 bitmap_raw=0x00000043 size=3 bits=0x00000002
PROBE21BAD gc=24 f=22 type=30 slot=75 pay=1 val=0x0cb15ed1 is_ptr=0 bd_gen=0 bd_flags=0x0 deref_ok=1 info=0x0cb16132
PROBE21FRAME gc=24 f=23 type=30 slot=77 info=0x92a27c4 bitmap_raw=0x00000000 size=0 bits=0x00000000
PROBE21FRAME gc=24 f=24 type=30 slot=78 info=0x92463f0 bitmap_raw=0x00000001 size=1 bits=0x00000000
PROBE21FRAME gc=24 f=25 type=34 slot=80 info=0x92a27e8 bitmap_raw=0x00000022 size=2 bits=0x00000001
PROBE21FRAME gc=24 f=26 type=34 slot=83 info=0x92a27e8 bitmap_raw=0x00000022 size=2 bits=0x00000001
PROBE21FRAME gc=24 f=27 type=34 slot=86 info=0x92a27e8 bitmap_raw=0x00000022 size=2 bits=0x00000001
PROBE21FRAME gc=24 f=28 type=36 slot=89 info=0x92a3148 bitmap_raw=0x00000000 size=0 bits=0x00000000
PROBE20 gc_no=25 N=1 major=1 tso=0x962e890 stk=0x0 sp=0x0 end=0x0 words=0 heap_ptr=0 evacd=0 g0=0 g1=0 other=0 rCurNurs=0xcb00c80 rCurAlloc=0xcb01d80 rCurTSO=0x0
----- M5.o size -----
-rw-r--r--   1 macuser  wheel  356 May 10 01:36 M5.o
----- M5.o symbols -----
